
---- [[ subiquity step initial ]] ----
curtin: Installation started. (24.0.0-41-g8bc0121d6)
curtin: Installation finished.

---- [[ subiquity step partitioning ]] ----
curtin: Installation started. (24.0.0-41-g8bc0121d6)
start: cmd-install/stage-partitioning/builtin/cmd-block-meta: curtin command block-meta
get_path_to_storage_volume for volume disk0({'ptable': 'gpt', 'serial': 'OCZ-AGILITY3_OCZ-DM2287ZA59Z7J3UJ', 'path': '/dev/sdc', 'wipe': 'superblock-recursive', 'preserve': False, 'name': '', 'grub_device': True, 'id': 'disk0', 'type': 'disk'})
Processing serial OCZ-AGILITY3_OCZ-DM2287ZA59Z7J3UJ via udev to OCZ-AGILITY3_OCZ-DM2287ZA59Z7J3UJ
lookup_disks found: ['ata-OCZ-AGILITY3_OCZ-DM2287ZA59Z7J3UJ', 'ata-OCZ-AGILITY3_OCZ-DM2287ZA59Z7J3UJ-part1', 'ata-OCZ-AGILITY3_OCZ-DM2287ZA59Z7J3UJ-part2', 'ata-OCZ-AGILITY3_OCZ-DM2287ZA59Z7J3UJ-part3', 'ata-OCZ-AGILITY3_OCZ-DM2287ZA59Z7J3UJ-part4', 'scsi-0ATA_OCZ-AGILITY3_OCZ-DM2287ZA59Z7J3UJ', 'scsi-SATA_OCZ-AGILITY3_OCZ-DM2287ZA59Z7J3UJ', 'scsi-1ATA_OCZ-AGILITY3_OCZ-DM2287ZA59Z7J3UJ', 'scsi-SATA_OCZ-AGILITY3_OCZ-DM2287ZA59Z7J3UJ-part1', 'scsi-1ATA_OCZ-AGILITY3_OCZ-DM2287ZA59Z7J3UJ-part1', 'scsi-0ATA_OCZ-AGILITY3_OCZ-DM2287ZA59Z7J3UJ-part1', 'scsi-1ATA_OCZ-AGILITY3_OCZ-DM2287ZA59Z7J3UJ-part3', 'scsi-SATA_OCZ-AGILITY3_OCZ-DM2287ZA59Z7J3UJ-part2', 'scsi-1ATA_OCZ-AGILITY3_OCZ-DM2287ZA59Z7J3UJ-part2', 'scsi-0ATA_OCZ-AGILITY3_OCZ-DM2287ZA59Z7J3UJ-part3', 'scsi-0ATA_OCZ-AGILITY3_OCZ-DM2287ZA59Z7J3UJ-part2', 'scsi-SATA_OCZ-AGILITY3_OCZ-DM2287ZA59Z7J3UJ-part3', 'scsi-0ATA_OCZ-AGILITY3_OCZ-DM2287ZA59Z7J3UJ-part4', 'scsi-1ATA_OCZ-AGILITY3_OCZ-DM2287ZA59Z7J3UJ-part4', 'scsi-SATA_OCZ-AGILITY3_OCZ-DM2287ZA59Z7J3UJ-part4']
Running command ['udevadm', 'info', '--query=property', '--export', '/dev/sdc'] with allowed return codes [0] (capture=True)
/dev/sdc is multipath device? False
Running command ['udevadm', 'info', '--query=property', '--export', '/dev/sdc'] with allowed return codes [0] (capture=True)
/dev/sdc is multipath device member? False
block.lookup_disk() returning path /dev/sdc
Running command ['partprobe', '/dev/sdc'] with allowed return codes [0, 1] (capture=False)
Running command ['udevadm', 'settle'] with allowed return codes [0] (capture=False)
TIMED udevadm_settle(): 0.036
devsync happy - path /dev/sdc now exists
return volume path /dev/sdc
block-meta: extracted devices to clear: ['/dev/sdc']
Declared block devices: ['/dev/sdc']
clearing devices=['/dev/sdc']
start: cmd-install/stage-partitioning/builtin/cmd-block-meta/clear-holders: removing previous storage devices
Running command ['mdadm', '--assemble', '--scan', '-v'] with allowed return codes [0, 1, 2] (capture=True)
mdadm assemble scan results:

mdadm: looking for devices for further assembly
mdadm: no recogniseable superblock on /dev/loop8
mdadm: no recogniseable superblock on /dev/sde1
mdadm: Cannot assemble mbr metadata on /dev/sde
mdadm: no recogniseable superblock on /dev/sdf4
mdadm: no recogniseable superblock on /dev/sdf3
mdadm: Cannot assemble mbr metadata on /dev/sdf2
mdadm: no recogniseable superblock on /dev/sdf1
mdadm: Cannot assemble mbr metadata on /dev/sdf
mdadm: no recogniseable superblock on /dev/sdd1
mdadm: Cannot assemble mbr metadata on /dev/sdd
mdadm: Cannot assemble mbr metadata on /dev/sdb1
mdadm: Cannot assemble mbr metadata on /dev/sdb
mdadm: no recogniseable superblock on /dev/sdc4
mdadm: no recogniseable superblock on /dev/sdc3
mdadm: Cannot assemble mbr metadata on /dev/sdc2
mdadm: no recogniseable superblock on /dev/sdc1
mdadm: Cannot assemble mbr metadata on /dev/sdc
mdadm: no recogniseable superblock on /dev/sda4
mdadm: no recogniseable superblock on /dev/sda3
mdadm: Cannot assemble mbr metadata on /dev/sda2
mdadm: no recogniseable superblock on /dev/sda1
mdadm: Cannot assemble mbr metadata on /dev/sda
mdadm: no recogniseable superblock on /dev/loop7
mdadm: no recogniseable superblock on /dev/loop6
mdadm: no recogniseable superblock on /dev/loop5
mdadm: no recogniseable superblock on /dev/loop4
mdadm: no recogniseable superblock on /dev/loop3
mdadm: no recogniseable superblock on /dev/loop2
mdadm: no recogniseable superblock on /dev/loop1
mdadm: no recogniseable superblock on /dev/loop0
mdadm: No arrays found in config file or automatically

Running command ['mdadm', '--detail', '--scan', '-v'] with allowed return codes [0, 1] (capture=True)
mdadm detail scan after assemble:


Running command ['udevadm', 'settle'] with allowed return codes [0] (capture=False)
TIMED udevadm_settle(): 0.010
Detected multipath support, reload maps
Running command ['multipath', '-r'] with allowed return codes [0] (capture=False)
Verifying /dev/mapper/mpath* files are symlinks
Running command ['dmsetup', 'ls', '-o', 'blkdevname'] with allowed return codes [0] (capture=True)
Running command ['pvscan', '--config', 'devices{ filter = [ "a|/dev/mapper/mpath.*|", "a|/dev/mapper/dm_crypt-.*|", "r|.*|" ] }'] with allowed return codes [0] (capture=True)
Running command ['vgscan', '--config', 'devices{ filter = [ "a|/dev/mapper/mpath.*|", "a|/dev/mapper/dm_crypt-.*|", "r|.*|" ] }'] with allowed return codes [0] (capture=True)
Running command ['vgchange', '--activate=y', '--config', 'devices{ filter = [ "a|/dev/mapper/mpath.*|", "a|/dev/mapper/dm_crypt-.*|", "r|.*|" ] }'] with allowed return codes [0] (capture=True)
Running command ['udevadm', 'settle'] with allowed return codes [0] (capture=False)
TIMED udevadm_settle(): 0.006
Loading kernel module bcache via modprobe
Running command ['modprobe', '--use-blacklist', 'bcache'] with allowed return codes [0] (capture=False)
Loading kernel module zfs via modprobe
Running command ['modprobe', '--use-blacklist', 'zfs'] with allowed return codes [0] (capture=False)
zfs filesystem is not supported in this environment
Generating device storage trees for path(s): ['/dev/sdc']
devname '/sys/class/block/sdc' had holders: []
/dev/sdc is multipath device partition? False
/dev/sdc is multipath device partition? False
/dev/sdc is multipath device partition? False
devname '/sys/class/block/sdc2' had holders: []
devname '/sys/class/block/sdc3' had holders: []
devname '/sys/class/block/sdc1' had holders: []
devname '/sys/class/block/sdc4' had holders: []
Current device storage tree:
sdc
|-- sdc2
|-- sdc3
|-- sdc1
`-- sdc4
Shutdown Plan:
{'level': 2, 'device': '/sys/class/block/sdc2', 'dev_type': 'partition'}
{'level': 2, 'device': '/sys/class/block/sdc3', 'dev_type': 'partition'}
{'level': 2, 'device': '/sys/class/block/sdc1', 'dev_type': 'partition'}
{'level': 2, 'device': '/sys/class/block/sdc4', 'dev_type': 'partition'}
{'level': 1, 'device': '/sys/class/block/sdc', 'dev_type': 'disk'}
shutdown running on holder type: 'partition' syspath: '/sys/class/block/sdc2'
Running command ['lsblk', '--noheadings', '--bytes', '--pairs', '--output=ALIGNMENT,DISC-ALN,DISC-GRAN,DISC-MAX,DISC-ZERO,FSTYPE,GROUP,KNAME,LABEL,LOG-SEC,MAJ:MIN,MIN-IO,MODE,MODEL,MOUNTPOINT,NAME,OPT-IO,OWNER,PHY-SEC,RM,RO,ROTA,RQ-SIZE,SIZE,STATE,TYPE,UUID', '/dev/sdc'] with allowed return codes [0] (capture=True)
get_blockdev_sector_size: info:
{
 "sdc": {
  "ALIGNMENT": "0",
  "DISC-ALN": "0",
  "DISC-GRAN": "512",
  "DISC-MAX": "2147450880",
  "DISC-ZERO": "0",
  "FSTYPE": "",
  "GROUP": "disk",
  "KNAME": "sdc",
  "LABEL": "",
  "LOG-SEC": "512",
  "MAJ:MIN": "8:32",
  "MIN-IO": "512",
  "MODE": "brw-rw----",
  "MODEL": "OCZ-AGILITY3",
  "MOUNTPOINT": "",
  "NAME": "sdc",
  "OPT-IO": "0",
  "OWNER": "root",
  "PHY-SEC": "512",
  "RM": "0",
  "RO": "0",
  "ROTA": "0",
  "RQ-SIZE": "64",
  "SIZE": "120034123776",
  "STATE": "running",
  "TYPE": "disk",
  "UUID": "",
  "device_path": "/dev/sdc"
 },
 "sdc1": {
  "ALIGNMENT": "0",
  "DISC-ALN": "0",
  "DISC-GRAN": "512",
  "DISC-MAX": "2147450880",
  "DISC-ZERO": "0",
  "FSTYPE": "",
  "GROUP": "disk",
  "KNAME": "sdc1",
  "LABEL": "",
  "LOG-SEC": "512",
  "MAJ:MIN": "8:33",
  "MIN-IO": "512",
  "MODE": "brw-rw----",
  "MODEL": "",
  "MOUNTPOINT": "",
  "NAME": "sdc1",
  "OPT-IO": "0",
  "OWNER": "root",
  "PHY-SEC": "512",
  "RM": "0",
  "RO": "0",
  "ROTA": "0",
  "RQ-SIZE": "64",
  "SIZE": "1048576",
  "STATE": "",
  "TYPE": "part",
  "UUID": "",
  "device_path": "/dev/sdc1"
 },
 "sdc2": {
  "ALIGNMENT": "0",
  "DISC-ALN": "0",
  "DISC-GRAN": "512",
  "DISC-MAX": "2147450880",
  "DISC-ZERO": "0",
  "FSTYPE": "vfat",
  "GROUP": "disk",
  "KNAME": "sdc2",
  "LABEL": "",
  "LOG-SEC": "512",
  "MAJ:MIN": "8:34",
  "MIN-IO": "512",
  "MODE": "brw-rw----",
  "MODEL": "",
  "MOUNTPOINT": "",
  "NAME": "sdc2",
  "OPT-IO": "0",
  "OWNER": "root",
  "PHY-SEC": "512",
  "RM": "0",
  "RO": "0",
  "ROTA": "0",
  "RQ-SIZE": "64",
  "SIZE": "536870912",
  "STATE": "",
  "TYPE": "part",
  "UUID": "8880-F09B",
  "device_path": "/dev/sdc2"
 },
 "sdc3": {
  "ALIGNMENT": "0",
  "DISC-ALN": "0",
  "DISC-GRAN": "512",
  "DISC-MAX": "2147450880",
  "DISC-ZERO": "0",
  "FSTYPE": "ext4",
  "GROUP": "disk",
  "KNAME": "sdc3",
  "LABEL": "",
  "LOG-SEC": "512",
  "MAJ:MIN": "8:35",
  "MIN-IO": "512",
  "MODE": "brw-rw----",
  "MODEL": "",
  "MOUNTPOINT": "",
  "NAME": "sdc3",
  "OPT-IO": "0",
  "OWNER": "root",
  "PHY-SEC": "512",
  "RM": "0",
  "RO": "0",
  "ROTA": "0",
  "RQ-SIZE": "64",
  "SIZE": "1073741824",
  "STATE": "",
  "TYPE": "part",
  "UUID": "32efbb46-a8a6-42ef-99cc-0e628c1e8bbc",
  "device_path": "/dev/sdc3"
 },
 "sdc4": {
  "ALIGNMENT": "0",
  "DISC-ALN": "0",
  "DISC-GRAN": "512",
  "DISC-MAX": "2147450880",
  "DISC-ZERO": "0",
  "FSTYPE": "ext4",
  "GROUP": "disk",
  "KNAME": "sdc4",
  "LABEL": "",
  "LOG-SEC": "512",
  "MAJ:MIN": "8:36",
  "MIN-IO": "512",
  "MODE": "brw-rw----",
  "MODEL": "",
  "MOUNTPOINT": "",
  "NAME": "sdc4",
  "OPT-IO": "0",
  "OWNER": "root",
  "PHY-SEC": "512",
  "RM": "0",
  "RO": "0",
  "ROTA": "0",
  "RQ-SIZE": "64",
  "SIZE": "118419881984",
  "STATE": "",
  "TYPE": "part",
  "UUID": "3e1febb6-a4bc-458b-8bf7-23ed1e6c8d2c",
  "device_path": "/dev/sdc4"
 }
}
get_blockdev_sector_size: (log=512, phys=512)
Checking if /dev/sdc2 is a swap device
Found swap magic: b'\x00\x00\x00\x00\x00\x00\x00\x00U\xaa'
Running command ['udevadm', 'info', '--query=property', '--export', '/dev/sdc2'] with allowed return codes [0] (capture=True)
/dev/sdc2 is multipath device? False
Running command ['udevadm', 'info', '--query=property', '--export', '/dev/sdc2'] with allowed return codes [0] (capture=True)
/dev/sdc2 is multipath device member? False
wiping superblock on /dev/sdc2
wiping /dev/sdc2 attempt 1/4
Running command ['wipefs', '--all', '--force', '/dev/sdc2'] with allowed return codes [0] (capture=False)
/dev/sdc2: 8 bytes were erased at offset 0x00000052 (vfat): 46 41 54 33 32 20 20 20
/dev/sdc2: 1 byte was erased at offset 0x00000000 (vfat): eb
/dev/sdc2: 2 bytes were erased at offset 0x000001fe (vfat): 55 aa
wiping 1M on /dev/sdc2 at offsets [0, -1048576]
successfully wiped device /dev/sdc2 on attempt 1/4
shutdown running on holder type: 'partition' syspath: '/sys/class/block/sdc3'
Running command ['lsblk', '--noheadings', '--bytes', '--pairs', '--output=ALIGNMENT,DISC-ALN,DISC-GRAN,DISC-MAX,DISC-ZERO,FSTYPE,GROUP,KNAME,LABEL,LOG-SEC,MAJ:MIN,MIN-IO,MODE,MODEL,MOUNTPOINT,NAME,OPT-IO,OWNER,PHY-SEC,RM,RO,ROTA,RQ-SIZE,SIZE,STATE,TYPE,UUID', '/dev/sdc'] with allowed return codes [0] (capture=True)
get_blockdev_sector_size: info:
{
 "sdc": {
  "ALIGNMENT": "0",
  "DISC-ALN": "0",
  "DISC-GRAN": "512",
  "DISC-MAX": "2147450880",
  "DISC-ZERO": "0",
  "FSTYPE": "",
  "GROUP": "disk",
  "KNAME": "sdc",
  "LABEL": "",
  "LOG-SEC": "512",
  "MAJ:MIN": "8:32",
  "MIN-IO": "512",
  "MODE": "brw-rw----",
  "MODEL": "OCZ-AGILITY3",
  "MOUNTPOINT": "",
  "NAME": "sdc",
  "OPT-IO": "0",
  "OWNER": "root",
  "PHY-SEC": "512",
  "RM": "0",
  "RO": "0",
  "ROTA": "0",
  "RQ-SIZE": "64",
  "SIZE": "120034123776",
  "STATE": "running",
  "TYPE": "disk",
  "UUID": "",
  "device_path": "/dev/sdc"
 },
 "sdc1": {
  "ALIGNMENT": "0",
  "DISC-ALN": "0",
  "DISC-GRAN": "512",
  "DISC-MAX": "2147450880",
  "DISC-ZERO": "0",
  "FSTYPE": "",
  "GROUP": "disk",
  "KNAME": "sdc1",
  "LABEL": "",
  "LOG-SEC": "512",
  "MAJ:MIN": "8:33",
  "MIN-IO": "512",
  "MODE": "brw-rw----",
  "MODEL": "",
  "MOUNTPOINT": "",
  "NAME": "sdc1",
  "OPT-IO": "0",
  "OWNER": "root",
  "PHY-SEC": "512",
  "RM": "0",
  "RO": "0",
  "ROTA": "0",
  "RQ-SIZE": "64",
  "SIZE": "1048576",
  "STATE": "",
  "TYPE": "part",
  "UUID": "",
  "device_path": "/dev/sdc1"
 },
 "sdc2": {
  "ALIGNMENT": "0",
  "DISC-ALN": "0",
  "DISC-GRAN": "512",
  "DISC-MAX": "2147450880",
  "DISC-ZERO": "0",
  "FSTYPE": "vfat",
  "GROUP": "disk",
  "KNAME": "sdc2",
  "LABEL": "",
  "LOG-SEC": "512",
  "MAJ:MIN": "8:34",
  "MIN-IO": "512",
  "MODE": "brw-rw----",
  "MODEL": "",
  "MOUNTPOINT": "",
  "NAME": "sdc2",
  "OPT-IO": "0",
  "OWNER": "root",
  "PHY-SEC": "512",
  "RM": "0",
  "RO": "0",
  "ROTA": "0",
  "RQ-SIZE": "64",
  "SIZE": "536870912",
  "STATE": "",
  "TYPE": "part",
  "UUID": "8880-F09B",
  "device_path": "/dev/sdc2"
 },
 "sdc3": {
  "ALIGNMENT": "0",
  "DISC-ALN": "0",
  "DISC-GRAN": "512",
  "DISC-MAX": "2147450880",
  "DISC-ZERO": "0",
  "FSTYPE": "ext4",
  "GROUP": "disk",
  "KNAME": "sdc3",
  "LABEL": "",
  "LOG-SEC": "512",
  "MAJ:MIN": "8:35",
  "MIN-IO": "512",
  "MODE": "brw-rw----",
  "MODEL": "",
  "MOUNTPOINT": "",
  "NAME": "sdc3",
  "OPT-IO": "0",
  "OWNER": "root",
  "PHY-SEC": "512",
  "RM": "0",
  "RO": "0",
  "ROTA": "0",
  "RQ-SIZE": "64",
  "SIZE": "1073741824",
  "STATE": "",
  "TYPE": "part",
  "UUID": "32efbb46-a8a6-42ef-99cc-0e628c1e8bbc",
  "device_path": "/dev/sdc3"
 },
 "sdc4": {
  "ALIGNMENT": "0",
  "DISC-ALN": "0",
  "DISC-GRAN": "512",
  "DISC-MAX": "2147450880",
  "DISC-ZERO": "0",
  "FSTYPE": "ext4",
  "GROUP": "disk",
  "KNAME": "sdc4",
  "LABEL": "",
  "LOG-SEC": "512",
  "MAJ:MIN": "8:36",
  "MIN-IO": "512",
  "MODE": "brw-rw----",
  "MODEL": "",
  "MOUNTPOINT": "",
  "NAME": "sdc4",
  "OPT-IO": "0",
  "OWNER": "root",
  "PHY-SEC": "512",
  "RM": "0",
  "RO": "0",
  "ROTA": "0",
  "RQ-SIZE": "64",
  "SIZE": "118419881984",
  "STATE": "",
  "TYPE": "part",
  "UUID": "3e1febb6-a4bc-458b-8bf7-23ed1e6c8d2c",
  "device_path": "/dev/sdc4"
 }
}
get_blockdev_sector_size: (log=512, phys=512)
Checking if /dev/sdc3 is a swap device
Found swap magic: b'\x00\x00\x00\x00\x00\x00\x00\x00\x00\x00'
Running command ['udevadm', 'info', '--query=property', '--export', '/dev/sdc3'] with allowed return codes [0] (capture=True)
/dev/sdc3 is multipath device? False
Running command ['udevadm', 'info', '--query=property', '--export', '/dev/sdc3'] with allowed return codes [0] (capture=True)
/dev/sdc3 is multipath device member? False
wiping superblock on /dev/sdc3
wiping /dev/sdc3 attempt 1/4
Running command ['wipefs', '--all', '--force', '/dev/sdc3'] with allowed return codes [0] (capture=False)
/dev/sdc3: 2 bytes were erased at offset 0x00000438 (ext4): 53 ef
wiping 1M on /dev/sdc3 at offsets [0, -1048576]
successfully wiped device /dev/sdc3 on attempt 1/4
shutdown running on holder type: 'partition' syspath: '/sys/class/block/sdc1'
Running command ['lsblk', '--noheadings', '--bytes', '--pairs', '--output=ALIGNMENT,DISC-ALN,DISC-GRAN,DISC-MAX,DISC-ZERO,FSTYPE,GROUP,KNAME,LABEL,LOG-SEC,MAJ:MIN,MIN-IO,MODE,MODEL,MOUNTPOINT,NAME,OPT-IO,OWNER,PHY-SEC,RM,RO,ROTA,RQ-SIZE,SIZE,STATE,TYPE,UUID', '/dev/sdc'] with allowed return codes [0] (capture=True)
get_blockdev_sector_size: info:
{
 "sdc": {
  "ALIGNMENT": "0",
  "DISC-ALN": "0",
  "DISC-GRAN": "512",
  "DISC-MAX": "2147450880",
  "DISC-ZERO": "0",
  "FSTYPE": "",
  "GROUP": "disk",
  "KNAME": "sdc",
  "LABEL": "",
  "LOG-SEC": "512",
  "MAJ:MIN": "8:32",
  "MIN-IO": "512",
  "MODE": "brw-rw----",
  "MODEL": "OCZ-AGILITY3",
  "MOUNTPOINT": "",
  "NAME": "sdc",
  "OPT-IO": "0",
  "OWNER": "root",
  "PHY-SEC": "512",
  "RM": "0",
  "RO": "0",
  "ROTA": "0",
  "RQ-SIZE": "64",
  "SIZE": "120034123776",
  "STATE": "running",
  "TYPE": "disk",
  "UUID": "",
  "device_path": "/dev/sdc"
 },
 "sdc1": {
  "ALIGNMENT": "0",
  "DISC-ALN": "0",
  "DISC-GRAN": "512",
  "DISC-MAX": "2147450880",
  "DISC-ZERO": "0",
  "FSTYPE": "",
  "GROUP": "disk",
  "KNAME": "sdc1",
  "LABEL": "",
  "LOG-SEC": "512",
  "MAJ:MIN": "8:33",
  "MIN-IO": "512",
  "MODE": "brw-rw----",
  "MODEL": "",
  "MOUNTPOINT": "",
  "NAME": "sdc1",
  "OPT-IO": "0",
  "OWNER": "root",
  "PHY-SEC": "512",
  "RM": "0",
  "RO": "0",
  "ROTA": "0",
  "RQ-SIZE": "64",
  "SIZE": "1048576",
  "STATE": "",
  "TYPE": "part",
  "UUID": "",
  "device_path": "/dev/sdc1"
 },
 "sdc2": {
  "ALIGNMENT": "0",
  "DISC-ALN": "0",
  "DISC-GRAN": "512",
  "DISC-MAX": "2147450880",
  "DISC-ZERO": "0",
  "FSTYPE": "",
  "GROUP": "disk",
  "KNAME": "sdc2",
  "LABEL": "",
  "LOG-SEC": "512",
  "MAJ:MIN": "8:34",
  "MIN-IO": "512",
  "MODE": "brw-rw----",
  "MODEL": "",
  "MOUNTPOINT": "",
  "NAME": "sdc2",
  "OPT-IO": "0",
  "OWNER": "root",
  "PHY-SEC": "512",
  "RM": "0",
  "RO": "0",
  "ROTA": "0",
  "RQ-SIZE": "64",
  "SIZE": "536870912",
  "STATE": "",
  "TYPE": "part",
  "UUID": "",
  "device_path": "/dev/sdc2"
 },
 "sdc3": {
  "ALIGNMENT": "0",
  "DISC-ALN": "0",
  "DISC-GRAN": "512",
  "DISC-MAX": "2147450880",
  "DISC-ZERO": "0",
  "FSTYPE": "ext4",
  "GROUP": "disk",
  "KNAME": "sdc3",
  "LABEL": "",
  "LOG-SEC": "512",
  "MAJ:MIN": "8:35",
  "MIN-IO": "512",
  "MODE": "brw-rw----",
  "MODEL": "",
  "MOUNTPOINT": "",
  "NAME": "sdc3",
  "OPT-IO": "0",
  "OWNER": "root",
  "PHY-SEC": "512",
  "RM": "0",
  "RO": "0",
  "ROTA": "0",
  "RQ-SIZE": "64",
  "SIZE": "1073741824",
  "STATE": "",
  "TYPE": "part",
  "UUID": "32efbb46-a8a6-42ef-99cc-0e628c1e8bbc",
  "device_path": "/dev/sdc3"
 },
 "sdc4": {
  "ALIGNMENT": "0",
  "DISC-ALN": "0",
  "DISC-GRAN": "512",
  "DISC-MAX": "2147450880",
  "DISC-ZERO": "0",
  "FSTYPE": "ext4",
  "GROUP": "disk",
  "KNAME": "sdc4",
  "LABEL": "",
  "LOG-SEC": "512",
  "MAJ:MIN": "8:36",
  "MIN-IO": "512",
  "MODE": "brw-rw----",
  "MODEL": "",
  "MOUNTPOINT": "",
  "NAME": "sdc4",
  "OPT-IO": "0",
  "OWNER": "root",
  "PHY-SEC": "512",
  "RM": "0",
  "RO": "0",
  "ROTA": "0",
  "RQ-SIZE": "64",
  "SIZE": "118419881984",
  "STATE": "",
  "TYPE": "part",
  "UUID": "3e1febb6-a4bc-458b-8bf7-23ed1e6c8d2c",
  "device_path": "/dev/sdc4"
 }
}
get_blockdev_sector_size: (log=512, phys=512)
Checking if /dev/sdc1 is a swap device
Found swap magic: b'\x00\x00\x00\x00\x00\x00\x00\x00\x00\x00'
Running command ['udevadm', 'info', '--query=property', '--export', '/dev/sdc1'] with allowed return codes [0] (capture=True)
/dev/sdc1 is multipath device? False
Running command ['udevadm', 'info', '--query=property', '--export', '/dev/sdc1'] with allowed return codes [0] (capture=True)
/dev/sdc1 is multipath device member? False
wiping superblock on /dev/sdc1
wiping /dev/sdc1 attempt 1/4
Running command ['wipefs', '--all', '--force', '/dev/sdc1'] with allowed return codes [0] (capture=False)
wiping 1M on /dev/sdc1 at offsets [0, -1048576]
successfully wiped device /dev/sdc1 on attempt 1/4
shutdown running on holder type: 'partition' syspath: '/sys/class/block/sdc4'
Running command ['lsblk', '--noheadings', '--bytes', '--pairs', '--output=ALIGNMENT,DISC-ALN,DISC-GRAN,DISC-MAX,DISC-ZERO,FSTYPE,GROUP,KNAME,LABEL,LOG-SEC,MAJ:MIN,MIN-IO,MODE,MODEL,MOUNTPOINT,NAME,OPT-IO,OWNER,PHY-SEC,RM,RO,ROTA,RQ-SIZE,SIZE,STATE,TYPE,UUID', '/dev/sdc'] with allowed return codes [0] (capture=True)
get_blockdev_sector_size: info:
{
 "sdc": {
  "ALIGNMENT": "0",
  "DISC-ALN": "0",
  "DISC-GRAN": "512",
  "DISC-MAX": "2147450880",
  "DISC-ZERO": "0",
  "FSTYPE": "",
  "GROUP": "disk",
  "KNAME": "sdc",
  "LABEL": "",
  "LOG-SEC": "512",
  "MAJ:MIN": "8:32",
  "MIN-IO": "512",
  "MODE": "brw-rw----",
  "MODEL": "OCZ-AGILITY3",
  "MOUNTPOINT": "",
  "NAME": "sdc",
  "OPT-IO": "0",
  "OWNER": "root",
  "PHY-SEC": "512",
  "RM": "0",
  "RO": "0",
  "ROTA": "0",
  "RQ-SIZE": "64",
  "SIZE": "120034123776",
  "STATE": "running",
  "TYPE": "disk",
  "UUID": "",
  "device_path": "/dev/sdc"
 },
 "sdc1": {
  "ALIGNMENT": "0",
  "DISC-ALN": "0",
  "DISC-GRAN": "512",
  "DISC-MAX": "2147450880",
  "DISC-ZERO": "0",
  "FSTYPE": "",
  "GROUP": "disk",
  "KNAME": "sdc1",
  "LABEL": "",
  "LOG-SEC": "512",
  "MAJ:MIN": "8:33",
  "MIN-IO": "512",
  "MODE": "brw-rw----",
  "MODEL": "",
  "MOUNTPOINT": "",
  "NAME": "sdc1",
  "OPT-IO": "0",
  "OWNER": "root",
  "PHY-SEC": "512",
  "RM": "0",
  "RO": "0",
  "ROTA": "0",
  "RQ-SIZE": "64",
  "SIZE": "1048576",
  "STATE": "",
  "TYPE": "part",
  "UUID": "",
  "device_path": "/dev/sdc1"
 },
 "sdc2": {
  "ALIGNMENT": "0",
  "DISC-ALN": "0",
  "DISC-GRAN": "512",
  "DISC-MAX": "2147450880",
  "DISC-ZERO": "0",
  "FSTYPE": "",
  "GROUP": "disk",
  "KNAME": "sdc2",
  "LABEL": "",
  "LOG-SEC": "512",
  "MAJ:MIN": "8:34",
  "MIN-IO": "512",
  "MODE": "brw-rw----",
  "MODEL": "",
  "MOUNTPOINT": "",
  "NAME": "sdc2",
  "OPT-IO": "0",
  "OWNER": "root",
  "PHY-SEC": "512",
  "RM": "0",
  "RO": "0",
  "ROTA": "0",
  "RQ-SIZE": "64",
  "SIZE": "536870912",
  "STATE": "",
  "TYPE": "part",
  "UUID": "",
  "device_path": "/dev/sdc2"
 },
 "sdc3": {
  "ALIGNMENT": "0",
  "DISC-ALN": "0",
  "DISC-GRAN": "512",
  "DISC-MAX": "2147450880",
  "DISC-ZERO": "0",
  "FSTYPE": "",
  "GROUP": "disk",
  "KNAME": "sdc3",
  "LABEL": "",
  "LOG-SEC": "512",
  "MAJ:MIN": "8:35",
  "MIN-IO": "512",
  "MODE": "brw-rw----",
  "MODEL": "",
  "MOUNTPOINT": "",
  "NAME": "sdc3",
  "OPT-IO": "0",
  "OWNER": "root",
  "PHY-SEC": "512",
  "RM": "0",
  "RO": "0",
  "ROTA": "0",
  "RQ-SIZE": "64",
  "SIZE": "1073741824",
  "STATE": "",
  "TYPE": "part",
  "UUID": "",
  "device_path": "/dev/sdc3"
 },
 "sdc4": {
  "ALIGNMENT": "0",
  "DISC-ALN": "0",
  "DISC-GRAN": "512",
  "DISC-MAX": "2147450880",
  "DISC-ZERO": "0",
  "FSTYPE": "ext4",
  "GROUP": "disk",
  "KNAME": "sdc4",
  "LABEL": "",
  "LOG-SEC": "512",
  "MAJ:MIN": "8:36",
  "MIN-IO": "512",
  "MODE": "brw-rw----",
  "MODEL": "",
  "MOUNTPOINT": "",
  "NAME": "sdc4",
  "OPT-IO": "0",
  "OWNER": "root",
  "PHY-SEC": "512",
  "RM": "0",
  "RO": "0",
  "ROTA": "0",
  "RQ-SIZE": "64",
  "SIZE": "118419881984",
  "STATE": "",
  "TYPE": "part",
  "UUID": "3e1febb6-a4bc-458b-8bf7-23ed1e6c8d2c",
  "device_path": "/dev/sdc4"
 }
}
get_blockdev_sector_size: (log=512, phys=512)
Checking if /dev/sdc4 is a swap device
Found swap magic: b'\x00\x00\x00\x00\x00\x00\x00\x00\x00\x00'
Running command ['udevadm', 'info', '--query=property', '--export', '/dev/sdc4'] with allowed return codes [0] (capture=True)
/dev/sdc4 is multipath device? False
Running command ['udevadm', 'info', '--query=property', '--export', '/dev/sdc4'] with allowed return codes [0] (capture=True)
/dev/sdc4 is multipath device member? False
wiping superblock on /dev/sdc4
wiping /dev/sdc4 attempt 1/4
Running command ['wipefs', '--all', '--force', '/dev/sdc4'] with allowed return codes [0] (capture=False)
/dev/sdc4: 2 bytes were erased at offset 0x00000438 (ext4): 53 ef
wiping 1M on /dev/sdc4 at offsets [0, -1048576]
successfully wiped device /dev/sdc4 on attempt 1/4
shutdown running on holder type: 'disk' syspath: '/sys/class/block/sdc'
Running command ['lsblk', '--noheadings', '--bytes', '--pairs', '--output=ALIGNMENT,DISC-ALN,DISC-GRAN,DISC-MAX,DISC-ZERO,FSTYPE,GROUP,KNAME,LABEL,LOG-SEC,MAJ:MIN,MIN-IO,MODE,MODEL,MOUNTPOINT,NAME,OPT-IO,OWNER,PHY-SEC,RM,RO,ROTA,RQ-SIZE,SIZE,STATE,TYPE,UUID', '/dev/sdc'] with allowed return codes [0] (capture=True)
get_blockdev_sector_size: info:
{
 "sdc": {
  "ALIGNMENT": "0",
  "DISC-ALN": "0",
  "DISC-GRAN": "512",
  "DISC-MAX": "2147450880",
  "DISC-ZERO": "0",
  "FSTYPE": "",
  "GROUP": "disk",
  "KNAME": "sdc",
  "LABEL": "",
  "LOG-SEC": "512",
  "MAJ:MIN": "8:32",
  "MIN-IO": "512",
  "MODE": "brw-rw----",
  "MODEL": "OCZ-AGILITY3",
  "MOUNTPOINT": "",
  "NAME": "sdc",
  "OPT-IO": "0",
  "OWNER": "root",
  "PHY-SEC": "512",
  "RM": "0",
  "RO": "0",
  "ROTA": "0",
  "RQ-SIZE": "64",
  "SIZE": "120034123776",
  "STATE": "running",
  "TYPE": "disk",
  "UUID": "",
  "device_path": "/dev/sdc"
 },
 "sdc1": {
  "ALIGNMENT": "0",
  "DISC-ALN": "0",
  "DISC-GRAN": "512",
  "DISC-MAX": "2147450880",
  "DISC-ZERO": "0",
  "FSTYPE": "",
  "GROUP": "disk",
  "KNAME": "sdc1",
  "LABEL": "",
  "LOG-SEC": "512",
  "MAJ:MIN": "8:33",
  "MIN-IO": "512",
  "MODE": "brw-rw----",
  "MODEL": "",
  "MOUNTPOINT": "",
  "NAME": "sdc1",
  "OPT-IO": "0",
  "OWNER": "root",
  "PHY-SEC": "512",
  "RM": "0",
  "RO": "0",
  "ROTA": "0",
  "RQ-SIZE": "64",
  "SIZE": "1048576",
  "STATE": "",
  "TYPE": "part",
  "UUID": "",
  "device_path": "/dev/sdc1"
 },
 "sdc2": {
  "ALIGNMENT": "0",
  "DISC-ALN": "0",
  "DISC-GRAN": "512",
  "DISC-MAX": "2147450880",
  "DISC-ZERO": "0",
  "FSTYPE": "",
  "GROUP": "disk",
  "KNAME": "sdc2",
  "LABEL": "",
  "LOG-SEC": "512",
  "MAJ:MIN": "8:34",
  "MIN-IO": "512",
  "MODE": "brw-rw----",
  "MODEL": "",
  "MOUNTPOINT": "",
  "NAME": "sdc2",
  "OPT-IO": "0",
  "OWNER": "root",
  "PHY-SEC": "512",
  "RM": "0",
  "RO": "0",
  "ROTA": "0",
  "RQ-SIZE": "64",
  "SIZE": "536870912",
  "STATE": "",
  "TYPE": "part",
  "UUID": "",
  "device_path": "/dev/sdc2"
 },
 "sdc3": {
  "ALIGNMENT": "0",
  "DISC-ALN": "0",
  "DISC-GRAN": "512",
  "DISC-MAX": "2147450880",
  "DISC-ZERO": "0",
  "FSTYPE": "",
  "GROUP": "disk",
  "KNAME": "sdc3",
  "LABEL": "",
  "LOG-SEC": "512",
  "MAJ:MIN": "8:35",
  "MIN-IO": "512",
  "MODE": "brw-rw----",
  "MODEL": "",
  "MOUNTPOINT": "",
  "NAME": "sdc3",
  "OPT-IO": "0",
  "OWNER": "root",
  "PHY-SEC": "512",
  "RM": "0",
  "RO": "0",
  "ROTA": "0",
  "RQ-SIZE": "64",
  "SIZE": "1073741824",
  "STATE": "",
  "TYPE": "part",
  "UUID": "",
  "device_path": "/dev/sdc3"
 },
 "sdc4": {
  "ALIGNMENT": "0",
  "DISC-ALN": "0",
  "DISC-GRAN": "512",
  "DISC-MAX": "2147450880",
  "DISC-ZERO": "0",
  "FSTYPE": "ext4",
  "GROUP": "disk",
  "KNAME": "sdc4",
  "LABEL": "",
  "LOG-SEC": "512",
  "MAJ:MIN": "8:36",
  "MIN-IO": "512",
  "MODE": "brw-rw----",
  "MODEL": "",
  "MOUNTPOINT": "",
  "NAME": "sdc4",
  "OPT-IO": "0",
  "OWNER": "root",
  "PHY-SEC": "512",
  "RM": "0",
  "RO": "0",
  "ROTA": "0",
  "RQ-SIZE": "64",
  "SIZE": "118419881984",
  "STATE": "",
  "TYPE": "part",
  "UUID": "3e1febb6-a4bc-458b-8bf7-23ed1e6c8d2c",
  "device_path": "/dev/sdc4"
 }
}
get_blockdev_sector_size: (log=512, phys=512)
Checking if /dev/sdc is a swap device
Found swap magic: b'\x00\x00\x00\x00\x00\x00\x00\x00\x00\x00'
Running command ['udevadm', 'info', '--query=property', '--export', '/dev/sdc'] with allowed return codes [0] (capture=True)
/dev/sdc is multipath device? False
Running command ['udevadm', 'info', '--query=property', '--export', '/dev/sdc'] with allowed return codes [0] (capture=True)
/dev/sdc is multipath device member? False
wiping superblock on /dev/sdc
wiping /dev/sdc attempt 1/4
Running command ['wipefs', '--all', '--force', '/dev/sdc'] with allowed return codes [0] (capture=False)
/dev/sdc: 8 bytes were erased at offset 0x00000200 (gpt): 45 46 49 20 50 41 52 54
/dev/sdc: 8 bytes were erased at offset 0x1bf2975e00 (gpt): 45 46 49 20 50 41 52 54
/dev/sdc: 2 bytes were erased at offset 0x000001fe (PMBR): 55 aa
wiping 1M on /dev/sdc at offsets [0, -1048576]
successfully wiped device /dev/sdc on attempt 1/4
/sys/class/block/sdc had partitions, issuing partition reread
Running command ['blockdev', '--rereadpt', '/dev/sdc'] with allowed return codes [0] (capture=True)
Running command ['udevadm', 'settle'] with allowed return codes [0] (capture=False)
TIMED udevadm_settle(): 0.008
devname '/sys/class/block/sdc' had holders: []
/dev/sdc is multipath device partition? False
/dev/sdc is multipath device partition? False
/dev/sdc is multipath device partition? False
finish: cmd-install/stage-partitioning/builtin/cmd-block-meta/clear-holders: SUCCESS: removing previous storage devices
blockmeta: detected storage config, using mode=custom
start: cmd-install/stage-partitioning/builtin/cmd-block-meta: configuring disk: disk0
get_path_to_storage_volume for volume disk0({'ptable': 'gpt', 'serial': 'OCZ-AGILITY3_OCZ-DM2287ZA59Z7J3UJ', 'path': '/dev/sdc', 'wipe': 'superblock-recursive', 'preserve': False, 'name': '', 'grub_device': True, 'id': 'disk0', 'type': 'disk'})
Processing serial OCZ-AGILITY3_OCZ-DM2287ZA59Z7J3UJ via udev to OCZ-AGILITY3_OCZ-DM2287ZA59Z7J3UJ
lookup_disks found: ['ata-OCZ-AGILITY3_OCZ-DM2287ZA59Z7J3UJ', 'scsi-0ATA_OCZ-AGILITY3_OCZ-DM2287ZA59Z7J3UJ', 'scsi-SATA_OCZ-AGILITY3_OCZ-DM2287ZA59Z7J3UJ', 'scsi-1ATA_OCZ-AGILITY3_OCZ-DM2287ZA59Z7J3UJ']
Running command ['udevadm', 'info', '--query=property', '--export', '/dev/sdc'] with allowed return codes [0] (capture=True)
/dev/sdc is multipath device? False
Running command ['udevadm', 'info', '--query=property', '--export', '/dev/sdc'] with allowed return codes [0] (capture=True)
/dev/sdc is multipath device member? False
block.lookup_disk() returning path /dev/sdc
Running command ['partprobe', '/dev/sdc'] with allowed return codes [0, 1] (capture=False)
Running command ['udevadm', 'settle'] with allowed return codes [0] (capture=False)
TIMED udevadm_settle(): 0.017
devsync happy - path /dev/sdc now exists
return volume path /dev/sdc
Acquiring fcntl LOCK_EX on /dev/sdc
Running command ['wipefs', '--all', '--force', '/dev/sdc'] with allowed return codes [0] (capture=False)
wiping 1M on /dev/sdc at offsets [0, -1048576]
labeling device: '/dev/sdc' with 'gpt' partition table
Running command ['wipefs', '--all', '--force', '/dev/sdc'] with allowed return codes [0] (capture=False)
wiping 1M on /dev/sdc at offsets [0, -1048576]
devname '/dev/sdc' had holders: []
Releasing fcntl LOCK_EX on /dev/sdc
finish: cmd-install/stage-partitioning/builtin/cmd-block-meta: SUCCESS: configuring disk: disk0
start: cmd-install/stage-partitioning/builtin/cmd-block-meta: configuring partition: bios-grub-partition
get_path_to_storage_volume for volume disk0({'ptable': 'gpt', 'serial': 'OCZ-AGILITY3_OCZ-DM2287ZA59Z7J3UJ', 'path': '/dev/sdc', 'wipe': 'superblock-recursive', 'preserve': False, 'name': '', 'grub_device': True, 'id': 'disk0', 'type': 'disk'})
Processing serial OCZ-AGILITY3_OCZ-DM2287ZA59Z7J3UJ via udev to OCZ-AGILITY3_OCZ-DM2287ZA59Z7J3UJ
lookup_disks found: ['ata-OCZ-AGILITY3_OCZ-DM2287ZA59Z7J3UJ', 'scsi-0ATA_OCZ-AGILITY3_OCZ-DM2287ZA59Z7J3UJ', 'scsi-SATA_OCZ-AGILITY3_OCZ-DM2287ZA59Z7J3UJ', 'scsi-1ATA_OCZ-AGILITY3_OCZ-DM2287ZA59Z7J3UJ']
Running command ['udevadm', 'info', '--query=property', '--export', '/dev/sdc'] with allowed return codes [0] (capture=True)
/dev/sdc is multipath device? False
Running command ['udevadm', 'info', '--query=property', '--export', '/dev/sdc'] with allowed return codes [0] (capture=True)
/dev/sdc is multipath device member? False
block.lookup_disk() returning path /dev/sdc
Running command ['partprobe', '/dev/sdc'] with allowed return codes [0, 1] (capture=False)
Running command ['udevadm', 'settle'] with allowed return codes [0] (capture=False)
TIMED udevadm_settle(): 0.019
devsync happy - path /dev/sdc now exists
return volume path /dev/sdc
Running command ['lsblk', '--noheadings', '--bytes', '--pairs', '--output=ALIGNMENT,DISC-ALN,DISC-GRAN,DISC-MAX,DISC-ZERO,FSTYPE,GROUP,KNAME,LABEL,LOG-SEC,MAJ:MIN,MIN-IO,MODE,MODEL,MOUNTPOINT,NAME,OPT-IO,OWNER,PHY-SEC,RM,RO,ROTA,RQ-SIZE,SIZE,STATE,TYPE,UUID', '/dev/sdc'] with allowed return codes [0] (capture=True)
get_blockdev_sector_size: info:
{
 "sdc": {
  "ALIGNMENT": "0",
  "DISC-ALN": "0",
  "DISC-GRAN": "512",
  "DISC-MAX": "2147450880",
  "DISC-ZERO": "0",
  "FSTYPE": "",
  "GROUP": "disk",
  "KNAME": "sdc",
  "LABEL": "",
  "LOG-SEC": "512",
  "MAJ:MIN": "8:32",
  "MIN-IO": "512",
  "MODE": "brw-rw----",
  "MODEL": "OCZ-AGILITY3",
  "MOUNTPOINT": "",
  "NAME": "sdc",
  "OPT-IO": "0",
  "OWNER": "root",
  "PHY-SEC": "512",
  "RM": "0",
  "RO": "0",
  "ROTA": "0",
  "RQ-SIZE": "64",
  "SIZE": "120034123776",
  "STATE": "running",
  "TYPE": "disk",
  "UUID": "",
  "device_path": "/dev/sdc"
 }
}
get_blockdev_sector_size: (log=512, phys=512)
sdc logical_block_size_bytes: 512
adding partition 'bios-grub-partition' to disk 'disk0' (ptable: 'gpt')
partnum: 1 offset_sectors: 2048 length_sectors: 2047
Running command ['sgdisk', '--new', '1:2048:4095', '--typecode=1:ef02', '/dev/sdc'] with allowed return codes [0] (capture=True)
Running command ['udevadm', 'info', '--query=property', '--export', '/dev/sdc'] with allowed return codes [0] (capture=True)
/dev/sdc is multipath device? False
Running command ['blockdev', '--rereadpt', '/dev/sdc'] with allowed return codes [0] (capture=True)
Running command ['udevadm', 'settle'] with allowed return codes [0] (capture=False)
TIMED udevadm_settle(): 0.054
TIMED udevadm_settle(exists='/dev/sdc1'): 0.000
finish: cmd-install/stage-partitioning/builtin/cmd-block-meta: SUCCESS: configuring partition: bios-grub-partition
start: cmd-install/stage-partitioning/builtin/cmd-block-meta: configuring partition: esp-partition
get_path_to_storage_volume for volume disk0({'ptable': 'gpt', 'serial': 'OCZ-AGILITY3_OCZ-DM2287ZA59Z7J3UJ', 'path': '/dev/sdc', 'wipe': 'superblock-recursive', 'preserve': False, 'name': '', 'grub_device': True, 'id': 'disk0', 'type': 'disk'})
Processing serial OCZ-AGILITY3_OCZ-DM2287ZA59Z7J3UJ via udev to OCZ-AGILITY3_OCZ-DM2287ZA59Z7J3UJ
lookup_disks found: ['ata-OCZ-AGILITY3_OCZ-DM2287ZA59Z7J3UJ', 'ata-OCZ-AGILITY3_OCZ-DM2287ZA59Z7J3UJ-part1', 'scsi-0ATA_OCZ-AGILITY3_OCZ-DM2287ZA59Z7J3UJ', 'scsi-SATA_OCZ-AGILITY3_OCZ-DM2287ZA59Z7J3UJ', 'scsi-1ATA_OCZ-AGILITY3_OCZ-DM2287ZA59Z7J3UJ', 'scsi-1ATA_OCZ-AGILITY3_OCZ-DM2287ZA59Z7J3UJ-part1', 'scsi-SATA_OCZ-AGILITY3_OCZ-DM2287ZA59Z7J3UJ-part1', 'scsi-0ATA_OCZ-AGILITY3_OCZ-DM2287ZA59Z7J3UJ-part1']
Running command ['udevadm', 'info', '--query=property', '--export', '/dev/sdc'] with allowed return codes [0] (capture=True)
/dev/sdc is multipath device? False
Running command ['udevadm', 'info', '--query=property', '--export', '/dev/sdc'] with allowed return codes [0] (capture=True)
/dev/sdc is multipath device member? False
block.lookup_disk() returning path /dev/sdc
Running command ['partprobe', '/dev/sdc'] with allowed return codes [0, 1] (capture=False)
Running command ['udevadm', 'settle'] with allowed return codes [0] (capture=False)
TIMED udevadm_settle(): 0.030
devsync happy - path /dev/sdc now exists
return volume path /dev/sdc
Running command ['lsblk', '--noheadings', '--bytes', '--pairs', '--output=ALIGNMENT,DISC-ALN,DISC-GRAN,DISC-MAX,DISC-ZERO,FSTYPE,GROUP,KNAME,LABEL,LOG-SEC,MAJ:MIN,MIN-IO,MODE,MODEL,MOUNTPOINT,NAME,OPT-IO,OWNER,PHY-SEC,RM,RO,ROTA,RQ-SIZE,SIZE,STATE,TYPE,UUID', '/dev/sdc'] with allowed return codes [0] (capture=True)
get_blockdev_sector_size: info:
{
 "sdc": {
  "ALIGNMENT": "0",
  "DISC-ALN": "0",
  "DISC-GRAN": "512",
  "DISC-MAX": "2147450880",
  "DISC-ZERO": "0",
  "FSTYPE": "",
  "GROUP": "disk",
  "KNAME": "sdc",
  "LABEL": "",
  "LOG-SEC": "512",
  "MAJ:MIN": "8:32",
  "MIN-IO": "512",
  "MODE": "brw-rw----",
  "MODEL": "OCZ-AGILITY3",
  "MOUNTPOINT": "",
  "NAME": "sdc",
  "OPT-IO": "0",
  "OWNER": "root",
  "PHY-SEC": "512",
  "RM": "0",
  "RO": "0",
  "ROTA": "0",
  "RQ-SIZE": "64",
  "SIZE": "120034123776",
  "STATE": "running",
  "TYPE": "disk",
  "UUID": "",
  "device_path": "/dev/sdc"
 },
 "sdc1": {
  "ALIGNMENT": "0",
  "DISC-ALN": "0",
  "DISC-GRAN": "512",
  "DISC-MAX": "2147450880",
  "DISC-ZERO": "0",
  "FSTYPE": "",
  "GROUP": "disk",
  "KNAME": "sdc1",
  "LABEL": "",
  "LOG-SEC": "512",
  "MAJ:MIN": "8:33",
  "MIN-IO": "512",
  "MODE": "brw-rw----",
  "MODEL": "",
  "MOUNTPOINT": "",
  "NAME": "sdc1",
  "OPT-IO": "0",
  "OWNER": "root",
  "PHY-SEC": "512",
  "RM": "0",
  "RO": "0",
  "ROTA": "0",
  "RQ-SIZE": "64",
  "SIZE": "1048576",
  "STATE": "",
  "TYPE": "part",
  "UUID": "",
  "device_path": "/dev/sdc1"
 }
}
get_blockdev_sector_size: (log=512, phys=512)
sdc logical_block_size_bytes: 512
previous partition number for 'esp-partition' found to be '1'
partition_kname=sdc1
calc_partition_info: sdc1 size_sectors=2048 start_sectors=2048
adding partition 'esp-partition' to disk 'disk0' (ptable: 'gpt')
partnum: 2 offset_sectors: 4096 length_sectors: 1048575
Running command ['sgdisk', '--new', '2:4096:1052671', '--typecode=2:ef00', '/dev/sdc'] with allowed return codes [0] (capture=True)
Running command ['udevadm', 'info', '--query=property', '--export', '/dev/sdc'] with allowed return codes [0] (capture=True)
/dev/sdc is multipath device? False
Running command ['blockdev', '--rereadpt', '/dev/sdc'] with allowed return codes [0] (capture=True)
Running command ['udevadm', 'settle'] with allowed return codes [0] (capture=False)
TIMED udevadm_settle(): 0.070
TIMED udevadm_settle(exists='/dev/sdc2'): 0.000
finish: cmd-install/stage-partitioning/builtin/cmd-block-meta: SUCCESS: configuring partition: esp-partition
start: cmd-install/stage-partitioning/builtin/cmd-block-meta: configuring partition: boot-partition
get_path_to_storage_volume for volume disk0({'ptable': 'gpt', 'serial': 'OCZ-AGILITY3_OCZ-DM2287ZA59Z7J3UJ', 'path': '/dev/sdc', 'wipe': 'superblock-recursive', 'preserve': False, 'name': '', 'grub_device': True, 'id': 'disk0', 'type': 'disk'})
Processing serial OCZ-AGILITY3_OCZ-DM2287ZA59Z7J3UJ via udev to OCZ-AGILITY3_OCZ-DM2287ZA59Z7J3UJ
lookup_disks found: ['ata-OCZ-AGILITY3_OCZ-DM2287ZA59Z7J3UJ', 'ata-OCZ-AGILITY3_OCZ-DM2287ZA59Z7J3UJ-part2', 'ata-OCZ-AGILITY3_OCZ-DM2287ZA59Z7J3UJ-part1', 'scsi-0ATA_OCZ-AGILITY3_OCZ-DM2287ZA59Z7J3UJ', 'scsi-SATA_OCZ-AGILITY3_OCZ-DM2287ZA59Z7J3UJ', 'scsi-1ATA_OCZ-AGILITY3_OCZ-DM2287ZA59Z7J3UJ', 'scsi-SATA_OCZ-AGILITY3_OCZ-DM2287ZA59Z7J3UJ-part2', 'scsi-1ATA_OCZ-AGILITY3_OCZ-DM2287ZA59Z7J3UJ-part2', 'scsi-0ATA_OCZ-AGILITY3_OCZ-DM2287ZA59Z7J3UJ-part2', 'scsi-1ATA_OCZ-AGILITY3_OCZ-DM2287ZA59Z7J3UJ-part1', 'scsi-0ATA_OCZ-AGILITY3_OCZ-DM2287ZA59Z7J3UJ-part1', 'scsi-SATA_OCZ-AGILITY3_OCZ-DM2287ZA59Z7J3UJ-part1']
Running command ['udevadm', 'info', '--query=property', '--export', '/dev/sdc'] with allowed return codes [0] (capture=True)
/dev/sdc is multipath device? False
Running command ['udevadm', 'info', '--query=property', '--export', '/dev/sdc'] with allowed return codes [0] (capture=True)
/dev/sdc is multipath device member? False
block.lookup_disk() returning path /dev/sdc
Running command ['partprobe', '/dev/sdc'] with allowed return codes [0, 1] (capture=False)
Running command ['udevadm', 'settle'] with allowed return codes [0] (capture=False)
TIMED udevadm_settle(): 0.042
devsync happy - path /dev/sdc now exists
return volume path /dev/sdc
Running command ['lsblk', '--noheadings', '--bytes', '--pairs', '--output=ALIGNMENT,DISC-ALN,DISC-GRAN,DISC-MAX,DISC-ZERO,FSTYPE,GROUP,KNAME,LABEL,LOG-SEC,MAJ:MIN,MIN-IO,MODE,MODEL,MOUNTPOINT,NAME,OPT-IO,OWNER,PHY-SEC,RM,RO,ROTA,RQ-SIZE,SIZE,STATE,TYPE,UUID', '/dev/sdc'] with allowed return codes [0] (capture=True)
get_blockdev_sector_size: info:
{
 "sdc": {
  "ALIGNMENT": "0",
  "DISC-ALN": "0",
  "DISC-GRAN": "512",
  "DISC-MAX": "2147450880",
  "DISC-ZERO": "0",
  "FSTYPE": "",
  "GROUP": "disk",
  "KNAME": "sdc",
  "LABEL": "",
  "LOG-SEC": "512",
  "MAJ:MIN": "8:32",
  "MIN-IO": "512",
  "MODE": "brw-rw----",
  "MODEL": "OCZ-AGILITY3",
  "MOUNTPOINT": "",
  "NAME": "sdc",
  "OPT-IO": "0",
  "OWNER": "root",
  "PHY-SEC": "512",
  "RM": "0",
  "RO": "0",
  "ROTA": "0",
  "RQ-SIZE": "64",
  "SIZE": "120034123776",
  "STATE": "running",
  "TYPE": "disk",
  "UUID": "",
  "device_path": "/dev/sdc"
 },
 "sdc1": {
  "ALIGNMENT": "0",
  "DISC-ALN": "0",
  "DISC-GRAN": "512",
  "DISC-MAX": "2147450880",
  "DISC-ZERO": "0",
  "FSTYPE": "",
  "GROUP": "disk",
  "KNAME": "sdc1",
  "LABEL": "",
  "LOG-SEC": "512",
  "MAJ:MIN": "8:33",
  "MIN-IO": "512",
  "MODE": "brw-rw----",
  "MODEL": "",
  "MOUNTPOINT": "",
  "NAME": "sdc1",
  "OPT-IO": "0",
  "OWNER": "root",
  "PHY-SEC": "512",
  "RM": "0",
  "RO": "0",
  "ROTA": "0",
  "RQ-SIZE": "64",
  "SIZE": "1048576",
  "STATE": "",
  "TYPE": "part",
  "UUID": "",
  "device_path": "/dev/sdc1"
 },
 "sdc2": {
  "ALIGNMENT": "0",
  "DISC-ALN": "0",
  "DISC-GRAN": "512",
  "DISC-MAX": "2147450880",
  "DISC-ZERO": "0",
  "FSTYPE": "",
  "GROUP": "disk",
  "KNAME": "sdc2",
  "LABEL": "",
  "LOG-SEC": "512",
  "MAJ:MIN": "8:34",
  "MIN-IO": "512",
  "MODE": "brw-rw----",
  "MODEL": "",
  "MOUNTPOINT": "",
  "NAME": "sdc2",
  "OPT-IO": "0",
  "OWNER": "root",
  "PHY-SEC": "512",
  "RM": "0",
  "RO": "0",
  "ROTA": "0",
  "RQ-SIZE": "64",
  "SIZE": "536870912",
  "STATE": "",
  "TYPE": "part",
  "UUID": "",
  "device_path": "/dev/sdc2"
 }
}
get_blockdev_sector_size: (log=512, phys=512)
sdc logical_block_size_bytes: 512
previous partition number for 'boot-partition' found to be '2'
partition_kname=sdc2
calc_partition_info: sdc2 size_sectors=1048576 start_sectors=4096
adding partition 'boot-partition' to disk 'disk0' (ptable: 'gpt')
partnum: 3 offset_sectors: 1052672 length_sectors: 2097151
Running command ['sgdisk', '--new', '3:1052672:3149823', '--typecode=3:8300', '/dev/sdc'] with allowed return codes [0] (capture=True)
Running command ['udevadm', 'info', '--query=property', '--export', '/dev/sdc'] with allowed return codes [0] (capture=True)
/dev/sdc is multipath device? False
Running command ['blockdev', '--rereadpt', '/dev/sdc'] with allowed return codes [0] (capture=True)
Running command ['udevadm', 'settle'] with allowed return codes [0] (capture=False)
TIMED udevadm_settle(): 0.087
TIMED udevadm_settle(exists='/dev/sdc3'): 0.000
finish: cmd-install/stage-partitioning/builtin/cmd-block-meta: SUCCESS: configuring partition: boot-partition
start: cmd-install/stage-partitioning/builtin/cmd-block-meta: configuring partition: root-partition
get_path_to_storage_volume for volume disk0({'ptable': 'gpt', 'serial': 'OCZ-AGILITY3_OCZ-DM2287ZA59Z7J3UJ', 'path': '/dev/sdc', 'wipe': 'superblock-recursive', 'preserve': False, 'name': '', 'grub_device': True, 'id': 'disk0', 'type': 'disk'})
Processing serial OCZ-AGILITY3_OCZ-DM2287ZA59Z7J3UJ via udev to OCZ-AGILITY3_OCZ-DM2287ZA59Z7J3UJ
lookup_disks found: ['ata-OCZ-AGILITY3_OCZ-DM2287ZA59Z7J3UJ', 'ata-OCZ-AGILITY3_OCZ-DM2287ZA59Z7J3UJ-part2', 'ata-OCZ-AGILITY3_OCZ-DM2287ZA59Z7J3UJ-part3', 'ata-OCZ-AGILITY3_OCZ-DM2287ZA59Z7J3UJ-part1', 'scsi-0ATA_OCZ-AGILITY3_OCZ-DM2287ZA59Z7J3UJ', 'scsi-SATA_OCZ-AGILITY3_OCZ-DM2287ZA59Z7J3UJ', 'scsi-1ATA_OCZ-AGILITY3_OCZ-DM2287ZA59Z7J3UJ', 'scsi-0ATA_OCZ-AGILITY3_OCZ-DM2287ZA59Z7J3UJ-part2', 'scsi-1ATA_OCZ-AGILITY3_OCZ-DM2287ZA59Z7J3UJ-part2', 'scsi-SATA_OCZ-AGILITY3_OCZ-DM2287ZA59Z7J3UJ-part2', 'scsi-SATA_OCZ-AGILITY3_OCZ-DM2287ZA59Z7J3UJ-part3', 'scsi-1ATA_OCZ-AGILITY3_OCZ-DM2287ZA59Z7J3UJ-part3', 'scsi-0ATA_OCZ-AGILITY3_OCZ-DM2287ZA59Z7J3UJ-part3', 'scsi-1ATA_OCZ-AGILITY3_OCZ-DM2287ZA59Z7J3UJ-part1', 'scsi-SATA_OCZ-AGILITY3_OCZ-DM2287ZA59Z7J3UJ-part1', 'scsi-0ATA_OCZ-AGILITY3_OCZ-DM2287ZA59Z7J3UJ-part1']
Running command ['udevadm', 'info', '--query=property', '--export', '/dev/sdc'] with allowed return codes [0] (capture=True)
/dev/sdc is multipath device? False
Running command ['udevadm', 'info', '--query=property', '--export', '/dev/sdc'] with allowed return codes [0] (capture=True)
/dev/sdc is multipath device member? False
block.lookup_disk() returning path /dev/sdc
Running command ['partprobe', '/dev/sdc'] with allowed return codes [0, 1] (capture=False)
Running command ['udevadm', 'settle'] with allowed return codes [0] (capture=False)
TIMED udevadm_settle(): 0.045
devsync happy - path /dev/sdc now exists
return volume path /dev/sdc
Running command ['lsblk', '--noheadings', '--bytes', '--pairs', '--output=ALIGNMENT,DISC-ALN,DISC-GRAN,DISC-MAX,DISC-ZERO,FSTYPE,GROUP,KNAME,LABEL,LOG-SEC,MAJ:MIN,MIN-IO,MODE,MODEL,MOUNTPOINT,NAME,OPT-IO,OWNER,PHY-SEC,RM,RO,ROTA,RQ-SIZE,SIZE,STATE,TYPE,UUID', '/dev/sdc'] with allowed return codes [0] (capture=True)
get_blockdev_sector_size: info:
{
 "sdc": {
  "ALIGNMENT": "0",
  "DISC-ALN": "0",
  "DISC-GRAN": "512",
  "DISC-MAX": "2147450880",
  "DISC-ZERO": "0",
  "FSTYPE": "",
  "GROUP": "disk",
  "KNAME": "sdc",
  "LABEL": "",
  "LOG-SEC": "512",
  "MAJ:MIN": "8:32",
  "MIN-IO": "512",
  "MODE": "brw-rw----",
  "MODEL": "OCZ-AGILITY3",
  "MOUNTPOINT": "",
  "NAME": "sdc",
  "OPT-IO": "0",
  "OWNER": "root",
  "PHY-SEC": "512",
  "RM": "0",
  "RO": "0",
  "ROTA": "0",
  "RQ-SIZE": "64",
  "SIZE": "120034123776",
  "STATE": "running",
  "TYPE": "disk",
  "UUID": "",
  "device_path": "/dev/sdc"
 },
 "sdc1": {
  "ALIGNMENT": "0",
  "DISC-ALN": "0",
  "DISC-GRAN": "512",
  "DISC-MAX": "2147450880",
  "DISC-ZERO": "0",
  "FSTYPE": "",
  "GROUP": "disk",
  "KNAME": "sdc1",
  "LABEL": "",
  "LOG-SEC": "512",
  "MAJ:MIN": "8:33",
  "MIN-IO": "512",
  "MODE": "brw-rw----",
  "MODEL": "",
  "MOUNTPOINT": "",
  "NAME": "sdc1",
  "OPT-IO": "0",
  "OWNER": "root",
  "PHY-SEC": "512",
  "RM": "0",
  "RO": "0",
  "ROTA": "0",
  "RQ-SIZE": "64",
  "SIZE": "1048576",
  "STATE": "",
  "TYPE": "part",
  "UUID": "",
  "device_path": "/dev/sdc1"
 },
 "sdc2": {
  "ALIGNMENT": "0",
  "DISC-ALN": "0",
  "DISC-GRAN": "512",
  "DISC-MAX": "2147450880",
  "DISC-ZERO": "0",
  "FSTYPE": "",
  "GROUP": "disk",
  "KNAME": "sdc2",
  "LABEL": "",
  "LOG-SEC": "512",
  "MAJ:MIN": "8:34",
  "MIN-IO": "512",
  "MODE": "brw-rw----",
  "MODEL": "",
  "MOUNTPOINT": "",
  "NAME": "sdc2",
  "OPT-IO": "0",
  "OWNER": "root",
  "PHY-SEC": "512",
  "RM": "0",
  "RO": "0",
  "ROTA": "0",
  "RQ-SIZE": "64",
  "SIZE": "536870912",
  "STATE": "",
  "TYPE": "part",
  "UUID": "",
  "device_path": "/dev/sdc2"
 },
 "sdc3": {
  "ALIGNMENT": "0",
  "DISC-ALN": "0",
  "DISC-GRAN": "512",
  "DISC-MAX": "2147450880",
  "DISC-ZERO": "0",
  "FSTYPE": "",
  "GROUP": "disk",
  "KNAME": "sdc3",
  "LABEL": "",
  "LOG-SEC": "512",
  "MAJ:MIN": "8:35",
  "MIN-IO": "512",
  "MODE": "brw-rw----",
  "MODEL": "",
  "MOUNTPOINT": "",
  "NAME": "sdc3",
  "OPT-IO": "0",
  "OWNER": "root",
  "PHY-SEC": "512",
  "RM": "0",
  "RO": "0",
  "ROTA": "0",
  "RQ-SIZE": "64",
  "SIZE": "1073741824",
  "STATE": "",
  "TYPE": "part",
  "UUID": "",
  "device_path": "/dev/sdc3"
 }
}
get_blockdev_sector_size: (log=512, phys=512)
sdc logical_block_size_bytes: 512
previous partition number for 'root-partition' found to be '3'
partition_kname=sdc3
calc_partition_info: sdc3 size_sectors=2097152 start_sectors=1052672
adding partition 'root-partition' to disk 'disk0' (ptable: 'gpt')
partnum: 4 offset_sectors: 3149824 length_sectors: 231288831
Running command ['sgdisk', '--new', '4:3149824:234438655', '--typecode=4:8300', '/dev/sdc'] with allowed return codes [0] (capture=True)
Running command ['udevadm', 'info', '--query=property', '--export', '/dev/sdc'] with allowed return codes [0] (capture=True)
/dev/sdc is multipath device? False
Running command ['blockdev', '--rereadpt', '/dev/sdc'] with allowed return codes [0] (capture=True)
Running command ['udevadm', 'settle'] with allowed return codes [0] (capture=False)
TIMED udevadm_settle(): 0.091
TIMED udevadm_settle(exists='/dev/sdc4'): 0.000
finish: cmd-install/stage-partitioning/builtin/cmd-block-meta: SUCCESS: configuring partition: root-partition
start: cmd-install/stage-partitioning/builtin/cmd-block-meta: configuring format: esp-format
get_path_to_storage_volume for volume esp-partition({'device': 'disk0', 'size': 536870912, 'flag': 'boot', 'number': 2, 'preserve': False, 'grub_device': True, 'id': 'esp-partition', 'type': 'partition'})
get_path_to_storage_volume for volume disk0({'ptable': 'gpt', 'serial': 'OCZ-AGILITY3_OCZ-DM2287ZA59Z7J3UJ', 'path': '/dev/sdc', 'wipe': 'superblock-recursive', 'preserve': False, 'name': '', 'grub_device': True, 'id': 'disk0', 'type': 'disk'})
Processing serial OCZ-AGILITY3_OCZ-DM2287ZA59Z7J3UJ via udev to OCZ-AGILITY3_OCZ-DM2287ZA59Z7J3UJ
lookup_disks found: ['ata-OCZ-AGILITY3_OCZ-DM2287ZA59Z7J3UJ', 'ata-OCZ-AGILITY3_OCZ-DM2287ZA59Z7J3UJ-part4', 'ata-OCZ-AGILITY3_OCZ-DM2287ZA59Z7J3UJ-part2', 'ata-OCZ-AGILITY3_OCZ-DM2287ZA59Z7J3UJ-part3', 'ata-OCZ-AGILITY3_OCZ-DM2287ZA59Z7J3UJ-part1', 'scsi-0ATA_OCZ-AGILITY3_OCZ-DM2287ZA59Z7J3UJ', 'scsi-SATA_OCZ-AGILITY3_OCZ-DM2287ZA59Z7J3UJ', 'scsi-1ATA_OCZ-AGILITY3_OCZ-DM2287ZA59Z7J3UJ', 'scsi-1ATA_OCZ-AGILITY3_OCZ-DM2287ZA59Z7J3UJ-part4', 'scsi-SATA_OCZ-AGILITY3_OCZ-DM2287ZA59Z7J3UJ-part4', 'scsi-0ATA_OCZ-AGILITY3_OCZ-DM2287ZA59Z7J3UJ-part4', 'scsi-SATA_OCZ-AGILITY3_OCZ-DM2287ZA59Z7J3UJ-part2', 'scsi-1ATA_OCZ-AGILITY3_OCZ-DM2287ZA59Z7J3UJ-part2', 'scsi-0ATA_OCZ-AGILITY3_OCZ-DM2287ZA59Z7J3UJ-part2', 'scsi-1ATA_OCZ-AGILITY3_OCZ-DM2287ZA59Z7J3UJ-part3', 'scsi-SATA_OCZ-AGILITY3_OCZ-DM2287ZA59Z7J3UJ-part3', 'scsi-0ATA_OCZ-AGILITY3_OCZ-DM2287ZA59Z7J3UJ-part3', 'scsi-SATA_OCZ-AGILITY3_OCZ-DM2287ZA59Z7J3UJ-part1', 'scsi-1ATA_OCZ-AGILITY3_OCZ-DM2287ZA59Z7J3UJ-part1', 'scsi-0ATA_OCZ-AGILITY3_OCZ-DM2287ZA59Z7J3UJ-part1']
Running command ['udevadm', 'info', '--query=property', '--export', '/dev/sdc'] with allowed return codes [0] (capture=True)
/dev/sdc is multipath device? False
Running command ['udevadm', 'info', '--query=property', '--export', '/dev/sdc'] with allowed return codes [0] (capture=True)
/dev/sdc is multipath device member? False
block.lookup_disk() returning path /dev/sdc
Running command ['partprobe', '/dev/sdc'] with allowed return codes [0, 1] (capture=False)
Running command ['udevadm', 'settle'] with allowed return codes [0] (capture=False)
TIMED udevadm_settle(): 0.051
devsync happy - path /dev/sdc now exists
return volume path /dev/sdc
Running command ['partprobe', '/dev/sdc'] with allowed return codes [0, 1] (capture=False)
Running command ['udevadm', 'settle'] with allowed return codes [0] (capture=False)
TIMED udevadm_settle(): 0.046
devsync happy - path /dev/sdc now exists
return volume path /dev/sdc2
mkfs /dev/sdc2 info: {'fstype': 'fat32', 'volume': 'esp-partition', 'preserve': False, 'id': 'esp-format', 'type': 'format'}
Running command ['lsblk', '--noheadings', '--bytes', '--pairs', '--output=ALIGNMENT,DISC-ALN,DISC-GRAN,DISC-MAX,DISC-ZERO,FSTYPE,GROUP,KNAME,LABEL,LOG-SEC,MAJ:MIN,MIN-IO,MODE,MODEL,MOUNTPOINT,NAME,OPT-IO,OWNER,PHY-SEC,RM,RO,ROTA,RQ-SIZE,SIZE,STATE,TYPE,UUID', '/dev/sdc2'] with allowed return codes [0] (capture=True)
get_blockdev_sector_size: info:
{
 "sdc2": {
  "ALIGNMENT": "0",
  "DISC-ALN": "0",
  "DISC-GRAN": "512",
  "DISC-MAX": "2147450880",
  "DISC-ZERO": "0",
  "FSTYPE": "",
  "GROUP": "disk",
  "KNAME": "sdc2",
  "LABEL": "",
  "LOG-SEC": "512",
  "MAJ:MIN": "8:34",
  "MIN-IO": "512",
  "MODE": "brw-rw----",
  "MODEL": "",
  "MOUNTPOINT": "",
  "NAME": "sdc2",
  "OPT-IO": "0",
  "OWNER": "root",
  "PHY-SEC": "512",
  "RM": "0",
  "RO": "0",
  "ROTA": "0",
  "RQ-SIZE": "64",
  "SIZE": "536870912",
  "STATE": "",
  "TYPE": "part",
  "UUID": "",
  "device_path": "/dev/sdc2"
 }
}
get_blockdev_sector_size: (log=512, phys=512)
Running command ['mkfs.vfat', '-I', '-F', '32', '/dev/sdc2'] with allowed return codes [0] (capture=True)
Running command ['blkid', '-o', 'full'] with allowed return codes [0] (capture=True)
Formated device type: partition
finish: cmd-install/stage-partitioning/builtin/cmd-block-meta: SUCCESS: configuring format: esp-format
start: cmd-install/stage-partitioning/builtin/cmd-block-meta: configuring format: boot-format
get_path_to_storage_volume for volume boot-partition({'device': 'disk0', 'size': 1073741824, 'number': 3, 'preserve': False, 'grub_device': False, 'id': 'boot-partition', 'type': 'partition'})
get_path_to_storage_volume for volume disk0({'ptable': 'gpt', 'serial': 'OCZ-AGILITY3_OCZ-DM2287ZA59Z7J3UJ', 'path': '/dev/sdc', 'wipe': 'superblock-recursive', 'preserve': False, 'name': '', 'grub_device': True, 'id': 'disk0', 'type': 'disk'})
Processing serial OCZ-AGILITY3_OCZ-DM2287ZA59Z7J3UJ via udev to OCZ-AGILITY3_OCZ-DM2287ZA59Z7J3UJ
lookup_disks found: ['ata-OCZ-AGILITY3_OCZ-DM2287ZA59Z7J3UJ', 'ata-OCZ-AGILITY3_OCZ-DM2287ZA59Z7J3UJ-part2', 'ata-OCZ-AGILITY3_OCZ-DM2287ZA59Z7J3UJ-part4', 'ata-OCZ-AGILITY3_OCZ-DM2287ZA59Z7J3UJ-part3', 'ata-OCZ-AGILITY3_OCZ-DM2287ZA59Z7J3UJ-part1', 'scsi-0ATA_OCZ-AGILITY3_OCZ-DM2287ZA59Z7J3UJ', 'scsi-SATA_OCZ-AGILITY3_OCZ-DM2287ZA59Z7J3UJ', 'scsi-1ATA_OCZ-AGILITY3_OCZ-DM2287ZA59Z7J3UJ', 'scsi-SATA_OCZ-AGILITY3_OCZ-DM2287ZA59Z7J3UJ-part2', 'scsi-1ATA_OCZ-AGILITY3_OCZ-DM2287ZA59Z7J3UJ-part2', 'scsi-0ATA_OCZ-AGILITY3_OCZ-DM2287ZA59Z7J3UJ-part2', 'scsi-0ATA_OCZ-AGILITY3_OCZ-DM2287ZA59Z7J3UJ-part4', 'scsi-SATA_OCZ-AGILITY3_OCZ-DM2287ZA59Z7J3UJ-part4', 'scsi-1ATA_OCZ-AGILITY3_OCZ-DM2287ZA59Z7J3UJ-part4', 'scsi-0ATA_OCZ-AGILITY3_OCZ-DM2287ZA59Z7J3UJ-part3', 'scsi-SATA_OCZ-AGILITY3_OCZ-DM2287ZA59Z7J3UJ-part3', 'scsi-1ATA_OCZ-AGILITY3_OCZ-DM2287ZA59Z7J3UJ-part3', 'scsi-1ATA_OCZ-AGILITY3_OCZ-DM2287ZA59Z7J3UJ-part1', 'scsi-0ATA_OCZ-AGILITY3_OCZ-DM2287ZA59Z7J3UJ-part1', 'scsi-SATA_OCZ-AGILITY3_OCZ-DM2287ZA59Z7J3UJ-part1']
Running command ['udevadm', 'info', '--query=property', '--export', '/dev/sdc'] with allowed return codes [0] (capture=True)
/dev/sdc is multipath device? False
Running command ['udevadm', 'info', '--query=property', '--export', '/dev/sdc'] with allowed return codes [0] (capture=True)
/dev/sdc is multipath device member? False
block.lookup_disk() returning path /dev/sdc
Running command ['partprobe', '/dev/sdc'] with allowed return codes [0, 1] (capture=False)
Running command ['udevadm', 'settle'] with allowed return codes [0] (capture=False)
TIMED udevadm_settle(): 0.041
devsync happy - path /dev/sdc now exists
return volume path /dev/sdc
Running command ['partprobe', '/dev/sdc'] with allowed return codes [0, 1] (capture=False)
Running command ['udevadm', 'settle'] with allowed return codes [0] (capture=False)
TIMED udevadm_settle(): 0.041
devsync happy - path /dev/sdc now exists
return volume path /dev/sdc3
mkfs /dev/sdc3 info: {'fstype': 'ext4', 'volume': 'boot-partition', 'preserve': False, 'id': 'boot-format', 'type': 'format'}
Running command ['lsblk', '--noheadings', '--bytes', '--pairs', '--output=ALIGNMENT,DISC-ALN,DISC-GRAN,DISC-MAX,DISC-ZERO,FSTYPE,GROUP,KNAME,LABEL,LOG-SEC,MAJ:MIN,MIN-IO,MODE,MODEL,MOUNTPOINT,NAME,OPT-IO,OWNER,PHY-SEC,RM,RO,ROTA,RQ-SIZE,SIZE,STATE,TYPE,UUID', '/dev/sdc3'] with allowed return codes [0] (capture=True)
get_blockdev_sector_size: info:
{
 "sdc3": {
  "ALIGNMENT": "0",
  "DISC-ALN": "0",
  "DISC-GRAN": "512",
  "DISC-MAX": "2147450880",
  "DISC-ZERO": "0",
  "FSTYPE": "",
  "GROUP": "disk",
  "KNAME": "sdc3",
  "LABEL": "",
  "LOG-SEC": "512",
  "MAJ:MIN": "8:35",
  "MIN-IO": "512",
  "MODE": "brw-rw----",
  "MODEL": "",
  "MOUNTPOINT": "",
  "NAME": "sdc3",
  "OPT-IO": "0",
  "OWNER": "root",
  "PHY-SEC": "512",
  "RM": "0",
  "RO": "0",
  "ROTA": "0",
  "RQ-SIZE": "64",
  "SIZE": "1073741824",
  "STATE": "",
  "TYPE": "part",
  "UUID": "",
  "device_path": "/dev/sdc3"
 }
}
get_blockdev_sector_size: (log=512, phys=512)
Running command ['mkfs.ext4', '-F', '-U', '8523d3ce-2ffa-461e-aeb6-35bdc750b407', '/dev/sdc3'] with allowed return codes [0] (capture=True)
Formated device type: partition
finish: cmd-install/stage-partitioning/builtin/cmd-block-meta: SUCCESS: configuring format: boot-format
start: cmd-install/stage-partitioning/builtin/cmd-block-meta: configuring format: root-format
get_path_to_storage_volume for volume root-partition({'device': 'disk0', 'size': 118419881984, 'number': 4, 'preserve': False, 'grub_device': False, 'id': 'root-partition', 'type': 'partition'})
get_path_to_storage_volume for volume disk0({'ptable': 'gpt', 'serial': 'OCZ-AGILITY3_OCZ-DM2287ZA59Z7J3UJ', 'path': '/dev/sdc', 'wipe': 'superblock-recursive', 'preserve': False, 'name': '', 'grub_device': True, 'id': 'disk0', 'type': 'disk'})
Processing serial OCZ-AGILITY3_OCZ-DM2287ZA59Z7J3UJ via udev to OCZ-AGILITY3_OCZ-DM2287ZA59Z7J3UJ
lookup_disks found: ['ata-OCZ-AGILITY3_OCZ-DM2287ZA59Z7J3UJ', 'ata-OCZ-AGILITY3_OCZ-DM2287ZA59Z7J3UJ-part4', 'ata-OCZ-AGILITY3_OCZ-DM2287ZA59Z7J3UJ-part3', 'ata-OCZ-AGILITY3_OCZ-DM2287ZA59Z7J3UJ-part1', 'ata-OCZ-AGILITY3_OCZ-DM2287ZA59Z7J3UJ-part2', 'scsi-0ATA_OCZ-AGILITY3_OCZ-DM2287ZA59Z7J3UJ', 'scsi-SATA_OCZ-AGILITY3_OCZ-DM2287ZA59Z7J3UJ', 'scsi-1ATA_OCZ-AGILITY3_OCZ-DM2287ZA59Z7J3UJ', 'scsi-1ATA_OCZ-AGILITY3_OCZ-DM2287ZA59Z7J3UJ-part4', 'scsi-0ATA_OCZ-AGILITY3_OCZ-DM2287ZA59Z7J3UJ-part4', 'scsi-SATA_OCZ-AGILITY3_OCZ-DM2287ZA59Z7J3UJ-part4', 'scsi-SATA_OCZ-AGILITY3_OCZ-DM2287ZA59Z7J3UJ-part3', 'scsi-1ATA_OCZ-AGILITY3_OCZ-DM2287ZA59Z7J3UJ-part3', 'scsi-0ATA_OCZ-AGILITY3_OCZ-DM2287ZA59Z7J3UJ-part3', 'scsi-0ATA_OCZ-AGILITY3_OCZ-DM2287ZA59Z7J3UJ-part1', 'scsi-1ATA_OCZ-AGILITY3_OCZ-DM2287ZA59Z7J3UJ-part1', 'scsi-SATA_OCZ-AGILITY3_OCZ-DM2287ZA59Z7J3UJ-part1', 'scsi-0ATA_OCZ-AGILITY3_OCZ-DM2287ZA59Z7J3UJ-part2', 'scsi-SATA_OCZ-AGILITY3_OCZ-DM2287ZA59Z7J3UJ-part2', 'scsi-1ATA_OCZ-AGILITY3_OCZ-DM2287ZA59Z7J3UJ-part2']
Running command ['udevadm', 'info', '--query=property', '--export', '/dev/sdc'] with allowed return codes [0] (capture=True)
/dev/sdc is multipath device? False
Running command ['udevadm', 'info', '--query=property', '--export', '/dev/sdc'] with allowed return codes [0] (capture=True)
/dev/sdc is multipath device member? False
block.lookup_disk() returning path /dev/sdc
Running command ['partprobe', '/dev/sdc'] with allowed return codes [0, 1] (capture=False)
Running command ['udevadm', 'settle'] with allowed return codes [0] (capture=False)
TIMED udevadm_settle(): 0.042
devsync happy - path /dev/sdc now exists
return volume path /dev/sdc
Running command ['partprobe', '/dev/sdc'] with allowed return codes [0, 1] (capture=False)
Running command ['udevadm', 'settle'] with allowed return codes [0] (capture=False)
TIMED udevadm_settle(): 0.044
devsync happy - path /dev/sdc now exists
return volume path /dev/sdc4
mkfs /dev/sdc4 info: {'fstype': 'ext4', 'volume': 'root-partition', 'preserve': False, 'id': 'root-format', 'type': 'format'}
Running command ['lsblk', '--noheadings', '--bytes', '--pairs', '--output=ALIGNMENT,DISC-ALN,DISC-GRAN,DISC-MAX,DISC-ZERO,FSTYPE,GROUP,KNAME,LABEL,LOG-SEC,MAJ:MIN,MIN-IO,MODE,MODEL,MOUNTPOINT,NAME,OPT-IO,OWNER,PHY-SEC,RM,RO,ROTA,RQ-SIZE,SIZE,STATE,TYPE,UUID', '/dev/sdc4'] with allowed return codes [0] (capture=True)
get_blockdev_sector_size: info:
{
 "sdc4": {
  "ALIGNMENT": "0",
  "DISC-ALN": "0",
  "DISC-GRAN": "512",
  "DISC-MAX": "2147450880",
  "DISC-ZERO": "0",
  "FSTYPE": "",
  "GROUP": "disk",
  "KNAME": "sdc4",
  "LABEL": "",
  "LOG-SEC": "512",
  "MAJ:MIN": "8:36",
  "MIN-IO": "512",
  "MODE": "brw-rw----",
  "MODEL": "",
  "MOUNTPOINT": "",
  "NAME": "sdc4",
  "OPT-IO": "0",
  "OWNER": "root",
  "PHY-SEC": "512",
  "RM": "0",
  "RO": "0",
  "ROTA": "0",
  "RQ-SIZE": "64",
  "SIZE": "118419881984",
  "STATE": "",
  "TYPE": "part",
  "UUID": "",
  "device_path": "/dev/sdc4"
 }
}
get_blockdev_sector_size: (log=512, phys=512)
Running command ['mkfs.ext4', '-F', '-U', '5121ab6c-4335-442d-b2d0-7e8ab6140065', '/dev/sdc4'] with allowed return codes [0] (capture=True)
Formated device type: partition
finish: cmd-install/stage-partitioning/builtin/cmd-block-meta: SUCCESS: configuring format: root-format
start: cmd-install/stage-partitioning/builtin/cmd-block-meta: configuring mount: root-mount
get_path_to_storage_volume for volume root-partition({'device': 'disk0', 'size': 118419881984, 'number': 4, 'preserve': False, 'grub_device': False, 'id': 'root-partition', 'type': 'partition'})
get_path_to_storage_volume for volume disk0({'ptable': 'gpt', 'serial': 'OCZ-AGILITY3_OCZ-DM2287ZA59Z7J3UJ', 'path': '/dev/sdc', 'wipe': 'superblock-recursive', 'preserve': False, 'name': '', 'grub_device': True, 'id': 'disk0', 'type': 'disk'})
Processing serial OCZ-AGILITY3_OCZ-DM2287ZA59Z7J3UJ via udev to OCZ-AGILITY3_OCZ-DM2287ZA59Z7J3UJ
lookup_disks found: ['ata-OCZ-AGILITY3_OCZ-DM2287ZA59Z7J3UJ', 'ata-OCZ-AGILITY3_OCZ-DM2287ZA59Z7J3UJ-part4', 'ata-OCZ-AGILITY3_OCZ-DM2287ZA59Z7J3UJ-part1', 'ata-OCZ-AGILITY3_OCZ-DM2287ZA59Z7J3UJ-part2', 'ata-OCZ-AGILITY3_OCZ-DM2287ZA59Z7J3UJ-part3', 'scsi-0ATA_OCZ-AGILITY3_OCZ-DM2287ZA59Z7J3UJ', 'scsi-SATA_OCZ-AGILITY3_OCZ-DM2287ZA59Z7J3UJ', 'scsi-1ATA_OCZ-AGILITY3_OCZ-DM2287ZA59Z7J3UJ', 'scsi-SATA_OCZ-AGILITY3_OCZ-DM2287ZA59Z7J3UJ-part4', 'scsi-0ATA_OCZ-AGILITY3_OCZ-DM2287ZA59Z7J3UJ-part4', 'scsi-1ATA_OCZ-AGILITY3_OCZ-DM2287ZA59Z7J3UJ-part4', 'scsi-1ATA_OCZ-AGILITY3_OCZ-DM2287ZA59Z7J3UJ-part1', 'scsi-0ATA_OCZ-AGILITY3_OCZ-DM2287ZA59Z7J3UJ-part2', 'scsi-0ATA_OCZ-AGILITY3_OCZ-DM2287ZA59Z7J3UJ-part1', 'scsi-SATA_OCZ-AGILITY3_OCZ-DM2287ZA59Z7J3UJ-part1', 'scsi-SATA_OCZ-AGILITY3_OCZ-DM2287ZA59Z7J3UJ-part2', 'scsi-1ATA_OCZ-AGILITY3_OCZ-DM2287ZA59Z7J3UJ-part2', 'scsi-SATA_OCZ-AGILITY3_OCZ-DM2287ZA59Z7J3UJ-part3', 'scsi-0ATA_OCZ-AGILITY3_OCZ-DM2287ZA59Z7J3UJ-part3', 'scsi-1ATA_OCZ-AGILITY3_OCZ-DM2287ZA59Z7J3UJ-part3']
Running command ['udevadm', 'info', '--query=property', '--export', '/dev/sdc'] with allowed return codes [0] (capture=True)
/dev/sdc is multipath device? False
Running command ['udevadm', 'info', '--query=property', '--export', '/dev/sdc'] with allowed return codes [0] (capture=True)
/dev/sdc is multipath device member? False
block.lookup_disk() returning path /dev/sdc
Running command ['partprobe', '/dev/sdc'] with allowed return codes [0, 1] (capture=False)
Running command ['udevadm', 'settle'] with allowed return codes [0] (capture=False)
TIMED udevadm_settle(): 0.048
devsync happy - path /dev/sdc now exists
return volume path /dev/sdc
Running command ['partprobe', '/dev/sdc'] with allowed return codes [0, 1] (capture=False)
Running command ['udevadm', 'settle'] with allowed return codes [0] (capture=False)
TIMED udevadm_settle(): 0.042
devsync happy - path /dev/sdc now exists
return volume path /dev/sdc4
volume_path=/dev/sdc4 found slaves: ['sdc4']
kname_is_iscsi: no iscsi disk found for kname sdc4
kname_is_iscsi: no iscsi disk found for kname sdc4
Running command ['mount', '-t', 'ext4', '-o', 'defaults', '/dev/sdc4', '/target/'] with allowed return codes [0] (capture=True)
Running command ['udevadm', 'info', '--query=property', '--export', '/dev/sdc4'] with allowed return codes [0] (capture=True)
Running command ['lsblk', '--noheadings', '--bytes', '--pairs', '--output=ALIGNMENT,DISC-ALN,DISC-GRAN,DISC-MAX,DISC-ZERO,FSTYPE,GROUP,KNAME,LABEL,LOG-SEC,MAJ:MIN,MIN-IO,MODE,MODEL,MOUNTPOINT,NAME,OPT-IO,OWNER,PHY-SEC,RM,RO,ROTA,RQ-SIZE,SIZE,STATE,TYPE,UUID', '/dev/sdc4'] with allowed return codes [0] (capture=True)
volspec: path=/dev/sdc4 type=part
info[DEVLINKS] = ['/dev/disk/by-id/scsi-0ATA_OCZ-AGILITY3_OCZ-DM2287ZA59Z7J3UJ-part4', '/dev/disk/by-id/wwn-0x5e83a97ed0d6b005-part4', '/dev/disk/by-id/scsi-35e83a97ed0d6b005-part4', '/dev/disk/by-id/scsi-SATA_OCZ-AGILITY3_OCZ-DM2287ZA59Z7J3UJ-part4', '/dev/disk/by-uuid/5121ab6c-4335-442d-b2d0-7e8ab6140065', '/dev/disk/by-id/scsi-1ATA_OCZ-AGILITY3_OCZ-DM2287ZA59Z7J3UJ-part4', '/dev/disk/by-diskseq/11-part4', '/dev/disk/by-partuuid/193f7112-f2d0-4629-8d7d-3f9383a33f63', '/dev/disk/by-path/pci-0000:00:17.0-ata-6-part4', '/dev/disk/by-id/ata-OCZ-AGILITY3_OCZ-DM2287ZA59Z7J3UJ-part4', '/dev/disk/by-path/pci-0000:00:17.0-ata-6.0-part4']
finish: cmd-install/stage-partitioning/builtin/cmd-block-meta: SUCCESS: configuring mount: root-mount
start: cmd-install/stage-partitioning/builtin/cmd-block-meta: configuring mount: boot-mount
get_path_to_storage_volume for volume boot-partition({'device': 'disk0', 'size': 1073741824, 'number': 3, 'preserve': False, 'grub_device': False, 'id': 'boot-partition', 'type': 'partition'})
get_path_to_storage_volume for volume disk0({'ptable': 'gpt', 'serial': 'OCZ-AGILITY3_OCZ-DM2287ZA59Z7J3UJ', 'path': '/dev/sdc', 'wipe': 'superblock-recursive', 'preserve': False, 'name': '', 'grub_device': True, 'id': 'disk0', 'type': 'disk'})
Processing serial OCZ-AGILITY3_OCZ-DM2287ZA59Z7J3UJ via udev to OCZ-AGILITY3_OCZ-DM2287ZA59Z7J3UJ
lookup_disks found: ['ata-OCZ-AGILITY3_OCZ-DM2287ZA59Z7J3UJ', 'ata-OCZ-AGILITY3_OCZ-DM2287ZA59Z7J3UJ-part2', 'ata-OCZ-AGILITY3_OCZ-DM2287ZA59Z7J3UJ-part4', 'ata-OCZ-AGILITY3_OCZ-DM2287ZA59Z7J3UJ-part1', 'ata-OCZ-AGILITY3_OCZ-DM2287ZA59Z7J3UJ-part3', 'scsi-0ATA_OCZ-AGILITY3_OCZ-DM2287ZA59Z7J3UJ', 'scsi-SATA_OCZ-AGILITY3_OCZ-DM2287ZA59Z7J3UJ', 'scsi-1ATA_OCZ-AGILITY3_OCZ-DM2287ZA59Z7J3UJ', 'scsi-SATA_OCZ-AGILITY3_OCZ-DM2287ZA59Z7J3UJ-part2', 'scsi-0ATA_OCZ-AGILITY3_OCZ-DM2287ZA59Z7J3UJ-part2', 'scsi-1ATA_OCZ-AGILITY3_OCZ-DM2287ZA59Z7J3UJ-part2', 'scsi-1ATA_OCZ-AGILITY3_OCZ-DM2287ZA59Z7J3UJ-part1', 'scsi-0ATA_OCZ-AGILITY3_OCZ-DM2287ZA59Z7J3UJ-part4', 'scsi-0ATA_OCZ-AGILITY3_OCZ-DM2287ZA59Z7J3UJ-part3', 'scsi-SATA_OCZ-AGILITY3_OCZ-DM2287ZA59Z7J3UJ-part1', 'scsi-SATA_OCZ-AGILITY3_OCZ-DM2287ZA59Z7J3UJ-part4', 'scsi-1ATA_OCZ-AGILITY3_OCZ-DM2287ZA59Z7J3UJ-part3', 'scsi-SATA_OCZ-AGILITY3_OCZ-DM2287ZA59Z7J3UJ-part3', 'scsi-0ATA_OCZ-AGILITY3_OCZ-DM2287ZA59Z7J3UJ-part1', 'scsi-1ATA_OCZ-AGILITY3_OCZ-DM2287ZA59Z7J3UJ-part4']
Running command ['udevadm', 'info', '--query=property', '--export', '/dev/sdc'] with allowed return codes [0] (capture=True)
/dev/sdc is multipath device? False
Running command ['udevadm', 'info', '--query=property', '--export', '/dev/sdc'] with allowed return codes [0] (capture=True)
/dev/sdc is multipath device member? False
block.lookup_disk() returning path /dev/sdc
Running command ['partprobe', '/dev/sdc'] with allowed return codes [0, 1] (capture=False)
Running command ['udevadm', 'settle'] with allowed return codes [0] (capture=False)
TIMED udevadm_settle(): 0.033
devsync happy - path /dev/sdc now exists
return volume path /dev/sdc
Running command ['partprobe', '/dev/sdc'] with allowed return codes [0, 1] (capture=False)
Running command ['udevadm', 'settle'] with allowed return codes [0] (capture=False)
TIMED udevadm_settle(): 0.028
devsync happy - path /dev/sdc now exists
return volume path /dev/sdc3
volume_path=/dev/sdc3 found slaves: ['sdc3']
kname_is_iscsi: no iscsi disk found for kname sdc3
kname_is_iscsi: no iscsi disk found for kname sdc3
Running command ['mount', '-t', 'ext4', '-o', 'defaults', '/dev/sdc3', '/target/boot'] with allowed return codes [0] (capture=True)
Running command ['udevadm', 'info', '--query=property', '--export', '/dev/sdc3'] with allowed return codes [0] (capture=True)
Running command ['lsblk', '--noheadings', '--bytes', '--pairs', '--output=ALIGNMENT,DISC-ALN,DISC-GRAN,DISC-MAX,DISC-ZERO,FSTYPE,GROUP,KNAME,LABEL,LOG-SEC,MAJ:MIN,MIN-IO,MODE,MODEL,MOUNTPOINT,NAME,OPT-IO,OWNER,PHY-SEC,RM,RO,ROTA,RQ-SIZE,SIZE,STATE,TYPE,UUID', '/dev/sdc3'] with allowed return codes [0] (capture=True)
volspec: path=/dev/sdc3 type=part
info[DEVLINKS] = ['/dev/disk/by-partuuid/c44f9394-95b8-462d-9ef3-93756b8e33d4', '/dev/disk/by-uuid/8523d3ce-2ffa-461e-aeb6-35bdc750b407', '/dev/disk/by-path/pci-0000:00:17.0-ata-6-part3', '/dev/disk/by-id/ata-OCZ-AGILITY3_OCZ-DM2287ZA59Z7J3UJ-part3', '/dev/disk/by-id/wwn-0x5e83a97ed0d6b005-part3', '/dev/disk/by-id/scsi-0ATA_OCZ-AGILITY3_OCZ-DM2287ZA59Z7J3UJ-part3', '/dev/disk/by-id/scsi-35e83a97ed0d6b005-part3', '/dev/disk/by-id/scsi-SATA_OCZ-AGILITY3_OCZ-DM2287ZA59Z7J3UJ-part3', '/dev/disk/by-id/scsi-1ATA_OCZ-AGILITY3_OCZ-DM2287ZA59Z7J3UJ-part3', '/dev/disk/by-diskseq/11-part3', '/dev/disk/by-path/pci-0000:00:17.0-ata-6.0-part3']
finish: cmd-install/stage-partitioning/builtin/cmd-block-meta: SUCCESS: configuring mount: boot-mount
start: cmd-install/stage-partitioning/builtin/cmd-block-meta: configuring mount: esp-mount
get_path_to_storage_volume for volume esp-partition({'device': 'disk0', 'size': 536870912, 'flag': 'boot', 'number': 2, 'preserve': False, 'grub_device': True, 'id': 'esp-partition', 'type': 'partition'})
get_path_to_storage_volume for volume disk0({'ptable': 'gpt', 'serial': 'OCZ-AGILITY3_OCZ-DM2287ZA59Z7J3UJ', 'path': '/dev/sdc', 'wipe': 'superblock-recursive', 'preserve': False, 'name': '', 'grub_device': True, 'id': 'disk0', 'type': 'disk'})
Processing serial OCZ-AGILITY3_OCZ-DM2287ZA59Z7J3UJ via udev to OCZ-AGILITY3_OCZ-DM2287ZA59Z7J3UJ
lookup_disks found: ['ata-OCZ-AGILITY3_OCZ-DM2287ZA59Z7J3UJ', 'ata-OCZ-AGILITY3_OCZ-DM2287ZA59Z7J3UJ-part2', 'ata-OCZ-AGILITY3_OCZ-DM2287ZA59Z7J3UJ-part4', 'ata-OCZ-AGILITY3_OCZ-DM2287ZA59Z7J3UJ-part1', 'ata-OCZ-AGILITY3_OCZ-DM2287ZA59Z7J3UJ-part3', 'scsi-0ATA_OCZ-AGILITY3_OCZ-DM2287ZA59Z7J3UJ', 'scsi-SATA_OCZ-AGILITY3_OCZ-DM2287ZA59Z7J3UJ', 'scsi-1ATA_OCZ-AGILITY3_OCZ-DM2287ZA59Z7J3UJ', 'scsi-SATA_OCZ-AGILITY3_OCZ-DM2287ZA59Z7J3UJ-part2', 'scsi-0ATA_OCZ-AGILITY3_OCZ-DM2287ZA59Z7J3UJ-part2', 'scsi-1ATA_OCZ-AGILITY3_OCZ-DM2287ZA59Z7J3UJ-part2', 'scsi-1ATA_OCZ-AGILITY3_OCZ-DM2287ZA59Z7J3UJ-part1', 'scsi-0ATA_OCZ-AGILITY3_OCZ-DM2287ZA59Z7J3UJ-part4', 'scsi-0ATA_OCZ-AGILITY3_OCZ-DM2287ZA59Z7J3UJ-part3', 'scsi-SATA_OCZ-AGILITY3_OCZ-DM2287ZA59Z7J3UJ-part1', 'scsi-SATA_OCZ-AGILITY3_OCZ-DM2287ZA59Z7J3UJ-part4', 'scsi-1ATA_OCZ-AGILITY3_OCZ-DM2287ZA59Z7J3UJ-part3', 'scsi-SATA_OCZ-AGILITY3_OCZ-DM2287ZA59Z7J3UJ-part3', 'scsi-0ATA_OCZ-AGILITY3_OCZ-DM2287ZA59Z7J3UJ-part1', 'scsi-1ATA_OCZ-AGILITY3_OCZ-DM2287ZA59Z7J3UJ-part4']
Running command ['udevadm', 'info', '--query=property', '--export', '/dev/sdc'] with allowed return codes [0] (capture=True)
/dev/sdc is multipath device? False
Running command ['udevadm', 'info', '--query=property', '--export', '/dev/sdc'] with allowed return codes [0] (capture=True)
/dev/sdc is multipath device member? False
block.lookup_disk() returning path /dev/sdc
Running command ['partprobe', '/dev/sdc'] with allowed return codes [0, 1] (capture=False)
Running command ['udevadm', 'settle'] with allowed return codes [0] (capture=False)
TIMED udevadm_settle(): 0.032
devsync happy - path /dev/sdc now exists
return volume path /dev/sdc
Running command ['partprobe', '/dev/sdc'] with allowed return codes [0, 1] (capture=False)
Running command ['udevadm', 'settle'] with allowed return codes [0] (capture=False)
TIMED udevadm_settle(): 0.031
devsync happy - path /dev/sdc now exists
return volume path /dev/sdc2
volume_path=/dev/sdc2 found slaves: ['sdc2']
kname_is_iscsi: no iscsi disk found for kname sdc2
kname_is_iscsi: no iscsi disk found for kname sdc2
Running command ['mount', '-t', 'vfat', '-o', 'defaults', '/dev/sdc2', '/target/boot/efi'] with allowed return codes [0] (capture=True)
Running command ['udevadm', 'info', '--query=property', '--export', '/dev/sdc2'] with allowed return codes [0] (capture=True)
Running command ['lsblk', '--noheadings', '--bytes', '--pairs', '--output=ALIGNMENT,DISC-ALN,DISC-GRAN,DISC-MAX,DISC-ZERO,FSTYPE,GROUP,KNAME,LABEL,LOG-SEC,MAJ:MIN,MIN-IO,MODE,MODEL,MOUNTPOINT,NAME,OPT-IO,OWNER,PHY-SEC,RM,RO,ROTA,RQ-SIZE,SIZE,STATE,TYPE,UUID', '/dev/sdc2'] with allowed return codes [0] (capture=True)
volspec: path=/dev/sdc2 type=part
info[DEVLINKS] = ['/dev/disk/by-id/scsi-SATA_OCZ-AGILITY3_OCZ-DM2287ZA59Z7J3UJ-part2', '/dev/disk/by-id/scsi-1ATA_OCZ-AGILITY3_OCZ-DM2287ZA59Z7J3UJ-part2', '/dev/disk/by-uuid/1930-28B9', '/dev/disk/by-id/scsi-0ATA_OCZ-AGILITY3_OCZ-DM2287ZA59Z7J3UJ-part2', '/dev/disk/by-diskseq/11-part2', '/dev/disk/by-id/wwn-0x5e83a97ed0d6b005-part2', '/dev/disk/by-id/scsi-35e83a97ed0d6b005-part2', '/dev/disk/by-partuuid/ab5ae28f-b0c7-467d-b020-cd7df44b6a62', '/dev/disk/by-path/pci-0000:00:17.0-ata-6-part2', '/dev/disk/by-id/ata-OCZ-AGILITY3_OCZ-DM2287ZA59Z7J3UJ-part2', '/dev/disk/by-path/pci-0000:00:17.0-ata-6.0-part2']
finish: cmd-install/stage-partitioning/builtin/cmd-block-meta: SUCCESS: configuring mount: esp-mount
TIMED BLOCK_META: 54.183
finish: cmd-install/stage-partitioning/builtin/cmd-block-meta: SUCCESS: curtin command block-meta
curtin: Installation finished.

---- [[ subiquity step extract ]] ----
curtin: Installation started. (24.0.0-41-g8bc0121d6)
start: cmd-install/stage-extract/builtin/cmd-extract: curtin command extract
Installing sources: [{'type': 'tgz', 'uri': 'cp:///tmp/tmpk82p9nfc/mount'}] to target at /target
start: cmd-install/stage-extract/builtin/cmd-extract: acquiring and extracting image from cp:///tmp/tmpk82p9nfc/mount
Setting up Trivial Source for stack /tmp/tmpk82p9nfc/mount
Running command ['rsync', '-aXHAS', '--one-file-system', '/tmp/tmpk82p9nfc/mount/', '.'] with allowed return codes [0] (capture=False)
finish: cmd-install/stage-extract/builtin/cmd-extract: SUCCESS: acquiring and extracting image from cp:///tmp/tmpk82p9nfc/mount
Applying write_files from config.
finish: cmd-install/stage-extract/builtin/cmd-extract: SUCCESS: curtin command extract
curtin: Installation finished.

---- [[ subiquity step curthooks ]] ----
curtin: Installation started. (24.0.0-41-g8bc0121d6)
start: cmd-install/stage-curthooks/builtin/cmd-curthooks: curtin command curthooks
Running curtin builtin curthooks
Configuring target system for distro: ubuntu osfamily: debian
start: cmd-install/stage-curthooks/builtin/cmd-curthooks/writing-apt-config: configuring apt configuring apt
No apt config provided, skipping
Running command ['mount', '--bind', '/dev', '/target/dev'] with allowed return codes [0] (capture=False)
Running command ['mount', '--bind', '/proc', '/target/proc'] with allowed return codes [0] (capture=False)
Running command ['mount', '--bind', '/run', '/target/run'] with allowed return codes [0] (capture=False)
Running command ['mount', '--bind', '/sys', '/target/sys'] with allowed return codes [0] (capture=False)
Running command ['mount', '--bind', '/sys/firmware/efi/efivars', '/target/sys/firmware/efi/efivars'] with allowed return codes [0] (capture=False)
Running command ['mount', '--bind', '/target/usr/bin/true', '/target/usr/bin/ischroot'] with allowed return codes [0] (capture=False)
Diverting original update-initramfs in target.
Running command ['unshare', '--help'] with allowed return codes [0] (capture=True)
Checking if target_proc (/target/proc) is a mount
It is, so unshare will use --mount-proc=/target/proc
Running command ['unshare', '--fork', '--pid', '--mount-proc=/target/proc', '--', 'chroot', '/target', 'dpkg-divert', '--add', '--rename', '--divert', '/usr/sbin/update-initramfs.curtin-disabled', '/usr/sbin/update-initramfs'] with allowed return codes [0] (capture=False)
Adding 'local diversion of /usr/sbin/update-initramfs to /usr/sbin/update-initramfs.curtin-disabled'
Running command ['udevadm', 'settle'] with allowed return codes [0] (capture=False)
TIMED subp(['udevadm', 'settle']): 0.004
Running command ['mount', '--make-private', '/target/usr/bin/ischroot'] with allowed return codes [0] (capture=False)
Running command ['umount', '/target/usr/bin/ischroot'] with allowed return codes [0] (capture=False)
Running command ['mount', '--make-private', '/target/sys/firmware/efi/efivars'] with allowed return codes [0] (capture=False)
Running command ['umount', '/target/sys/firmware/efi/efivars'] with allowed return codes [0] (capture=False)
Running command ['mount', '--make-private', '/target/sys'] with allowed return codes [0] (capture=False)
Running command ['umount', '/target/sys'] with allowed return codes [0] (capture=False)
Running command ['mount', '--make-private', '/target/run'] with allowed return codes [0] (capture=False)
Running command ['umount', '/target/run'] with allowed return codes [0] (capture=False)
Running command ['mount', '--make-private', '/target/proc'] with allowed return codes [0] (capture=False)
Running command ['umount', '/target/proc'] with allowed return codes [0] (capture=False)
Running command ['mount', '--make-private', '/target/dev'] with allowed return codes [0] (capture=False)
Running command ['umount', '/target/dev'] with allowed return codes [0] (capture=False)
finish: cmd-install/stage-curthooks/builtin/cmd-curthooks/writing-apt-config: SUCCESS: configuring apt configuring apt
Checking if target_proc (/target/proc) is a mount
It's not, using normal behavior
Running command ['unshare', '--fork', '--pid', '--', 'chroot', '/target', 'lsb_release', '--all'] with allowed return codes [0] (capture=True)
start: cmd-install/stage-curthooks/builtin/cmd-curthooks/installing-missing-packages: installing missing packages
Checking if target_proc (/target/proc) is a mount
It's not, using normal behavior
Running command ['unshare', '--fork', '--pid', '--', 'chroot', '/target', 'dpkg-query', '--list'] with allowed return codes [0] (capture=True)
Curtin config dependencies requires additional packages: ['e2fsprogs']
Running command ['dpkg', '--print-architecture'] with allowed return codes [0] (capture=True)
Running command ['apt-cache', 'pkgnames'] with allowed return codes [0] (capture=True)
Running command ['apt-cache', 'pkgnames'] with allowed return codes [0] (capture=True)
Skipping install of {'grub-efi-amd64', 'grub-efi-amd64-signed', 'vlan', 'shim-signed', 'ifenslave', 'bridge-utils', 'efibootmgr'}.  Not needed on netplan system.
start: cmd-install/stage-curthooks/builtin/cmd-curthooks: Installing packages on target system: ['efibootmgr', 'grub-efi-amd64', 'grub-efi-amd64-signed', 'shim-signed']
Updating apt sources in /target
Running command ['mount', '--bind', '/dev', '/target/dev'] with allowed return codes [0] (capture=False)
Running command ['mount', '--bind', '/proc', '/target/proc'] with allowed return codes [0] (capture=False)
Running command ['mount', '--bind', '/run', '/target/run'] with allowed return codes [0] (capture=False)
Running command ['mount', '--bind', '/sys', '/target/sys'] with allowed return codes [0] (capture=False)
Running command ['mount', '--bind', '/sys/firmware/efi/efivars', '/target/sys/firmware/efi/efivars'] with allowed return codes [0] (capture=False)
Running command ['mount', '--bind', '/target/usr/bin/true', '/target/usr/bin/ischroot'] with allowed return codes [0] (capture=False)
Checking if target_proc (/target/proc) is a mount
It is, so unshare will use --mount-proc=/target/proc
Running command ['unshare', '--fork', '--pid', '--mount-proc=/target/proc', '--', 'chroot', '/target', 'apt-get', '--quiet', '--option=Acquire::Languages=none', 'update'] with allowed return codes [0] (capture=False)
Get:1 file:/cdrom noble InRelease
Ign:1 file:/cdrom noble InRelease
Get:2 file:/cdrom noble Release [1072 B]
Get:2 file:/cdrom noble Release [1072 B]
Hit:4 http://it.archive.ubuntu.com/ubuntu noble InRelease
Hit:5 http://it.archive.ubuntu.com/ubuntu noble-updates InRelease
Hit:6 http://it.archive.ubuntu.com/ubuntu noble-backports InRelease
Hit:7 http://security.ubuntu.com/ubuntu noble-security InRelease
Reading package lists...
Running command ['udevadm', 'settle'] with allowed return codes [0] (capture=False)
TIMED subp(['udevadm', 'settle']): 0.008
Running command ['mount', '--make-private', '/target/usr/bin/ischroot'] with allowed return codes [0] (capture=False)
Running command ['umount', '/target/usr/bin/ischroot'] with allowed return codes [0] (capture=False)
Running command ['mount', '--make-private', '/target/sys/firmware/efi/efivars'] with allowed return codes [0] (capture=False)
Running command ['umount', '/target/sys/firmware/efi/efivars'] with allowed return codes [0] (capture=False)
Running command ['mount', '--make-private', '/target/sys'] with allowed return codes [0] (capture=False)
Running command ['umount', '/target/sys'] with allowed return codes [0] (capture=False)
Running command ['mount', '--make-private', '/target/run'] with allowed return codes [0] (capture=False)
Running command ['umount', '/target/run'] with allowed return codes [0] (capture=False)
Running command ['mount', '--make-private', '/target/proc'] with allowed return codes [0] (capture=False)
Running command ['umount', '/target/proc'] with allowed return codes [0] (capture=False)
Running command ['mount', '--make-private', '/target/dev'] with allowed return codes [0] (capture=False)
Running command ['umount', '/target/dev'] with allowed return codes [0] (capture=False)
Running command ['mount', '--bind', '/dev', '/target/dev'] with allowed return codes [0] (capture=False)
Running command ['mount', '--bind', '/proc', '/target/proc'] with allowed return codes [0] (capture=False)
Running command ['mount', '--bind', '/run', '/target/run'] with allowed return codes [0] (capture=False)
Running command ['mount', '--bind', '/sys', '/target/sys'] with allowed return codes [0] (capture=False)
Running command ['mount', '--bind', '/sys/firmware/efi/efivars', '/target/sys/firmware/efi/efivars'] with allowed return codes [0] (capture=False)
Running command ['mount', '--bind', '/target/usr/bin/true', '/target/usr/bin/ischroot'] with allowed return codes [0] (capture=False)
Checking if target_proc (/target/proc) is a mount
It is, so unshare will use --mount-proc=/target/proc
Running command ['unshare', '--fork', '--pid', '--mount-proc=/target/proc', '--', 'chroot', '/target', 'apt-get', '--quiet', '--assume-yes', '--option=Dpkg::options::=--force-unsafe-io', '--option=Dpkg::Options::=--force-confold', 'install', '--download-only', 'efibootmgr', 'grub-efi-amd64', 'grub-efi-amd64-signed', 'shim-signed'] with allowed return codes [0] (capture=False)
Reading package lists...
Building dependency tree...
Reading state information...
The following additional packages will be installed:
  grub-common grub-efi-amd64-bin grub2-common libefiboot1t64 libefivar1t64
  libfreetype6 mokutil os-prober
Suggested packages:
  multiboot-doc grub-emu mtools xorriso desktop-base
The following NEW packages will be installed:
  efibootmgr grub-common grub-efi-amd64 grub-efi-amd64-bin
  grub-efi-amd64-signed grub2-common libefiboot1t64 libefivar1t64 libfreetype6
  mokutil os-prober shim-signed
0 upgraded, 12 newly installed, 0 to remove and 142 not upgraded.
Need to get 402 kB/7115 kB of archives.
After this operation, 38.6 MB of additional disk space will be used.
Get:1 file:/cdrom noble/main amd64 libefivar1t64 amd64 38-3.1build1 [57.8 kB]
Get:2 file:/cdrom noble/main amd64 libefiboot1t64 amd64 38-3.1build1 [40.6 kB]
Get:3 file:/cdrom noble/main amd64 efibootmgr amd64 18-1build2 [31.7 kB]
Get:4 file:/cdrom noble/main amd64 grub-common amd64 2.12-1ubuntu7.3 [2120 kB]
Get:5 file:/cdrom noble/main amd64 grub-efi-amd64-bin amd64 2.12-1ubuntu7.3 [1638 kB]
Get:6 file:/cdrom noble/main amd64 grub2-common amd64 2.12-1ubuntu7.3 [670 kB]
Get:7 file:/cdrom noble/main amd64 grub-efi-amd64 amd64 2.12-1ubuntu7.3 [52.8 kB]
Get:8 file:/cdrom noble/main amd64 grub-efi-amd64-signed amd64 1.202.5+2.12-1ubuntu7.3 [1393 kB]
Get:9 file:/cdrom noble/main amd64 mokutil amd64 0.6.0-2build3 [26.8 kB]
Get:10 file:/cdrom noble/main amd64 os-prober amd64 1.81ubuntu4 [18.0 kB]
Get:11 http://it.archive.ubuntu.com/ubuntu noble-updates/main amd64 libfreetype6 amd64 2.13.2+dfsg-1ubuntu0.1 [402 kB]
Get:12 file:/cdrom noble/main amd64 shim-signed amd64 1.58+15.8-0ubuntu1 [665 kB]
Fetched 402 kB in 0s (3533 kB/s)
Download complete and in download only mode
Checking if target_proc (/target/proc) is a mount
It is, so unshare will use --mount-proc=/target/proc
Running command ['unshare', '--fork', '--pid', '--mount-proc=/target/proc', '--', 'chroot', '/target', 'apt-get', '--quiet', '--assume-yes', '--option=Dpkg::options::=--force-unsafe-io', '--option=Dpkg::Options::=--force-confold', 'install', 'efibootmgr', 'grub-efi-amd64', 'grub-efi-amd64-signed', 'shim-signed'] with allowed return codes [0] (capture=False)
Reading package lists...
Building dependency tree...
Reading state information...
The following additional packages will be installed:
  grub-common grub-efi-amd64-bin grub2-common libefiboot1t64 libefivar1t64
  libfreetype6 mokutil os-prober
Suggested packages:
  multiboot-doc grub-emu mtools xorriso desktop-base
The following NEW packages will be installed:
  efibootmgr grub-common grub-efi-amd64 grub-efi-amd64-bin
  grub-efi-amd64-signed grub2-common libefiboot1t64 libefivar1t64 libfreetype6
  mokutil os-prober shim-signed
0 upgraded, 12 newly installed, 0 to remove and 142 not upgraded.
Need to get 0 B/7115 kB of archives.
After this operation, 38.6 MB of additional disk space will be used.
Get:1 file:/cdrom noble/main amd64 libefivar1t64 amd64 38-3.1build1 [57.8 kB]
Get:2 file:/cdrom noble/main amd64 libefiboot1t64 amd64 38-3.1build1 [40.6 kB]
Get:3 file:/cdrom noble/main amd64 efibootmgr amd64 18-1build2 [31.7 kB]
Get:4 file:/cdrom noble/main amd64 grub-common amd64 2.12-1ubuntu7.3 [2120 kB]
Get:5 file:/cdrom noble/main amd64 grub-efi-amd64-bin amd64 2.12-1ubuntu7.3 [1638 kB]
Get:6 file:/cdrom noble/main amd64 grub2-common amd64 2.12-1ubuntu7.3 [670 kB]
Get:7 file:/cdrom noble/main amd64 grub-efi-amd64 amd64 2.12-1ubuntu7.3 [52.8 kB]
Get:8 file:/cdrom noble/main amd64 grub-efi-amd64-signed amd64 1.202.5+2.12-1ubuntu7.3 [1393 kB]
Get:9 file:/cdrom noble/main amd64 mokutil amd64 0.6.0-2build3 [26.8 kB]
Get:10 file:/cdrom noble/main amd64 os-prober amd64 1.81ubuntu4 [18.0 kB]
Get:11 file:/cdrom noble/main amd64 shim-signed amd64 1.58+15.8-0ubuntu1 [665 kB]
Preconfiguring packages ...
E: Can not write log (Is /dev/pts mounted?) - posix_openpt (19: No such device)
Selecting previously unselected package libefivar1t64:amd64.
(Reading database ... 34486 files and directories currently installed.)
Preparing to unpack .../00-libefivar1t64_38-3.1build1_amd64.deb ...
Unpacking libefivar1t64:amd64 (38-3.1build1) ...
Selecting previously unselected package libefiboot1t64:amd64.
Preparing to unpack .../01-libefiboot1t64_38-3.1build1_amd64.deb ...
Unpacking libefiboot1t64:amd64 (38-3.1build1) ...
Selecting previously unselected package efibootmgr.
Preparing to unpack .../02-efibootmgr_18-1build2_amd64.deb ...
Unpacking efibootmgr (18-1build2) ...
Selecting previously unselected package libfreetype6:amd64.
Preparing to unpack .../03-libfreetype6_2.13.2+dfsg-1ubuntu0.1_amd64.deb ...
Unpacking libfreetype6:amd64 (2.13.2+dfsg-1ubuntu0.1) ...
Selecting previously unselected package grub-common.
Preparing to unpack .../04-grub-common_2.12-1ubuntu7.3_amd64.deb ...
Unpacking grub-common (2.12-1ubuntu7.3) ...
Selecting previously unselected package grub-efi-amd64-bin.
Preparing to unpack .../05-grub-efi-amd64-bin_2.12-1ubuntu7.3_amd64.deb ...
Unpacking grub-efi-amd64-bin (2.12-1ubuntu7.3) ...
Selecting previously unselected package grub2-common.
Preparing to unpack .../06-grub2-common_2.12-1ubuntu7.3_amd64.deb ...
Unpacking grub2-common (2.12-1ubuntu7.3) ...
Selecting previously unselected package grub-efi-amd64.
Preparing to unpack .../07-grub-efi-amd64_2.12-1ubuntu7.3_amd64.deb ...
Unpacking grub-efi-amd64 (2.12-1ubuntu7.3) ...
Selecting previously unselected package grub-efi-amd64-signed.
Preparing to unpack .../08-grub-efi-amd64-signed_1.202.5+2.12-1ubuntu7.3_amd64.deb ...
Unpacking grub-efi-amd64-signed (1.202.5+2.12-1ubuntu7.3) ...
Selecting previously unselected package mokutil.
Preparing to unpack .../09-mokutil_0.6.0-2build3_amd64.deb ...
Unpacking mokutil (0.6.0-2build3) ...
Selecting previously unselected package os-prober.
Preparing to unpack .../10-os-prober_1.81ubuntu4_amd64.deb ...
Unpacking os-prober (1.81ubuntu4) ...
Selecting previously unselected package shim-signed.
Preparing to unpack .../11-shim-signed_1.58+15.8-0ubuntu1_amd64.deb ...
Unpacking shim-signed (1.58+15.8-0ubuntu1) ...
Setting up libefivar1t64:amd64 (38-3.1build1) ...
Setting up libfreetype6:amd64 (2.13.2+dfsg-1ubuntu0.1) ...
Setting up libefiboot1t64:amd64 (38-3.1build1) ...
Setting up efibootmgr (18-1build2) ...
Setting up mokutil (0.6.0-2build3) ...
Setting up grub-common (2.12-1ubuntu7.3) ...
update-rc.d: warning: start and stop actions are no longer supported; falling back to defaults
Running in chroot, ignoring command 'daemon-reload'
invoke-rc.d: policy-rc.d denied execution of start.
Created symlink /etc/systemd/system/multi-user.target.wants/grub-common.service → /usr/lib/systemd/system/grub-common.service.
Created symlink /etc/systemd/system/suspend.target.wants/grub-common.service → /usr/lib/systemd/system/grub-common.service.
Created symlink /etc/systemd/system/hibernate.target.wants/grub-common.service → /usr/lib/systemd/system/grub-common.service.
Created symlink /etc/systemd/system/hybrid-sleep.target.wants/grub-common.service → /usr/lib/systemd/system/grub-common.service.
Created symlink /etc/systemd/system/suspend-then-hibernate.target.wants/grub-common.service → /usr/lib/systemd/system/grub-common.service.
Created symlink /etc/systemd/system/multi-user.target.wants/grub-initrd-fallback.service → /usr/lib/systemd/system/grub-initrd-fallback.service.
Created symlink /etc/systemd/system/rescue.target.wants/grub-initrd-fallback.service → /usr/lib/systemd/system/grub-initrd-fallback.service.
Created symlink /etc/systemd/system/emergency.target.wants/grub-initrd-fallback.service → /usr/lib/systemd/system/grub-initrd-fallback.service.
Created symlink /etc/systemd/system/sleep.target.wants/grub-initrd-fallback.service → /usr/lib/systemd/system/grub-initrd-fallback.service.
Running in chroot, ignoring command 'daemon-reload'
/usr/sbin/policy-rc.d returned 101, not running 'start grub-common.service grub-initrd-fallback.service'
Setting up os-prober (1.81ubuntu4) ...
Setting up grub-efi-amd64-bin (2.12-1ubuntu7.3) ...
Setting up grub2-common (2.12-1ubuntu7.3) ...
Setting up grub-efi-amd64 (2.12-1ubuntu7.3) ...

Creating config file /etc/default/grub with new version
Setting up grub-efi-amd64-signed (1.202.5+2.12-1ubuntu7.3) ...
Setting up shim-signed (1.58+15.8-0ubuntu1) ...
update-alternatives: using /usr/lib/shim/shimx64.efi.signed.latest to provide /usr/lib/shim/shimx64.efi.signed (shimx64.efi.signed) in auto mode
Processing triggers for libc-bin (2.39-0ubuntu8.7) ...
Processing triggers for man-db (2.12.0-4build2) ...
Processing triggers for install-info (7.1-3build2) ...

Failed to retrieve available kernel versions.

The processor microcode seems to be up-to-date.

No services need to be restarted.

No containers need to be restarted.

No user sessions are running outdated binaries.

No VM guests are running outdated hypervisor (qemu) binaries on this host.
Running command ['udevadm', 'settle'] with allowed return codes [0] (capture=False)
TIMED subp(['udevadm', 'settle']): 0.002
Running command ['mount', '--make-private', '/target/usr/bin/ischroot'] with allowed return codes [0] (capture=False)
Running command ['umount', '/target/usr/bin/ischroot'] with allowed return codes [0] (capture=False)
Running command ['mount', '--make-private', '/target/sys/firmware/efi/efivars'] with allowed return codes [0] (capture=False)
Running command ['umount', '/target/sys/firmware/efi/efivars'] with allowed return codes [0] (capture=False)
Running command ['mount', '--make-private', '/target/sys'] with allowed return codes [0] (capture=False)
Running command ['umount', '/target/sys'] with allowed return codes [0] (capture=False)
Running command ['mount', '--make-private', '/target/run'] with allowed return codes [0] (capture=False)
Running command ['umount', '/target/run'] with allowed return codes [0] (capture=False)
Running command ['mount', '--make-private', '/target/proc'] with allowed return codes [0] (capture=False)
Running command ['umount', '/target/proc'] with allowed return codes [0] (capture=False)
Running command ['mount', '--make-private', '/target/dev'] with allowed return codes [0] (capture=False)
Running command ['umount', '/target/dev'] with allowed return codes [0] (capture=False)
Running command ['mount', '--bind', '/dev', '/target/dev'] with allowed return codes [0] (capture=False)
Running command ['mount', '--bind', '/proc', '/target/proc'] with allowed return codes [0] (capture=False)
Running command ['mount', '--bind', '/run', '/target/run'] with allowed return codes [0] (capture=False)
Running command ['mount', '--bind', '/sys', '/target/sys'] with allowed return codes [0] (capture=False)
Running command ['mount', '--bind', '/sys/firmware/efi/efivars', '/target/sys/firmware/efi/efivars'] with allowed return codes [0] (capture=False)
Running command ['mount', '--bind', '/target/usr/bin/true', '/target/usr/bin/ischroot'] with allowed return codes [0] (capture=False)
Checking if target_proc (/target/proc) is a mount
It is, so unshare will use --mount-proc=/target/proc
Running command ['unshare', '--fork', '--pid', '--mount-proc=/target/proc', '--', 'chroot', '/target', 'apt-get', 'clean'] with allowed return codes [0] (capture=False)
Running command ['udevadm', 'settle'] with allowed return codes [0] (capture=False)
TIMED subp(['udevadm', 'settle']): 0.002
Running command ['mount', '--make-private', '/target/usr/bin/ischroot'] with allowed return codes [0] (capture=False)
Running command ['umount', '/target/usr/bin/ischroot'] with allowed return codes [0] (capture=False)
Running command ['mount', '--make-private', '/target/sys/firmware/efi/efivars'] with allowed return codes [0] (capture=False)
Running command ['umount', '/target/sys/firmware/efi/efivars'] with allowed return codes [0] (capture=False)
Running command ['mount', '--make-private', '/target/sys'] with allowed return codes [0] (capture=False)
Running command ['umount', '/target/sys'] with allowed return codes [0] (capture=False)
Running command ['mount', '--make-private', '/target/run'] with allowed return codes [0] (capture=False)
Running command ['umount', '/target/run'] with allowed return codes [0] (capture=False)
Running command ['mount', '--make-private', '/target/proc'] with allowed return codes [0] (capture=False)
Running command ['umount', '/target/proc'] with allowed return codes [0] (capture=False)
Running command ['mount', '--make-private', '/target/dev'] with allowed return codes [0] (capture=False)
Running command ['umount', '/target/dev'] with allowed return codes [0] (capture=False)
finish: cmd-install/stage-curthooks/builtin/cmd-curthooks: SUCCESS: Installing packages on target system: ['efibootmgr', 'grub-efi-amd64', 'grub-efi-amd64-signed', 'shim-signed']
finish: cmd-install/stage-curthooks/builtin/cmd-curthooks/installing-missing-packages: SUCCESS: installing missing packages
start: cmd-install/stage-curthooks/builtin/cmd-curthooks/configuring-iscsi-service: configuring iscsi service
finish: cmd-install/stage-curthooks/builtin/cmd-curthooks/configuring-iscsi-service: SUCCESS: configuring iscsi service
start: cmd-install/stage-curthooks/builtin/cmd-curthooks/configuring-mdadm-service: configuring raid (mdadm) service
finish: cmd-install/stage-curthooks/builtin/cmd-curthooks/configuring-mdadm-service: SUCCESS: configuring raid (mdadm) service
start: cmd-install/stage-curthooks/builtin/cmd-curthooks/configuring-nvme-over-tcp: configuring NVMe over TCP
finish: cmd-install/stage-curthooks/builtin/cmd-curthooks/configuring-nvme-over-tcp: SUCCESS: configuring NVMe over TCP
start: cmd-install/stage-curthooks/builtin/cmd-curthooks/installing-kernel: installing kernel
Checking if target_proc (/target/proc) is a mount
It's not, using normal behavior
Running command ['unshare', '--fork', '--pid', '--', 'chroot', '/target', 'lsb_release', '--all'] with allowed return codes [0] (capture=True)
Running command ['dpkg', '--print-architecture'] with allowed return codes [0] (capture=True)
Updating apt sources in /target
Running command ['mount', '--bind', '/dev', '/target/dev'] with allowed return codes [0] (capture=False)
Running command ['mount', '--bind', '/proc', '/target/proc'] with allowed return codes [0] (capture=False)
Running command ['mount', '--bind', '/run', '/target/run'] with allowed return codes [0] (capture=False)
Running command ['mount', '--bind', '/sys', '/target/sys'] with allowed return codes [0] (capture=False)
Running command ['mount', '--bind', '/sys/firmware/efi/efivars', '/target/sys/firmware/efi/efivars'] with allowed return codes [0] (capture=False)
Running command ['mount', '--bind', '/target/usr/bin/true', '/target/usr/bin/ischroot'] with allowed return codes [0] (capture=False)
Checking if target_proc (/target/proc) is a mount
It is, so unshare will use --mount-proc=/target/proc
Running command ['unshare', '--fork', '--pid', '--mount-proc=/target/proc', '--', 'chroot', '/target', 'apt-get', '--quiet', '--option=Acquire::Languages=none', 'update'] with allowed return codes [0] (capture=False)
Get:1 file:/cdrom noble InRelease
Ign:1 file:/cdrom noble InRelease
Get:2 file:/cdrom noble Release [1072 B]
Get:2 file:/cdrom noble Release [1072 B]
Hit:4 http://it.archive.ubuntu.com/ubuntu noble InRelease
Hit:5 http://security.ubuntu.com/ubuntu noble-security InRelease
Hit:6 http://it.archive.ubuntu.com/ubuntu noble-updates InRelease
Hit:7 http://it.archive.ubuntu.com/ubuntu noble-backports InRelease
Reading package lists...
Running command ['udevadm', 'settle'] with allowed return codes [0] (capture=False)
TIMED subp(['udevadm', 'settle']): 0.008
Running command ['mount', '--make-private', '/target/usr/bin/ischroot'] with allowed return codes [0] (capture=False)
Running command ['umount', '/target/usr/bin/ischroot'] with allowed return codes [0] (capture=False)
Running command ['mount', '--make-private', '/target/sys/firmware/efi/efivars'] with allowed return codes [0] (capture=False)
Running command ['umount', '/target/sys/firmware/efi/efivars'] with allowed return codes [0] (capture=False)
Running command ['mount', '--make-private', '/target/sys'] with allowed return codes [0] (capture=False)
Running command ['umount', '/target/sys'] with allowed return codes [0] (capture=False)
Running command ['mount', '--make-private', '/target/run'] with allowed return codes [0] (capture=False)
Running command ['umount', '/target/run'] with allowed return codes [0] (capture=False)
Running command ['mount', '--make-private', '/target/proc'] with allowed return codes [0] (capture=False)
Running command ['umount', '/target/proc'] with allowed return codes [0] (capture=False)
Running command ['mount', '--make-private', '/target/dev'] with allowed return codes [0] (capture=False)
Running command ['umount', '/target/dev'] with allowed return codes [0] (capture=False)
Running command ['mount', '--bind', '/dev', '/target/dev'] with allowed return codes [0] (capture=False)
Running command ['mount', '--bind', '/proc', '/target/proc'] with allowed return codes [0] (capture=False)
Running command ['mount', '--bind', '/run', '/target/run'] with allowed return codes [0] (capture=False)
Running command ['mount', '--bind', '/sys', '/target/sys'] with allowed return codes [0] (capture=False)
Running command ['mount', '--bind', '/sys/firmware/efi/efivars', '/target/sys/firmware/efi/efivars'] with allowed return codes [0] (capture=False)
Running command ['mount', '--bind', '/target/usr/bin/true', '/target/usr/bin/ischroot'] with allowed return codes [0] (capture=False)
Checking if target_proc (/target/proc) is a mount
It is, so unshare will use --mount-proc=/target/proc
Running command ['unshare', '--fork', '--pid', '--mount-proc=/target/proc', '--', 'chroot', '/target', 'apt-get', '--quiet', '--assume-yes', '--option=Dpkg::options::=--force-unsafe-io', '--option=Dpkg::Options::=--force-confold', 'install', '--download-only', 'linux-generic'] with allowed return codes [0] (capture=False)
Reading package lists...
Building dependency tree...
Reading state information...
The following additional packages will be installed:
  amd64-microcode bpfcc-tools bpftrace firmware-sof-signed fontconfig-config
  fonts-dejavu-core fonts-dejavu-mono hwdata ieee-data intel-microcode
  iucode-tool libaom3 libbpfcc libc-dev-bin libc-devtools libc6-dev
  libclang-cpp18 libclang1-18 libcrypt-dev libdbus-glib-1-2 libdeflate0
  libfontconfig1 libgd3 libheif-plugin-aomdec libheif-plugin-aomenc libheif1
  libimobiledevice6 libjbig0 libjpeg-turbo8 libjpeg8 liblerc4 libllvm18
  libplist-2.0-4 libsharpyuv0 libtiff6 libupower-glib3 libusbmuxd6 libwebp7
  libxpm4 linux-firmware linux-headers-6.8.0-136
  linux-headers-6.8.0-136-generic linux-headers-generic
  linux-image-6.8.0-136-generic linux-image-generic linux-libc-dev
  linux-modules-6.8.0-136-generic linux-modules-extra-6.8.0-136-generic
  linux-tools-6.8.0-136 linux-tools-6.8.0-136-generic linux-tools-common
  manpages-dev python3-bpfcc python3-netaddr rpcsvc-proto thermald
  ubuntu-kernel-accessories upower usbmuxd wireless-regdb
Suggested packages:
  glibc-doc libgd-tools libheif-plugin-libde265 libheif-plugin-x265
  libheif-plugin-ffmpegdec libheif-plugin-jpegdec libheif-plugin-jpegenc
  libheif-plugin-j2kdec libheif-plugin-j2kenc libheif-plugin-rav1e
  libheif-plugin-svtenc libusbmuxd-tools fdutils linux-tools ipython3
  python-netaddr-docs
The following NEW packages will be installed:
  amd64-microcode bpfcc-tools bpftrace firmware-sof-signed fontconfig-config
  fonts-dejavu-core fonts-dejavu-mono hwdata ieee-data intel-microcode
  iucode-tool libaom3 libbpfcc libc-dev-bin libc-devtools libc6-dev
  libclang-cpp18 libclang1-18 libcrypt-dev libdbus-glib-1-2 libdeflate0
  libfontconfig1 libgd3 libheif-plugin-aomdec libheif-plugin-aomenc libheif1
  libimobiledevice6 libjbig0 libjpeg-turbo8 libjpeg8 liblerc4 libllvm18
  libplist-2.0-4 libsharpyuv0 libtiff6 libupower-glib3 libusbmuxd6 libwebp7
  libxpm4 linux-firmware linux-generic linux-headers-6.8.0-136
  linux-headers-6.8.0-136-generic linux-headers-generic
  linux-image-6.8.0-136-generic linux-image-generic linux-libc-dev
  linux-modules-6.8.0-136-generic linux-modules-extra-6.8.0-136-generic
  linux-tools-6.8.0-136 linux-tools-6.8.0-136-generic linux-tools-common
  manpages-dev python3-bpfcc python3-netaddr rpcsvc-proto thermald
  ubuntu-kernel-accessories upower usbmuxd wireless-regdb
0 upgraded, 61 newly installed, 0 to remove and 142 not upgraded.
Need to get 857 MB/919 MB of archives.
After this operation, 1269 MB of additional disk space will be used.
Get:1 http://it.archive.ubuntu.com/ubuntu noble-updates/main amd64 firmware-sof-signed all 2023.12.1-1ubuntu1.11 [9017 kB]
Get:2 file:/cdrom noble/main amd64 libllvm18 amd64 1:18.1.3-1ubuntu1 [27.5 MB]
Get:3 file:/cdrom noble/main amd64 libclang-cpp18 amd64 1:18.1.3-1ubuntu1 [13.5 MB]
Get:4 file:/cdrom noble/main amd64 libbpfcc amd64 0.29.1+ds-1ubuntu7 [663 kB]
Get:5 file:/cdrom noble/main amd64 python3-bpfcc all 0.29.1+ds-1ubuntu7 [40.2 kB]
Get:6 file:/cdrom noble/main amd64 ieee-data all 20220827.1 [2113 kB]
Get:7 file:/cdrom noble/main amd64 python3-netaddr all 0.8.0-2ubuntu1 [319 kB]
Get:8 file:/cdrom noble/main amd64 bpfcc-tools all 0.29.1+ds-1ubuntu7 [687 kB]
Get:9 file:/cdrom noble/main amd64 libclang1-18 amd64 1:18.1.3-1ubuntu1 [7803 kB]
Get:10 file:/cdrom noble/main amd64 bpftrace amd64 0.20.2-1ubuntu4.3 [1011 kB]
Get:11 file:/cdrom noble/main amd64 fonts-dejavu-mono all 2.37-8 [502 kB]
Get:12 file:/cdrom noble/main amd64 fonts-dejavu-core all 2.37-8 [835 kB]
Get:13 file:/cdrom noble/main amd64 fontconfig-config amd64 2.15.0-1.1ubuntu2 [37.3 kB]
Get:14 file:/cdrom noble/main amd64 hwdata all 0.379-1 [29.1 kB]
Get:15 file:/cdrom noble/main amd64 iucode-tool amd64 2.3.1-3build1 [43.9 kB]
Get:16 file:/cdrom noble/main amd64 libaom3 amd64 3.8.2-2ubuntu0.1 [1941 kB]
Get:17 file:/cdrom noble/main amd64 libc-dev-bin amd64 2.39-0ubuntu8.7 [20.4 kB]
Get:18 file:/cdrom noble/main amd64 libfontconfig1 amd64 2.15.0-1.1ubuntu2 [139 kB]
Get:19 file:/cdrom noble/main amd64 libsharpyuv0 amd64 1.3.2-0.4build3 [15.8 kB]
Get:20 file:/cdrom noble/main amd64 libjpeg-turbo8 amd64 2.1.5-2ubuntu2 [150 kB]
Get:21 file:/cdrom noble/main amd64 libjpeg8 amd64 8c-2ubuntu11 [2148 B]
Get:22 file:/cdrom noble/main amd64 libdeflate0 amd64 1.19-1build1.1 [43.9 kB]
Get:23 file:/cdrom noble/main amd64 libjbig0 amd64 2.1-6.1ubuntu2 [29.7 kB]
Get:24 file:/cdrom noble/main amd64 liblerc4 amd64 4.0.0+ds-4ubuntu2 [179 kB]
Get:25 file:/cdrom noble/main amd64 libwebp7 amd64 1.3.2-0.4build3 [230 kB]
Get:26 file:/cdrom noble/main amd64 libxpm4 amd64 1:3.5.17-1build2 [36.5 kB]
Get:27 file:/cdrom noble/main amd64 libgd3 amd64 2.3.3-9ubuntu5 [128 kB]
Get:28 file:/cdrom noble/main amd64 libc-devtools amd64 2.39-0ubuntu8.7 [29.3 kB]
Get:29 file:/cdrom noble/main amd64 libcrypt-dev amd64 1:4.4.36-4build1 [112 kB]
Get:30 file:/cdrom noble/main amd64 rpcsvc-proto amd64 1.4.2-0ubuntu7 [67.4 kB]
Get:31 file:/cdrom noble/main amd64 libc6-dev amd64 2.39-0ubuntu8.7 [2124 kB]
Get:32 file:/cdrom noble/main amd64 libdbus-glib-1-2 amd64 0.112-3build2 [64.2 kB]
Get:33 file:/cdrom noble/main amd64 libplist-2.0-4 amd64 2.3.0-1~exp2build2 [48.0 kB]
Get:34 file:/cdrom noble/main amd64 libusbmuxd6 amd64 2.0.2-4build3 [20.3 kB]
Get:35 file:/cdrom noble/main amd64 libimobiledevice6 amd64 1.3.0-8.1build3 [70.3 kB]
Get:36 file:/cdrom noble/main amd64 libupower-glib3 amd64 1.90.3-1 [39.0 kB]
Get:37 file:/cdrom noble/main amd64 manpages-dev all 6.7-2 [2013 kB]
Get:38 file:/cdrom noble/main amd64 ubuntu-kernel-accessories amd64 1.539.2 [10.9 kB]
Get:39 file:/cdrom noble/main amd64 upower amd64 1.90.3-1 [84.4 kB]
Get:40 file:/cdrom noble/main amd64 usbmuxd amd64 1.1.1-5~exp3ubuntu2.1 [42.3 kB]
Get:41 http://it.archive.ubuntu.com/ubuntu noble-updates/main amd64 libheif-plugin-aomdec amd64 1.17.6-1ubuntu4.6 [11.3 kB]
Get:42 http://it.archive.ubuntu.com/ubuntu noble-updates/main amd64 libheif1 amd64 1.17.6-1ubuntu4.6 [276 kB]
Get:43 http://it.archive.ubuntu.com/ubuntu noble-updates/main amd64 libtiff6 amd64 4.5.1+git230720-4ubuntu2.5 [200 kB]
Get:44 http://it.archive.ubuntu.com/ubuntu noble-updates/main amd64 linux-libc-dev amd64 6.8.0-136.136 [1575 kB]
Get:45 http://it.archive.ubuntu.com/ubuntu noble-updates/main amd64 libheif-plugin-aomenc amd64 1.17.6-1ubuntu4.6 [14.7 kB]
Get:46 http://it.archive.ubuntu.com/ubuntu noble-updates/main amd64 linux-firmware amd64 20240318.git3b128b60-0ubuntu2.27 [641 MB]
Get:47 http://it.archive.ubuntu.com/ubuntu noble-updates/main amd64 linux-modules-6.8.0-136-generic amd64 6.8.0-136.136 [39.2 MB]
Get:48 http://it.archive.ubuntu.com/ubuntu noble-updates/main amd64 linux-image-6.8.0-136-generic amd64 6.8.0-136.136 [14.8 MB]
Get:49 http://it.archive.ubuntu.com/ubuntu noble-updates/main amd64 wireless-regdb all 2025.10.07-0ubuntu1~24.04.1 [7542 B]
Get:50 http://it.archive.ubuntu.com/ubuntu noble-updates/main amd64 linux-modules-extra-6.8.0-136-generic amd64 6.8.0-136.136 [113 MB]
Get:51 http://it.archive.ubuntu.com/ubuntu noble-updates/main amd64 intel-microcode amd64 3.20260210.0ubuntu0.24.04.1 [13.5 MB]
Get:52 http://it.archive.ubuntu.com/ubuntu noble-updates/main amd64 amd64-microcode amd64 3.20251202.1ubuntu0.24.04.1 [458 kB]
Get:53 http://it.archive.ubuntu.com/ubuntu noble-updates/main amd64 linux-image-generic amd64 6.8.0-136.136 [11.5 kB]
Get:54 http://it.archive.ubuntu.com/ubuntu noble-updates/main amd64 linux-headers-6.8.0-136 all 6.8.0-136.136 [13.7 MB]
Get:55 http://it.archive.ubuntu.com/ubuntu noble-updates/main amd64 linux-headers-6.8.0-136-generic amd64 6.8.0-136.136 [3797 kB]
Get:56 http://it.archive.ubuntu.com/ubuntu noble-updates/main amd64 linux-headers-generic amd64 6.8.0-136.136 [11.3 kB]
Get:57 http://it.archive.ubuntu.com/ubuntu noble-updates/main amd64 linux-generic amd64 6.8.0-136.136 [1696 B]
Get:58 http://it.archive.ubuntu.com/ubuntu noble-updates/main amd64 linux-tools-common all 6.8.0-136.136 [416 kB]
Get:59 http://it.archive.ubuntu.com/ubuntu noble-updates/main amd64 linux-tools-6.8.0-136 amd64 6.8.0-136.136 [5298 kB]
Get:60 http://it.archive.ubuntu.com/ubuntu noble-updates/main amd64 linux-tools-6.8.0-136-generic amd64 6.8.0-136.136 [1810 B]
Get:61 http://it.archive.ubuntu.com/ubuntu noble-updates/main amd64 thermald amd64 2.5.6-2ubuntu0.24.04.5 [214 kB]
Fetched 857 MB in 51s (16.6 MB/s)
Download complete and in download only mode
Checking if target_proc (/target/proc) is a mount
It is, so unshare will use --mount-proc=/target/proc
Running command ['unshare', '--fork', '--pid', '--mount-proc=/target/proc', '--', 'chroot', '/target', 'apt-get', '--quiet', '--assume-yes', '--option=Dpkg::options::=--force-unsafe-io', '--option=Dpkg::Options::=--force-confold', 'install', 'linux-generic'] with allowed return codes [0] (capture=False)
Reading package lists...
Building dependency tree...
Reading state information...
The following additional packages will be installed:
  amd64-microcode bpfcc-tools bpftrace firmware-sof-signed fontconfig-config
  fonts-dejavu-core fonts-dejavu-mono hwdata ieee-data intel-microcode
  iucode-tool libaom3 libbpfcc libc-dev-bin libc-devtools libc6-dev
  libclang-cpp18 libclang1-18 libcrypt-dev libdbus-glib-1-2 libdeflate0
  libfontconfig1 libgd3 libheif-plugin-aomdec libheif-plugin-aomenc libheif1
  libimobiledevice6 libjbig0 libjpeg-turbo8 libjpeg8 liblerc4 libllvm18
  libplist-2.0-4 libsharpyuv0 libtiff6 libupower-glib3 libusbmuxd6 libwebp7
  libxpm4 linux-firmware linux-headers-6.8.0-136
  linux-headers-6.8.0-136-generic linux-headers-generic
  linux-image-6.8.0-136-generic linux-image-generic linux-libc-dev
  linux-modules-6.8.0-136-generic linux-modules-extra-6.8.0-136-generic
  linux-tools-6.8.0-136 linux-tools-6.8.0-136-generic linux-tools-common
  manpages-dev python3-bpfcc python3-netaddr rpcsvc-proto thermald
  ubuntu-kernel-accessories upower usbmuxd wireless-regdb
Suggested packages:
  glibc-doc libgd-tools libheif-plugin-libde265 libheif-plugin-x265
  libheif-plugin-ffmpegdec libheif-plugin-jpegdec libheif-plugin-jpegenc
  libheif-plugin-j2kdec libheif-plugin-j2kenc libheif-plugin-rav1e
  libheif-plugin-svtenc libusbmuxd-tools fdutils linux-tools ipython3
  python-netaddr-docs
The following NEW packages will be installed:
  amd64-microcode bpfcc-tools bpftrace firmware-sof-signed fontconfig-config
  fonts-dejavu-core fonts-dejavu-mono hwdata ieee-data intel-microcode
  iucode-tool libaom3 libbpfcc libc-dev-bin libc-devtools libc6-dev
  libclang-cpp18 libclang1-18 libcrypt-dev libdbus-glib-1-2 libdeflate0
  libfontconfig1 libgd3 libheif-plugin-aomdec libheif-plugin-aomenc libheif1
  libimobiledevice6 libjbig0 libjpeg-turbo8 libjpeg8 liblerc4 libllvm18
  libplist-2.0-4 libsharpyuv0 libtiff6 libupower-glib3 libusbmuxd6 libwebp7
  libxpm4 linux-firmware linux-generic linux-headers-6.8.0-136
  linux-headers-6.8.0-136-generic linux-headers-generic
  linux-image-6.8.0-136-generic linux-image-generic linux-libc-dev
  linux-modules-6.8.0-136-generic linux-modules-extra-6.8.0-136-generic
  linux-tools-6.8.0-136 linux-tools-6.8.0-136-generic linux-tools-common
  manpages-dev python3-bpfcc python3-netaddr rpcsvc-proto thermald
  ubuntu-kernel-accessories upower usbmuxd wireless-regdb
0 upgraded, 61 newly installed, 0 to remove and 142 not upgraded.
Need to get 0 B/919 MB of archives.
After this operation, 1269 MB of additional disk space will be used.
Get:1 file:/cdrom noble/main amd64 libllvm18 amd64 1:18.1.3-1ubuntu1 [27.5 MB]
Get:2 file:/cdrom noble/main amd64 libclang-cpp18 amd64 1:18.1.3-1ubuntu1 [13.5 MB]
Get:3 file:/cdrom noble/main amd64 libbpfcc amd64 0.29.1+ds-1ubuntu7 [663 kB]
Get:4 file:/cdrom noble/main amd64 python3-bpfcc all 0.29.1+ds-1ubuntu7 [40.2 kB]
Get:5 file:/cdrom noble/main amd64 ieee-data all 20220827.1 [2113 kB]
Get:6 file:/cdrom noble/main amd64 python3-netaddr all 0.8.0-2ubuntu1 [319 kB]
Get:7 file:/cdrom noble/main amd64 bpfcc-tools all 0.29.1+ds-1ubuntu7 [687 kB]
Get:8 file:/cdrom noble/main amd64 libclang1-18 amd64 1:18.1.3-1ubuntu1 [7803 kB]
Get:9 file:/cdrom noble/main amd64 bpftrace amd64 0.20.2-1ubuntu4.3 [1011 kB]
Get:10 file:/cdrom noble/main amd64 fonts-dejavu-mono all 2.37-8 [502 kB]
Get:11 file:/cdrom noble/main amd64 fonts-dejavu-core all 2.37-8 [835 kB]
Get:12 file:/cdrom noble/main amd64 fontconfig-config amd64 2.15.0-1.1ubuntu2 [37.3 kB]
Get:13 file:/cdrom noble/main amd64 hwdata all 0.379-1 [29.1 kB]
Get:14 file:/cdrom noble/main amd64 iucode-tool amd64 2.3.1-3build1 [43.9 kB]
Get:15 file:/cdrom noble/main amd64 libaom3 amd64 3.8.2-2ubuntu0.1 [1941 kB]
Get:16 file:/cdrom noble/main amd64 libc-dev-bin amd64 2.39-0ubuntu8.7 [20.4 kB]
Get:17 file:/cdrom noble/main amd64 libfontconfig1 amd64 2.15.0-1.1ubuntu2 [139 kB]
Get:18 file:/cdrom noble/main amd64 libsharpyuv0 amd64 1.3.2-0.4build3 [15.8 kB]
Get:19 file:/cdrom noble/main amd64 libjpeg-turbo8 amd64 2.1.5-2ubuntu2 [150 kB]
Get:20 file:/cdrom noble/main amd64 libjpeg8 amd64 8c-2ubuntu11 [2148 B]
Get:21 file:/cdrom noble/main amd64 libdeflate0 amd64 1.19-1build1.1 [43.9 kB]
Get:22 file:/cdrom noble/main amd64 libjbig0 amd64 2.1-6.1ubuntu2 [29.7 kB]
Get:23 file:/cdrom noble/main amd64 liblerc4 amd64 4.0.0+ds-4ubuntu2 [179 kB]
Get:24 file:/cdrom noble/main amd64 libwebp7 amd64 1.3.2-0.4build3 [230 kB]
Get:25 file:/cdrom noble/main amd64 libxpm4 amd64 1:3.5.17-1build2 [36.5 kB]
Get:26 file:/cdrom noble/main amd64 libgd3 amd64 2.3.3-9ubuntu5 [128 kB]
Get:27 file:/cdrom noble/main amd64 libc-devtools amd64 2.39-0ubuntu8.7 [29.3 kB]
Get:28 file:/cdrom noble/main amd64 libcrypt-dev amd64 1:4.4.36-4build1 [112 kB]
Get:29 file:/cdrom noble/main amd64 rpcsvc-proto amd64 1.4.2-0ubuntu7 [67.4 kB]
Get:30 file:/cdrom noble/main amd64 libc6-dev amd64 2.39-0ubuntu8.7 [2124 kB]
Get:31 file:/cdrom noble/main amd64 libdbus-glib-1-2 amd64 0.112-3build2 [64.2 kB]
Get:32 file:/cdrom noble/main amd64 libplist-2.0-4 amd64 2.3.0-1~exp2build2 [48.0 kB]
Get:33 file:/cdrom noble/main amd64 libusbmuxd6 amd64 2.0.2-4build3 [20.3 kB]
Get:34 file:/cdrom noble/main amd64 libimobiledevice6 amd64 1.3.0-8.1build3 [70.3 kB]
Get:35 file:/cdrom noble/main amd64 libupower-glib3 amd64 1.90.3-1 [39.0 kB]
Get:36 file:/cdrom noble/main amd64 manpages-dev all 6.7-2 [2013 kB]
Get:37 file:/cdrom noble/main amd64 ubuntu-kernel-accessories amd64 1.539.2 [10.9 kB]
Get:38 file:/cdrom noble/main amd64 upower amd64 1.90.3-1 [84.4 kB]
Get:39 file:/cdrom noble/main amd64 usbmuxd amd64 1.1.1-5~exp3ubuntu2.1 [42.3 kB]
debconf: unable to initialize frontend: Dialog
debconf: (TERM is not set, so the dialog frontend is not usable.)
debconf: falling back to frontend: Readline
debconf: unable to initialize frontend: Readline
debconf: (This frontend requires a controlling tty.)
debconf: falling back to frontend: Teletype
dpkg-preconfigure: unable to re-open stdin: 
E: Can not write log (Is /dev/pts mounted?) - posix_openpt (19: No such device)
Selecting previously unselected package libllvm18:amd64.
(Reading database ... 35012 files and directories currently installed.)
Preparing to unpack .../00-libllvm18_1%3a18.1.3-1ubuntu1_amd64.deb ...
Unpacking libllvm18:amd64 (1:18.1.3-1ubuntu1) ...
Selecting previously unselected package libclang-cpp18.
Preparing to unpack .../01-libclang-cpp18_1%3a18.1.3-1ubuntu1_amd64.deb ...
Unpacking libclang-cpp18 (1:18.1.3-1ubuntu1) ...
Selecting previously unselected package libbpfcc:amd64.
Preparing to unpack .../02-libbpfcc_0.29.1+ds-1ubuntu7_amd64.deb ...
Unpacking libbpfcc:amd64 (0.29.1+ds-1ubuntu7) ...
Selecting previously unselected package python3-bpfcc.
Preparing to unpack .../03-python3-bpfcc_0.29.1+ds-1ubuntu7_all.deb ...
Unpacking python3-bpfcc (0.29.1+ds-1ubuntu7) ...
Selecting previously unselected package ieee-data.
Preparing to unpack .../04-ieee-data_20220827.1_all.deb ...
Unpacking ieee-data (20220827.1) ...
Selecting previously unselected package python3-netaddr.
Preparing to unpack .../05-python3-netaddr_0.8.0-2ubuntu1_all.deb ...
Unpacking python3-netaddr (0.8.0-2ubuntu1) ...
Selecting previously unselected package bpfcc-tools.
Preparing to unpack .../06-bpfcc-tools_0.29.1+ds-1ubuntu7_all.deb ...
Unpacking bpfcc-tools (0.29.1+ds-1ubuntu7) ...
Selecting previously unselected package libclang1-18.
Preparing to unpack .../07-libclang1-18_1%3a18.1.3-1ubuntu1_amd64.deb ...
Unpacking libclang1-18 (1:18.1.3-1ubuntu1) ...
Selecting previously unselected package bpftrace.
Preparing to unpack .../08-bpftrace_0.20.2-1ubuntu4.3_amd64.deb ...
Unpacking bpftrace (0.20.2-1ubuntu4.3) ...
Selecting previously unselected package firmware-sof-signed.
Preparing to unpack .../09-firmware-sof-signed_2023.12.1-1ubuntu1.11_all.deb ...
Unpacking firmware-sof-signed (2023.12.1-1ubuntu1.11) ...
Selecting previously unselected package fonts-dejavu-mono.
Preparing to unpack .../10-fonts-dejavu-mono_2.37-8_all.deb ...
Unpacking fonts-dejavu-mono (2.37-8) ...
Selecting previously unselected package fonts-dejavu-core.
Preparing to unpack .../11-fonts-dejavu-core_2.37-8_all.deb ...
Unpacking fonts-dejavu-core (2.37-8) ...
Selecting previously unselected package fontconfig-config.
Preparing to unpack .../12-fontconfig-config_2.15.0-1.1ubuntu2_amd64.deb ...
Unpacking fontconfig-config (2.15.0-1.1ubuntu2) ...
Selecting previously unselected package hwdata.
Preparing to unpack .../13-hwdata_0.379-1_all.deb ...
Unpacking hwdata (0.379-1) ...
Selecting previously unselected package iucode-tool.
Preparing to unpack .../14-iucode-tool_2.3.1-3build1_amd64.deb ...
Unpacking iucode-tool (2.3.1-3build1) ...
Selecting previously unselected package libaom3:amd64.
Preparing to unpack .../15-libaom3_3.8.2-2ubuntu0.1_amd64.deb ...
Unpacking libaom3:amd64 (3.8.2-2ubuntu0.1) ...
Selecting previously unselected package libc-dev-bin.
Preparing to unpack .../16-libc-dev-bin_2.39-0ubuntu8.7_amd64.deb ...
Unpacking libc-dev-bin (2.39-0ubuntu8.7) ...
Selecting previously unselected package libfontconfig1:amd64.
Preparing to unpack .../17-libfontconfig1_2.15.0-1.1ubuntu2_amd64.deb ...
Unpacking libfontconfig1:amd64 (2.15.0-1.1ubuntu2) ...
Selecting previously unselected package libsharpyuv0:amd64.
Preparing to unpack .../18-libsharpyuv0_1.3.2-0.4build3_amd64.deb ...
Unpacking libsharpyuv0:amd64 (1.3.2-0.4build3) ...
Selecting previously unselected package libheif-plugin-aomdec:amd64.
Preparing to unpack .../19-libheif-plugin-aomdec_1.17.6-1ubuntu4.6_amd64.deb ...
Unpacking libheif-plugin-aomdec:amd64 (1.17.6-1ubuntu4.6) ...
Selecting previously unselected package libheif1:amd64.
Preparing to unpack .../20-libheif1_1.17.6-1ubuntu4.6_amd64.deb ...
Unpacking libheif1:amd64 (1.17.6-1ubuntu4.6) ...
Selecting previously unselected package libjpeg-turbo8:amd64.
Preparing to unpack .../21-libjpeg-turbo8_2.1.5-2ubuntu2_amd64.deb ...
Unpacking libjpeg-turbo8:amd64 (2.1.5-2ubuntu2) ...
Selecting previously unselected package libjpeg8:amd64.
Preparing to unpack .../22-libjpeg8_8c-2ubuntu11_amd64.deb ...
Unpacking libjpeg8:amd64 (8c-2ubuntu11) ...
Selecting previously unselected package libdeflate0:amd64.
Preparing to unpack .../23-libdeflate0_1.19-1build1.1_amd64.deb ...
Unpacking libdeflate0:amd64 (1.19-1build1.1) ...
Selecting previously unselected package libjbig0:amd64.
Preparing to unpack .../24-libjbig0_2.1-6.1ubuntu2_amd64.deb ...
Unpacking libjbig0:amd64 (2.1-6.1ubuntu2) ...
Selecting previously unselected package liblerc4:amd64.
Preparing to unpack .../25-liblerc4_4.0.0+ds-4ubuntu2_amd64.deb ...
Unpacking liblerc4:amd64 (4.0.0+ds-4ubuntu2) ...
Selecting previously unselected package libwebp7:amd64.
Preparing to unpack .../26-libwebp7_1.3.2-0.4build3_amd64.deb ...
Unpacking libwebp7:amd64 (1.3.2-0.4build3) ...
Selecting previously unselected package libtiff6:amd64.
Preparing to unpack .../27-libtiff6_4.5.1+git230720-4ubuntu2.5_amd64.deb ...
Unpacking libtiff6:amd64 (4.5.1+git230720-4ubuntu2.5) ...
Selecting previously unselected package libxpm4:amd64.
Preparing to unpack .../28-libxpm4_1%3a3.5.17-1build2_amd64.deb ...
Unpacking libxpm4:amd64 (1:3.5.17-1build2) ...
Selecting previously unselected package libgd3:amd64.
Preparing to unpack .../29-libgd3_2.3.3-9ubuntu5_amd64.deb ...
Unpacking libgd3:amd64 (2.3.3-9ubuntu5) ...
Selecting previously unselected package libc-devtools.
Preparing to unpack .../30-libc-devtools_2.39-0ubuntu8.7_amd64.deb ...
Unpacking libc-devtools (2.39-0ubuntu8.7) ...
Selecting previously unselected package linux-libc-dev:amd64.
Preparing to unpack .../31-linux-libc-dev_6.8.0-136.136_amd64.deb ...
Unpacking linux-libc-dev:amd64 (6.8.0-136.136) ...
Selecting previously unselected package libcrypt-dev:amd64.
Preparing to unpack .../32-libcrypt-dev_1%3a4.4.36-4build1_amd64.deb ...
Unpacking libcrypt-dev:amd64 (1:4.4.36-4build1) ...
Selecting previously unselected package rpcsvc-proto.
Preparing to unpack .../33-rpcsvc-proto_1.4.2-0ubuntu7_amd64.deb ...
Unpacking rpcsvc-proto (1.4.2-0ubuntu7) ...
Selecting previously unselected package libc6-dev:amd64.
Preparing to unpack .../34-libc6-dev_2.39-0ubuntu8.7_amd64.deb ...
Unpacking libc6-dev:amd64 (2.39-0ubuntu8.7) ...
Selecting previously unselected package libdbus-glib-1-2:amd64.
Preparing to unpack .../35-libdbus-glib-1-2_0.112-3build2_amd64.deb ...
Unpacking libdbus-glib-1-2:amd64 (0.112-3build2) ...
Selecting previously unselected package libheif-plugin-aomenc:amd64.
Preparing to unpack .../36-libheif-plugin-aomenc_1.17.6-1ubuntu4.6_amd64.deb ...
Unpacking libheif-plugin-aomenc:amd64 (1.17.6-1ubuntu4.6) ...
Selecting previously unselected package libplist-2.0-4:amd64.
Preparing to unpack .../37-libplist-2.0-4_2.3.0-1~exp2build2_amd64.deb ...
Unpacking libplist-2.0-4:amd64 (2.3.0-1~exp2build2) ...
Selecting previously unselected package libusbmuxd6:amd64.
Preparing to unpack .../38-libusbmuxd6_2.0.2-4build3_amd64.deb ...
Unpacking libusbmuxd6:amd64 (2.0.2-4build3) ...
Selecting previously unselected package libimobiledevice6:amd64.
Preparing to unpack .../39-libimobiledevice6_1.3.0-8.1build3_amd64.deb ...
Unpacking libimobiledevice6:amd64 (1.3.0-8.1build3) ...
Selecting previously unselected package libupower-glib3:amd64.
Preparing to unpack .../40-libupower-glib3_1.90.3-1_amd64.deb ...
Unpacking libupower-glib3:amd64 (1.90.3-1) ...
Selecting previously unselected package linux-firmware.
Preparing to unpack .../41-linux-firmware_20240318.git3b128b60-0ubuntu2.27_amd64.deb ...
Unpacking linux-firmware (20240318.git3b128b60-0ubuntu2.27) ...
Selecting previously unselected package linux-modules-6.8.0-136-generic.
Preparing to unpack .../42-linux-modules-6.8.0-136-generic_6.8.0-136.136_amd64.deb ...
Unpacking linux-modules-6.8.0-136-generic (6.8.0-136.136) ...
Selecting previously unselected package linux-image-6.8.0-136-generic.
Preparing to unpack .../43-linux-image-6.8.0-136-generic_6.8.0-136.136_amd64.deb ...
Unpacking linux-image-6.8.0-136-generic (6.8.0-136.136) ...
Selecting previously unselected package wireless-regdb.
Preparing to unpack .../44-wireless-regdb_2025.10.07-0ubuntu1~24.04.1_all.deb ...
Unpacking wireless-regdb (2025.10.07-0ubuntu1~24.04.1) ...
Selecting previously unselected package linux-modules-extra-6.8.0-136-generic.
Preparing to unpack .../45-linux-modules-extra-6.8.0-136-generic_6.8.0-136.136_amd64.deb ...
Unpacking linux-modules-extra-6.8.0-136-generic (6.8.0-136.136) ...
Selecting previously unselected package intel-microcode.
Preparing to unpack .../46-intel-microcode_3.20260210.0ubuntu0.24.04.1_amd64.deb ...
Unpacking intel-microcode (3.20260210.0ubuntu0.24.04.1) ...
Selecting previously unselected package amd64-microcode.
Preparing to unpack .../47-amd64-microcode_3.20251202.1ubuntu0.24.04.1_amd64.deb ...
Unpacking amd64-microcode (3.20251202.1ubuntu0.24.04.1) ...
Selecting previously unselected package linux-image-generic.
Preparing to unpack .../48-linux-image-generic_6.8.0-136.136_amd64.deb ...
Unpacking linux-image-generic (6.8.0-136.136) ...
Selecting previously unselected package linux-headers-6.8.0-136.
Preparing to unpack .../49-linux-headers-6.8.0-136_6.8.0-136.136_all.deb ...
Unpacking linux-headers-6.8.0-136 (6.8.0-136.136) ...
Selecting previously unselected package linux-headers-6.8.0-136-generic.
Preparing to unpack .../50-linux-headers-6.8.0-136-generic_6.8.0-136.136_amd64.deb ...
Unpacking linux-headers-6.8.0-136-generic (6.8.0-136.136) ...
Selecting previously unselected package linux-headers-generic.
Preparing to unpack .../51-linux-headers-generic_6.8.0-136.136_amd64.deb ...
Unpacking linux-headers-generic (6.8.0-136.136) ...
Selecting previously unselected package linux-generic.
Preparing to unpack .../52-linux-generic_6.8.0-136.136_amd64.deb ...
Unpacking linux-generic (6.8.0-136.136) ...
Selecting previously unselected package linux-tools-common.
Preparing to unpack .../53-linux-tools-common_6.8.0-136.136_all.deb ...
Unpacking linux-tools-common (6.8.0-136.136) ...
Selecting previously unselected package linux-tools-6.8.0-136.
Preparing to unpack .../54-linux-tools-6.8.0-136_6.8.0-136.136_amd64.deb ...
Unpacking linux-tools-6.8.0-136 (6.8.0-136.136) ...
Selecting previously unselected package linux-tools-6.8.0-136-generic.
Preparing to unpack .../55-linux-tools-6.8.0-136-generic_6.8.0-136.136_amd64.deb ...
Unpacking linux-tools-6.8.0-136-generic (6.8.0-136.136) ...
Selecting previously unselected package manpages-dev.
Preparing to unpack .../56-manpages-dev_6.7-2_all.deb ...
Unpacking manpages-dev (6.7-2) ...
Selecting previously unselected package thermald.
Preparing to unpack .../57-thermald_2.5.6-2ubuntu0.24.04.5_amd64.deb ...
Unpacking thermald (2.5.6-2ubuntu0.24.04.5) ...
Selecting previously unselected package ubuntu-kernel-accessories.
Preparing to unpack .../58-ubuntu-kernel-accessories_1.539.2_amd64.deb ...
Unpacking ubuntu-kernel-accessories (1.539.2) ...
Selecting previously unselected package upower.
Preparing to unpack .../59-upower_1.90.3-1_amd64.deb ...
Unpacking upower (1.90.3-1) ...
Selecting previously unselected package usbmuxd.
Preparing to unpack .../60-usbmuxd_1.1.1-5~exp3ubuntu2.1_amd64.deb ...
info: The home dir /var/lib/usbmux you specified can't be accessed: No such file or directory

info: Selecting UID from range 100 to 999 ...

info: Adding system user `usbmux' (UID 108) ...
info: Adding new user `usbmux' (UID 108) with group `plugdev' ...
info: Not creating home directory `/var/lib/usbmux'.
Unpacking usbmuxd (1.1.1-5~exp3ubuntu2.1) ...
Setting up libsharpyuv0:amd64 (1.3.2-0.4build3) ...
Setting up libaom3:amd64 (3.8.2-2ubuntu0.1) ...
Setting up manpages-dev (6.7-2) ...
Setting up ubuntu-kernel-accessories (1.539.2) ...
Setting up liblerc4:amd64 (4.0.0+ds-4ubuntu2) ...
Setting up libxpm4:amd64 (1:3.5.17-1build2) ...
Setting up iucode-tool (2.3.1-3build1) ...
Setting up linux-firmware (20240318.git3b128b60-0ubuntu2.27) ...
Setting up intel-microcode (3.20260210.0ubuntu0.24.04.1) ...
intel-microcode: microcode will be updated at next boot
Setting up firmware-sof-signed (2023.12.1-1ubuntu1.11) ...
Setting up wireless-regdb (2025.10.07-0ubuntu1~24.04.1) ...
Setting up libdeflate0:amd64 (1.19-1build1.1) ...
Setting up linux-libc-dev:amd64 (6.8.0-136.136) ...
Setting up amd64-microcode (3.20251202.1ubuntu0.24.04.1) ...
amd64-microcode: microcode will be updated at next boot
Setting up libjbig0:amd64 (2.1-6.1ubuntu2) ...
Setting up hwdata (0.379-1) ...
Setting up rpcsvc-proto (1.4.2-0ubuntu7) ...
Setting up libdbus-glib-1-2:amd64 (0.112-3build2) ...
Setting up fonts-dejavu-mono (2.37-8) ...
Setting up fonts-dejavu-core (2.37-8) ...
Setting up libjpeg-turbo8:amd64 (2.1.5-2ubuntu2) ...
Setting up libwebp7:amd64 (1.3.2-0.4build3) ...
Setting up linux-modules-6.8.0-136-generic (6.8.0-136.136) ...
Setting up libplist-2.0-4:amd64 (2.3.0-1~exp2build2) ...
Setting up ieee-data (20220827.1) ...
Setting up libusbmuxd6:amd64 (2.0.2-4build3) ...
Setting up libcrypt-dev:amd64 (1:4.4.36-4build1) ...
Setting up libupower-glib3:amd64 (1.90.3-1) ...
Setting up libc-dev-bin (2.39-0ubuntu8.7) ...
Setting up libimobiledevice6:amd64 (1.3.0-8.1build3) ...
Setting up linux-tools-common (6.8.0-136.136) ...
Setting up thermald (2.5.6-2ubuntu0.24.04.5) ...
Created symlink /etc/systemd/system/dbus-org.freedesktop.thermald.service → /usr/lib/systemd/system/thermald.service.
Created symlink /etc/systemd/system/multi-user.target.wants/thermald.service → /usr/lib/systemd/system/thermald.service.
Running in chroot, ignoring command 'daemon-reload'
/usr/sbin/policy-rc.d returned 101, not running 'start thermald.service'
Setting up linux-headers-6.8.0-136 (6.8.0-136.136) ...
Setting up libllvm18:amd64 (1:18.1.3-1ubuntu1) ...
Setting up linux-image-6.8.0-136-generic (6.8.0-136.136) ...
I: /boot/vmlinuz.old is now a symlink to vmlinuz-6.8.0-136-generic
I: /boot/initrd.img.old is now a symlink to initrd.img-6.8.0-136-generic
I: /boot/vmlinuz is now a symlink to vmlinuz-6.8.0-136-generic
I: /boot/initrd.img is now a symlink to initrd.img-6.8.0-136-generic
Setting up libjpeg8:amd64 (8c-2ubuntu11) ...
Setting up linux-headers-6.8.0-136-generic (6.8.0-136.136) ...
Setting up libclang1-18 (1:18.1.3-1ubuntu1) ...
Setting up fontconfig-config (2.15.0-1.1ubuntu2) ...
Setting up upower (1.90.3-1) ...
Running in chroot, ignoring command 'daemon-reload'
/usr/sbin/policy-rc.d returned 101, not running 'start upower.service'
Setting up linux-headers-generic (6.8.0-136.136) ...
Setting up linux-modules-extra-6.8.0-136-generic (6.8.0-136.136) ...
Setting up linux-tools-6.8.0-136 (6.8.0-136.136) ...
Setting up linux-tools-6.8.0-136-generic (6.8.0-136.136) ...
Setting up usbmuxd (1.1.1-5~exp3ubuntu2.1) ...
Running in chroot, ignoring command 'daemon-reload'
/usr/sbin/policy-rc.d returned 101, not running 'start usbmuxd.service'
Setting up python3-netaddr (0.8.0-2ubuntu1) ...
Setting up libtiff6:amd64 (4.5.1+git230720-4ubuntu2.5) ...
Setting up libc6-dev:amd64 (2.39-0ubuntu8.7) ...
Setting up libclang-cpp18 (1:18.1.3-1ubuntu1) ...
Setting up libbpfcc:amd64 (0.29.1+ds-1ubuntu7) ...
Setting up python3-bpfcc (0.29.1+ds-1ubuntu7) ...
Setting up linux-image-generic (6.8.0-136.136) ...
Setting up linux-generic (6.8.0-136.136) ...
Setting up bpftrace (0.20.2-1ubuntu4.3) ...
Setting up bpfcc-tools (0.29.1+ds-1ubuntu7) ...
Setting up libheif-plugin-aomdec:amd64 (1.17.6-1ubuntu4.6) ...
Setting up libheif1:amd64 (1.17.6-1ubuntu4.6) ...
Setting up libheif-plugin-aomenc:amd64 (1.17.6-1ubuntu4.6) ...
Processing triggers for libc-bin (2.39-0ubuntu8.7) ...
Processing triggers for man-db (2.12.0-4build2) ...
Processing triggers for dbus (1.14.10-4ubuntu4.1) ...
Processing triggers for udev (255.4-1ubuntu8.12) ...
Processing triggers for sgml-base (1.31) ...
Setting up libfontconfig1:amd64 (2.15.0-1.1ubuntu2) ...
Setting up libgd3:amd64 (2.3.3-9ubuntu5) ...
Setting up libc-devtools (2.39-0ubuntu8.7) ...
Processing triggers for initramfs-tools (0.142ubuntu25.8) ...
Processing triggers for linux-image-6.8.0-136-generic (6.8.0-136.136) ...
Processing triggers for libc-bin (2.39-0ubuntu8.7) ...
debconf: unable to initialize frontend: Dialog
debconf: (TERM is not set, so the dialog frontend is not usable.)
debconf: falling back to frontend: Readline
debconf: unable to initialize frontend: Readline
debconf: (This frontend requires a controlling tty.)
debconf: falling back to frontend: Teletype

The processor microcode seems to be up-to-date.

No services need to be restarted.

No containers need to be restarted.

No user sessions are running outdated binaries.

No VM guests are running outdated hypervisor (qemu) binaries on this host.
Pending kernel upgrade
----------------------

Newer kernel available

The currently running kernel version is 6.8.0-100-generic which is not the 
expected kernel version 6.8.0-136-generic.

Restarting the system to load the new kernel will not be handled automatically, 
so you should consider rebooting.

Running command ['udevadm', 'settle'] with allowed return codes [0] (capture=False)
TIMED subp(['udevadm', 'settle']): 0.002
Running command ['mount', '--make-private', '/target/usr/bin/ischroot'] with allowed return codes [0] (capture=False)
Running command ['umount', '/target/usr/bin/ischroot'] with allowed return codes [0] (capture=False)
Running command ['mount', '--make-private', '/target/sys/firmware/efi/efivars'] with allowed return codes [0] (capture=False)
Running command ['umount', '/target/sys/firmware/efi/efivars'] with allowed return codes [0] (capture=False)
Running command ['mount', '--make-private', '/target/sys'] with allowed return codes [0] (capture=False)
Running command ['umount', '/target/sys'] with allowed return codes [0] (capture=False)
Running command ['mount', '--make-private', '/target/run'] with allowed return codes [0] (capture=False)
Running command ['umount', '/target/run'] with allowed return codes [0] (capture=False)
Running command ['mount', '--make-private', '/target/proc'] with allowed return codes [0] (capture=False)
Running command ['umount', '/target/proc'] with allowed return codes [0] (capture=False)
Running command ['mount', '--make-private', '/target/dev'] with allowed return codes [0] (capture=False)
Running command ['umount', '/target/dev'] with allowed return codes [0] (capture=False)
Running command ['mount', '--bind', '/dev', '/target/dev'] with allowed return codes [0] (capture=False)
Running command ['mount', '--bind', '/proc', '/target/proc'] with allowed return codes [0] (capture=False)
Running command ['mount', '--bind', '/run', '/target/run'] with allowed return codes [0] (capture=False)
Running command ['mount', '--bind', '/sys', '/target/sys'] with allowed return codes [0] (capture=False)
Running command ['mount', '--bind', '/sys/firmware/efi/efivars', '/target/sys/firmware/efi/efivars'] with allowed return codes [0] (capture=False)
Running command ['mount', '--bind', '/target/usr/bin/true', '/target/usr/bin/ischroot'] with allowed return codes [0] (capture=False)
Checking if target_proc (/target/proc) is a mount
It is, so unshare will use --mount-proc=/target/proc
Running command ['unshare', '--fork', '--pid', '--mount-proc=/target/proc', '--', 'chroot', '/target', 'apt-get', 'clean'] with allowed return codes [0] (capture=False)
Running command ['udevadm', 'settle'] with allowed return codes [0] (capture=False)
TIMED subp(['udevadm', 'settle']): 0.003
Running command ['mount', '--make-private', '/target/usr/bin/ischroot'] with allowed return codes [0] (capture=False)
Running command ['umount', '/target/usr/bin/ischroot'] with allowed return codes [0] (capture=False)
Running command ['mount', '--make-private', '/target/sys/firmware/efi/efivars'] with allowed return codes [0] (capture=False)
Running command ['umount', '/target/sys/firmware/efi/efivars'] with allowed return codes [0] (capture=False)
Running command ['mount', '--make-private', '/target/sys'] with allowed return codes [0] (capture=False)
Running command ['umount', '/target/sys'] with allowed return codes [0] (capture=False)
Running command ['mount', '--make-private', '/target/run'] with allowed return codes [0] (capture=False)
Running command ['umount', '/target/run'] with allowed return codes [0] (capture=False)
Running command ['mount', '--make-private', '/target/proc'] with allowed return codes [0] (capture=False)
Running command ['umount', '/target/proc'] with allowed return codes [0] (capture=False)
Running command ['mount', '--make-private', '/target/dev'] with allowed return codes [0] (capture=False)
Running command ['umount', '/target/dev'] with allowed return codes [0] (capture=False)
finish: cmd-install/stage-curthooks/builtin/cmd-curthooks/installing-kernel: SUCCESS: installing kernel
start: cmd-install/stage-curthooks/builtin/cmd-curthooks/setting-up-swap: setting up swap
swap suggestion analysis: available: 105G maxsize: 8G memsize: 31G size before decision: 8G suggested size: 8G reason: lesser of formula or maxsize
Running command ['findmnt', '--noheading', '--target', '/target/', '-o', 'FSTYPE'] with allowed return codes [0] (capture=True)
Running command ['sh', '-c', 'rm -f "$1" && umask 0066 && truncate -s 0 "$1" && { chattr +C "$1" || true; } && fallocate -l "${2}M" "$1" && mkswap "$1" || { r=$?; rm -f "$1"; exit $r; }', 'setup_swap', '/target//swap.img', '8192'] with allowed return codes [0] (capture=False)
chattr: Operation not supported while setting flags on /target//swap.img
Setting up swapspace version 1, size = 8 GiB (8589930496 bytes)
no label, UUID=37825a95-dafb-4e07-9828-4b891bee936d
creating swapfile '/swap.img' of 8192MB took 0.025 seconds
finish: cmd-install/stage-curthooks/builtin/cmd-curthooks/setting-up-swap: SUCCESS: setting up swap
start: cmd-install/stage-curthooks/builtin/cmd-curthooks/apply-networking-config: apply networking config
copying interfaces
no interfaces file to copy!
finish: cmd-install/stage-curthooks/builtin/cmd-curthooks/apply-networking-config: SUCCESS: apply networking config
start: cmd-install/stage-curthooks/builtin/cmd-curthooks/writing-etc-fstab: writing etc/fstab
finish: cmd-install/stage-curthooks/builtin/cmd-curthooks/writing-etc-fstab: SUCCESS: writing etc/fstab
start: cmd-install/stage-curthooks/builtin/cmd-curthooks/configuring-multipath: configuring multipath
Running command ['udevadm', 'info', '--query=property', '--export', '/dev/sdf1'] with allowed return codes [0] (capture=True)
/dev/sdf1 is multipath device? False
/dev/sdf1 is multipath device partition? False
Running command ['udevadm', 'info', '--query=property', '--export', '/dev/sdf1'] with allowed return codes [0] (capture=True)
/dev/sdf1 is multipath device member? False
Running command ['udevadm', 'info', '--query=property', '--export', '/dev/loop0'] with allowed return codes [0] (capture=True)
/dev/loop0 is multipath device? False
/dev/loop0 is multipath device partition? False
Running command ['udevadm', 'info', '--query=property', '--export', '/dev/loop0'] with allowed return codes [0] (capture=True)
/dev/loop0 is multipath device member? False
Running command ['udevadm', 'info', '--query=property', '--export', '/dev/loop4'] with allowed return codes [0] (capture=True)
/dev/loop4 is multipath device? False
/dev/loop4 is multipath device partition? False
Running command ['udevadm', 'info', '--query=property', '--export', '/dev/loop4'] with allowed return codes [0] (capture=True)
/dev/loop4 is multipath device member? False
Running command ['udevadm', 'info', '--query=property', '--export', '/dev/loop5'] with allowed return codes [0] (capture=True)
/dev/loop5 is multipath device? False
/dev/loop5 is multipath device partition? False
Running command ['udevadm', 'info', '--query=property', '--export', '/dev/loop5'] with allowed return codes [0] (capture=True)
/dev/loop5 is multipath device member? False
Running command ['udevadm', 'info', '--query=property', '--export', '/dev/loop7'] with allowed return codes [0] (capture=True)
/dev/loop7 is multipath device? False
/dev/loop7 is multipath device partition? False
Running command ['udevadm', 'info', '--query=property', '--export', '/dev/loop7'] with allowed return codes [0] (capture=True)
/dev/loop7 is multipath device member? False
Running command ['udevadm', 'info', '--query=property', '--export', '/dev/loop8'] with allowed return codes [0] (capture=True)
/dev/loop8 is multipath device? False
/dev/loop8 is multipath device partition? False
Running command ['udevadm', 'info', '--query=property', '--export', '/dev/loop8'] with allowed return codes [0] (capture=True)
/dev/loop8 is multipath device member? False
Running command ['udevadm', 'info', '--query=property', '--export', '/dev/loop6'] with allowed return codes [0] (capture=True)
/dev/loop6 is multipath device? False
/dev/loop6 is multipath device partition? False
Running command ['udevadm', 'info', '--query=property', '--export', '/dev/loop6'] with allowed return codes [0] (capture=True)
/dev/loop6 is multipath device member? False
Running command ['udevadm', 'info', '--query=property', '--export', '/dev/loop4'] with allowed return codes [0] (capture=True)
/dev/loop4 is multipath device? False
/dev/loop4 is multipath device partition? False
Running command ['udevadm', 'info', '--query=property', '--export', '/dev/loop4'] with allowed return codes [0] (capture=True)
/dev/loop4 is multipath device member? False
Running command ['udevadm', 'info', '--query=property', '--export', '/dev/loop1'] with allowed return codes [0] (capture=True)
/dev/loop1 is multipath device? False
/dev/loop1 is multipath device partition? False
Running command ['udevadm', 'info', '--query=property', '--export', '/dev/loop1'] with allowed return codes [0] (capture=True)
/dev/loop1 is multipath device member? False
Running command ['udevadm', 'info', '--query=property', '--export', '/dev/loop4'] with allowed return codes [0] (capture=True)
/dev/loop4 is multipath device? False
/dev/loop4 is multipath device partition? False
Running command ['udevadm', 'info', '--query=property', '--export', '/dev/loop4'] with allowed return codes [0] (capture=True)
/dev/loop4 is multipath device member? False
Running command ['udevadm', 'info', '--query=property', '--export', '/dev/loop1'] with allowed return codes [0] (capture=True)
/dev/loop1 is multipath device? False
/dev/loop1 is multipath device partition? False
Running command ['udevadm', 'info', '--query=property', '--export', '/dev/loop1'] with allowed return codes [0] (capture=True)
/dev/loop1 is multipath device member? False
Running command ['udevadm', 'info', '--query=property', '--export', '/dev/sdf1'] with allowed return codes [0] (capture=True)
/dev/sdf1 is multipath device? False
/dev/sdf1 is multipath device partition? False
Running command ['udevadm', 'info', '--query=property', '--export', '/dev/sdf1'] with allowed return codes [0] (capture=True)
/dev/sdf1 is multipath device member? False
Running command ['udevadm', 'info', '--query=property', '--export', '/dev/sdc4'] with allowed return codes [0] (capture=True)
/dev/sdc4 is multipath device? False
/dev/sdc4 is multipath device partition? False
Running command ['udevadm', 'info', '--query=property', '--export', '/dev/sdc4'] with allowed return codes [0] (capture=True)
/dev/sdc4 is multipath device member? False
Running command ['udevadm', 'info', '--query=property', '--export', '/dev/sdc3'] with allowed return codes [0] (capture=True)
/dev/sdc3 is multipath device? False
/dev/sdc3 is multipath device partition? False
Running command ['udevadm', 'info', '--query=property', '--export', '/dev/sdc3'] with allowed return codes [0] (capture=True)
/dev/sdc3 is multipath device member? False
Running command ['udevadm', 'info', '--query=property', '--export', '/dev/sdc2'] with allowed return codes [0] (capture=True)
/dev/sdc2 is multipath device? False
/dev/sdc2 is multipath device partition? False
Running command ['udevadm', 'info', '--query=property', '--export', '/dev/sdc2'] with allowed return codes [0] (capture=True)
/dev/sdc2 is multipath device member? False
Running command ['udevadm', 'info', '--query=property', '--export', '/dev/sdf1'] with allowed return codes [0] (capture=True)
/dev/sdf1 is multipath device? False
/dev/sdf1 is multipath device partition? False
Running command ['udevadm', 'info', '--query=property', '--export', '/dev/sdf1'] with allowed return codes [0] (capture=True)
/dev/sdf1 is multipath device member? False
Multipath detection found: None
finish: cmd-install/stage-curthooks/builtin/cmd-curthooks/configuring-multipath: SUCCESS: configuring multipath
start: cmd-install/stage-curthooks/builtin/cmd-curthooks/system-upgrade: updating packages on target system
system_upgrade disabled by config.
finish: cmd-install/stage-curthooks/builtin/cmd-curthooks/system-upgrade: SUCCESS: updating packages on target system
start: cmd-install/stage-curthooks/builtin/cmd-curthooks/pollinate-user-agent: configuring pollinate user-agent on target
finish: cmd-install/stage-curthooks/builtin/cmd-curthooks/pollinate-user-agent: SUCCESS: configuring pollinate user-agent on target
start: cmd-install/stage-curthooks/builtin/cmd-curthooks/updating-initramfs-configuration: updating initramfs configuration
Running command ['mount', '--bind', '/dev', '/target/dev'] with allowed return codes [0] (capture=False)
Running command ['mount', '--bind', '/proc', '/target/proc'] with allowed return codes [0] (capture=False)
Running command ['mount', '--bind', '/run', '/target/run'] with allowed return codes [0] (capture=False)
Running command ['mount', '--bind', '/sys', '/target/sys'] with allowed return codes [0] (capture=False)
Running command ['mount', '--bind', '/sys/firmware/efi/efivars', '/target/sys/firmware/efi/efivars'] with allowed return codes [0] (capture=False)
Running command ['mount', '--bind', '/target/usr/bin/true', '/target/usr/bin/ischroot'] with allowed return codes [0] (capture=False)
Checking if target_proc (/target/proc) is a mount
It is, so unshare will use --mount-proc=/target/proc
Running command ['unshare', '--fork', '--pid', '--mount-proc=/target/proc', '--', 'chroot', '/target', 'dpkg-divert', '--list'] with allowed return codes [0] (capture=True)
Running command ['udevadm', 'settle'] with allowed return codes [0] (capture=False)
TIMED subp(['udevadm', 'settle']): 0.005
Running command ['mount', '--make-private', '/target/usr/bin/ischroot'] with allowed return codes [0] (capture=False)
Running command ['umount', '/target/usr/bin/ischroot'] with allowed return codes [0] (capture=False)
Running command ['mount', '--make-private', '/target/sys/firmware/efi/efivars'] with allowed return codes [0] (capture=False)
Running command ['umount', '/target/sys/firmware/efi/efivars'] with allowed return codes [0] (capture=False)
Running command ['mount', '--make-private', '/target/sys'] with allowed return codes [0] (capture=False)
Running command ['umount', '/target/sys'] with allowed return codes [0] (capture=False)
Running command ['mount', '--make-private', '/target/run'] with allowed return codes [0] (capture=False)
Running command ['umount', '/target/run'] with allowed return codes [0] (capture=False)
Running command ['mount', '--make-private', '/target/proc'] with allowed return codes [0] (capture=False)
Running command ['umount', '/target/proc'] with allowed return codes [0] (capture=False)
Running command ['mount', '--make-private', '/target/dev'] with allowed return codes [0] (capture=False)
Running command ['umount', '/target/dev'] with allowed return codes [0] (capture=False)
Running command ['mount', '--bind', '/dev', '/target/dev'] with allowed return codes [0] (capture=False)
Running command ['mount', '--bind', '/proc', '/target/proc'] with allowed return codes [0] (capture=False)
Running command ['mount', '--bind', '/run', '/target/run'] with allowed return codes [0] (capture=False)
Running command ['mount', '--bind', '/sys', '/target/sys'] with allowed return codes [0] (capture=False)
Running command ['mount', '--bind', '/sys/firmware/efi/efivars', '/target/sys/firmware/efi/efivars'] with allowed return codes [0] (capture=False)
Running command ['mount', '--bind', '/target/usr/bin/true', '/target/usr/bin/ischroot'] with allowed return codes [0] (capture=False)
Restoring update-initramfs in target for initrd updates.
del_file: removed /target/usr/sbin/update-initramfs
Checking if target_proc (/target/proc) is a mount
It is, so unshare will use --mount-proc=/target/proc
Running command ['unshare', '--fork', '--pid', '--mount-proc=/target/proc', '--', 'chroot', '/target', 'dpkg-divert', '--rename', '--remove', '/usr/sbin/update-initramfs'] with allowed return codes [0] (capture=False)
Removing 'local diversion of /usr/sbin/update-initramfs to /usr/sbin/update-initramfs.curtin-disabled'
Running command ['udevadm', 'settle'] with allowed return codes [0] (capture=False)
TIMED subp(['udevadm', 'settle']): 0.004
Running command ['mount', '--make-private', '/target/usr/bin/ischroot'] with allowed return codes [0] (capture=False)
Running command ['umount', '/target/usr/bin/ischroot'] with allowed return codes [0] (capture=False)
Running command ['mount', '--make-private', '/target/sys/firmware/efi/efivars'] with allowed return codes [0] (capture=False)
Running command ['umount', '/target/sys/firmware/efi/efivars'] with allowed return codes [0] (capture=False)
Running command ['mount', '--make-private', '/target/sys'] with allowed return codes [0] (capture=False)
Running command ['umount', '/target/sys'] with allowed return codes [0] (capture=False)
Running command ['mount', '--make-private', '/target/run'] with allowed return codes [0] (capture=False)
Running command ['umount', '/target/run'] with allowed return codes [0] (capture=False)
Running command ['mount', '--make-private', '/target/proc'] with allowed return codes [0] (capture=False)
Running command ['umount', '/target/proc'] with allowed return codes [0] (capture=False)
Running command ['mount', '--make-private', '/target/dev'] with allowed return codes [0] (capture=False)
Running command ['umount', '/target/dev'] with allowed return codes [0] (capture=False)
Running command ['mount', '--bind', '/dev', '/target/dev'] with allowed return codes [0] (capture=False)
Running command ['mount', '--bind', '/proc', '/target/proc'] with allowed return codes [0] (capture=False)
Running command ['mount', '--bind', '/run', '/target/run'] with allowed return codes [0] (capture=False)
Running command ['mount', '--bind', '/sys', '/target/sys'] with allowed return codes [0] (capture=False)
Running command ['mount', '--bind', '/sys/firmware/efi/efivars', '/target/sys/firmware/efi/efivars'] with allowed return codes [0] (capture=False)
Running command ['mount', '--bind', '/target/usr/bin/true', '/target/usr/bin/ischroot'] with allowed return codes [0] (capture=False)
Checking if target_proc (/target/proc) is a mount
It is, so unshare will use --mount-proc=/target/proc
Running command ['unshare', '--fork', '--pid', '--mount-proc=/target/proc', '--', 'chroot', '/target', 'dpkg-divert', '--list'] with allowed return codes [0] (capture=True)
Running command ['udevadm', 'settle'] with allowed return codes [0] (capture=False)
TIMED subp(['udevadm', 'settle']): 0.002
Running command ['mount', '--make-private', '/target/usr/bin/ischroot'] with allowed return codes [0] (capture=False)
Running command ['umount', '/target/usr/bin/ischroot'] with allowed return codes [0] (capture=False)
Running command ['mount', '--make-private', '/target/sys/firmware/efi/efivars'] with allowed return codes [0] (capture=False)
Running command ['umount', '/target/sys/firmware/efi/efivars'] with allowed return codes [0] (capture=False)
Running command ['mount', '--make-private', '/target/sys'] with allowed return codes [0] (capture=False)
Running command ['umount', '/target/sys'] with allowed return codes [0] (capture=False)
Running command ['mount', '--make-private', '/target/run'] with allowed return codes [0] (capture=False)
Running command ['umount', '/target/run'] with allowed return codes [0] (capture=False)
Running command ['mount', '--make-private', '/target/proc'] with allowed return codes [0] (capture=False)
Running command ['umount', '/target/proc'] with allowed return codes [0] (capture=False)
Running command ['mount', '--make-private', '/target/dev'] with allowed return codes [0] (capture=False)
Running command ['umount', '/target/dev'] with allowed return codes [0] (capture=False)
Running command ['mount', '--bind', '/dev', '/target/dev'] with allowed return codes [0] (capture=False)
Running command ['mount', '--bind', '/proc', '/target/proc'] with allowed return codes [0] (capture=False)
Running command ['mount', '--bind', '/run', '/target/run'] with allowed return codes [0] (capture=False)
Running command ['mount', '--bind', '/sys', '/target/sys'] with allowed return codes [0] (capture=False)
Running command ['mount', '--bind', '/sys/firmware/efi/efivars', '/target/sys/firmware/efi/efivars'] with allowed return codes [0] (capture=False)
Running command ['mount', '--bind', '/target/usr/bin/true', '/target/usr/bin/ischroot'] with allowed return codes [0] (capture=False)
Checking if target_proc (/target/proc) is a mount
It is, so unshare will use --mount-proc=/target/proc
Running command ['unshare', '--fork', '--pid', '--mount-proc=/target/proc', '--', 'chroot', '/target', 'update-initramfs', '-c', '-k', '6.8.0-136-generic'] with allowed return codes [0] (capture=False)
update-initramfs: Generating /boot/initrd.img-6.8.0-136-generic
Running command ['udevadm', 'settle'] with allowed return codes [0] (capture=False)
TIMED subp(['udevadm', 'settle']): 0.002
Running command ['mount', '--make-private', '/target/usr/bin/ischroot'] with allowed return codes [0] (capture=False)
Running command ['umount', '/target/usr/bin/ischroot'] with allowed return codes [0] (capture=False)
Running command ['mount', '--make-private', '/target/sys/firmware/efi/efivars'] with allowed return codes [0] (capture=False)
Running command ['umount', '/target/sys/firmware/efi/efivars'] with allowed return codes [0] (capture=False)
Running command ['mount', '--make-private', '/target/sys'] with allowed return codes [0] (capture=False)
Running command ['umount', '/target/sys'] with allowed return codes [0] (capture=False)
Running command ['mount', '--make-private', '/target/run'] with allowed return codes [0] (capture=False)
Running command ['umount', '/target/run'] with allowed return codes [0] (capture=False)
Running command ['mount', '--make-private', '/target/proc'] with allowed return codes [0] (capture=False)
Running command ['umount', '/target/proc'] with allowed return codes [0] (capture=False)
Running command ['mount', '--make-private', '/target/dev'] with allowed return codes [0] (capture=False)
Running command ['umount', '/target/dev'] with allowed return codes [0] (capture=False)
finish: cmd-install/stage-curthooks/builtin/cmd-curthooks/updating-initramfs-configuration: SUCCESS: updating initramfs configuration
start: cmd-install/stage-curthooks/builtin/cmd-curthooks/configuring-bootloader: configuring target system bootloader
start: cmd-install/stage-curthooks/builtin/cmd-curthooks/install-grub: installing grub to target devices
setup grub on target /target
Found primary UEFI ESP: esp-partition
Found UEFI ESP(s) for grub install: ['esp-partition']
get_path_to_storage_volume for volume esp-partition({'device': 'disk0', 'size': 536870912, 'flag': 'boot', 'number': 2, 'preserve': False, 'grub_device': True, 'path': '/dev/sdc2', 'id': 'esp-partition', 'type': 'partition'})
get_path_to_storage_volume for volume disk0({'ptable': 'gpt', 'serial': 'OCZ-AGILITY3_OCZ-DM2287ZA59Z7J3UJ', 'path': '/dev/sdc', 'wipe': 'superblock-recursive', 'preserve': False, 'name': '', 'grub_device': True, 'id': 'disk0', 'type': 'disk'})
Processing serial OCZ-AGILITY3_OCZ-DM2287ZA59Z7J3UJ via udev to OCZ-AGILITY3_OCZ-DM2287ZA59Z7J3UJ
lookup_disks found: ['ata-OCZ-AGILITY3_OCZ-DM2287ZA59Z7J3UJ', 'ata-OCZ-AGILITY3_OCZ-DM2287ZA59Z7J3UJ-part2', 'ata-OCZ-AGILITY3_OCZ-DM2287ZA59Z7J3UJ-part4', 'ata-OCZ-AGILITY3_OCZ-DM2287ZA59Z7J3UJ-part1', 'ata-OCZ-AGILITY3_OCZ-DM2287ZA59Z7J3UJ-part3', 'scsi-0ATA_OCZ-AGILITY3_OCZ-DM2287ZA59Z7J3UJ', 'scsi-SATA_OCZ-AGILITY3_OCZ-DM2287ZA59Z7J3UJ', 'scsi-1ATA_OCZ-AGILITY3_OCZ-DM2287ZA59Z7J3UJ', 'scsi-SATA_OCZ-AGILITY3_OCZ-DM2287ZA59Z7J3UJ-part2', 'scsi-0ATA_OCZ-AGILITY3_OCZ-DM2287ZA59Z7J3UJ-part2', 'scsi-1ATA_OCZ-AGILITY3_OCZ-DM2287ZA59Z7J3UJ-part2', 'scsi-1ATA_OCZ-AGILITY3_OCZ-DM2287ZA59Z7J3UJ-part1', 'scsi-0ATA_OCZ-AGILITY3_OCZ-DM2287ZA59Z7J3UJ-part4', 'scsi-0ATA_OCZ-AGILITY3_OCZ-DM2287ZA59Z7J3UJ-part3', 'scsi-SATA_OCZ-AGILITY3_OCZ-DM2287ZA59Z7J3UJ-part1', 'scsi-SATA_OCZ-AGILITY3_OCZ-DM2287ZA59Z7J3UJ-part4', 'scsi-1ATA_OCZ-AGILITY3_OCZ-DM2287ZA59Z7J3UJ-part3', 'scsi-SATA_OCZ-AGILITY3_OCZ-DM2287ZA59Z7J3UJ-part3', 'scsi-0ATA_OCZ-AGILITY3_OCZ-DM2287ZA59Z7J3UJ-part1', 'scsi-1ATA_OCZ-AGILITY3_OCZ-DM2287ZA59Z7J3UJ-part4']
Running command ['udevadm', 'info', '--query=property', '--export', '/dev/sdc'] with allowed return codes [0] (capture=True)
/dev/sdc is multipath device? False
Running command ['udevadm', 'info', '--query=property', '--export', '/dev/sdc'] with allowed return codes [0] (capture=True)
/dev/sdc is multipath device member? False
block.lookup_disk() returning path /dev/sdc
Running command ['partprobe', '/dev/sdc'] with allowed return codes [0, 1] (capture=False)
Running command ['udevadm', 'settle'] with allowed return codes [0] (capture=False)
TIMED udevadm_settle(): 0.068
devsync happy - path /dev/sdc now exists
return volume path /dev/sdc
Running command ['partprobe', '/dev/sdc'] with allowed return codes [0, 1] (capture=False)
Running command ['udevadm', 'settle'] with allowed return codes [0] (capture=False)
TIMED udevadm_settle(): 0.034
devsync happy - path /dev/sdc now exists
return volume path /dev/sdc2
install_devices: ['/dev/sdc2']
Generating grub debconf_selections for devices=['/dev/sdc2'] uefi=True
Applying grub debconf_selections config:
{'debconf_selections': {'grub': 'grub-pc grub-efi/install_devices multiselect /dev/disk/by-id/ata-OCZ-AGILITY3_OCZ-DM2287ZA59Z7J3UJ-part2'}}
Applying debconf selections
Checking if target_proc (/target/proc) is a mount
It's not, using normal behavior
Running command ['unshare', '--fork', '--pid', '--', 'chroot', '/target', 'debconf-set-selections'] with allowed return codes [0] (capture=True)
Checking if target_proc (/target/proc) is a mount
It's not, using normal behavior
Running command ['unshare', '--fork', '--pid', '--', 'chroot', '/target', 'dpkg-query', '--list'] with allowed return codes [0] (capture=True)
Running command ['mount', '--bind', '/dev', '/target/dev'] with allowed return codes [0] (capture=False)
Running command ['mount', '--bind', '/proc', '/target/proc'] with allowed return codes [0] (capture=False)
Running command ['mount', '--bind', '/run', '/target/run'] with allowed return codes [0] (capture=False)
Running command ['mount', '--bind', '/sys', '/target/sys'] with allowed return codes [0] (capture=False)
Running command ['mount', '--bind', '/sys/firmware/efi/efivars', '/target/sys/firmware/efi/efivars'] with allowed return codes [0] (capture=False)
Running command ['mount', '--bind', '/target/usr/bin/true', '/target/usr/bin/ischroot'] with allowed return codes [0] (capture=False)
Checking if target_proc (/target/proc) is a mount
It is, so unshare will use --mount-proc=/target/proc
Running command ['unshare', '--fork', '--pid', '--mount-proc=/target/proc', '--', 'chroot', '/target', 'efibootmgr', '-v'] with allowed return codes [0] (capture=True)
Running command ['udevadm', 'settle'] with allowed return codes [0] (capture=False)
TIMED subp(['udevadm', 'settle']): 0.005
Running command ['mount', '--make-private', '/target/usr/bin/ischroot'] with allowed return codes [0] (capture=False)
Running command ['umount', '/target/usr/bin/ischroot'] with allowed return codes [0] (capture=False)
Running command ['mount', '--make-private', '/target/sys/firmware/efi/efivars'] with allowed return codes [0] (capture=False)
Running command ['umount', '/target/sys/firmware/efi/efivars'] with allowed return codes [0] (capture=False)
Running command ['mount', '--make-private', '/target/sys'] with allowed return codes [0] (capture=False)
Running command ['umount', '/target/sys'] with allowed return codes [0] (capture=False)
Running command ['mount', '--make-private', '/target/run'] with allowed return codes [0] (capture=False)
Running command ['umount', '/target/run'] with allowed return codes [0] (capture=False)
Running command ['mount', '--make-private', '/target/proc'] with allowed return codes [0] (capture=False)
Running command ['umount', '/target/proc'] with allowed return codes [0] (capture=False)
Running command ['mount', '--make-private', '/target/dev'] with allowed return codes [0] (capture=False)
Running command ['umount', '/target/dev'] with allowed return codes [0] (capture=False)
Running command ['mount', '--bind', '/dev', '/target/dev'] with allowed return codes [0] (capture=False)
Running command ['mount', '--bind', '/proc', '/target/proc'] with allowed return codes [0] (capture=False)
Running command ['mount', '--bind', '/run', '/target/run'] with allowed return codes [0] (capture=False)
Running command ['mount', '--bind', '/sys', '/target/sys'] with allowed return codes [0] (capture=False)
Running command ['mount', '--bind', '/sys/firmware/efi/efivars', '/target/sys/firmware/efi/efivars'] with allowed return codes [0] (capture=False)
Running command ['mount', '--bind', '/target/usr/bin/true', '/target/usr/bin/ischroot'] with allowed return codes [0] (capture=False)
Checking if target_proc (/target/proc) is a mount
It is, so unshare will use --mount-proc=/target/proc
Running command ['unshare', '--fork', '--pid', '--mount-proc=/target/proc', '--', 'chroot', '/target', 'efibootmgr', '-v'] with allowed return codes [0] (capture=True)
Running command ['udevadm', 'settle'] with allowed return codes [0] (capture=False)
TIMED subp(['udevadm', 'settle']): 0.001
Running command ['mount', '--make-private', '/target/usr/bin/ischroot'] with allowed return codes [0] (capture=False)
Running command ['umount', '/target/usr/bin/ischroot'] with allowed return codes [0] (capture=False)
Running command ['mount', '--make-private', '/target/sys/firmware/efi/efivars'] with allowed return codes [0] (capture=False)
Running command ['umount', '/target/sys/firmware/efi/efivars'] with allowed return codes [0] (capture=False)
Running command ['mount', '--make-private', '/target/sys'] with allowed return codes [0] (capture=False)
Running command ['umount', '/target/sys'] with allowed return codes [0] (capture=False)
Running command ['mount', '--make-private', '/target/run'] with allowed return codes [0] (capture=False)
Running command ['umount', '/target/run'] with allowed return codes [0] (capture=False)
Running command ['mount', '--make-private', '/target/proc'] with allowed return codes [0] (capture=False)
Running command ['umount', '/target/proc'] with allowed return codes [0] (capture=False)
Running command ['mount', '--make-private', '/target/dev'] with allowed return codes [0] (capture=False)
Running command ['umount', '/target/dev'] with allowed return codes [0] (capture=False)
UEFI remove old olders efi state:
EFIBootState(current='0007', timeout='1 seconds', order=['0003', '0008', '0007'], entries={'0003': EFIBootEntry(name='Ubuntu', path='HD(2,GPT,85decbc0-ed17-4f76-9ff3-e4edc2b50be0,0x1000,0x100000)/File(\\EFI\\UBUNTU\\SHIMX64.EFI)'), '0007': EFIBootEntry(name='UEFI: General UDisk 5.00, Partition 2', path='PciRoot(0x0)/Pci(0x14,0x0)/USB(3,0)/HD(2,GPT,9d3bf42a-c53a-4939-a55a-69f0a71d9fb6,0x655a74,0x27b0)0000424f'), '0008': EFIBootEntry(name='ubuntu', path='HD(2,GPT,64ce1041-16a3-41e6-9e8c-2bb78f7324a7,0x1000,0x100000)/File(\\EFI\\UBUNTU\\SHIMX64.EFI)0000424f')})
Skipped removing 2 old UEFI entries.
UEFI entry 'Ubuntu' might no longer exist and should be removed.
UEFI entry 'ubuntu' might no longer exist and should be removed.
installing grub to target=/target devices=['/dev/sdc2'] [replace_defaults=True]
Checking if target_proc (/target/proc) is a mount
It's not, using normal behavior
Running command ['unshare', '--fork', '--pid', '--', 'chroot', '/target', 'dpkg', '--print-architecture'] with allowed return codes [0] (capture=True)
updated /target/etc/default/grub to set: GRUB_CMDLINE_LINUX_DEFAULT=""
Using grub install command: /usr/lib/grub/grub-multi-install
Grub install cmds:
[['efibootmgr', '-v'], ['dpkg-reconfigure', 'grub-efi-amd64'], ['update-grub'], ['/usr/lib/grub/grub-multi-install'], ['efibootmgr', '-v']]
Running command ['mount', '--bind', '/dev', '/target/dev'] with allowed return codes [0] (capture=False)
Running command ['mount', '--bind', '/proc', '/target/proc'] with allowed return codes [0] (capture=False)
Running command ['mount', '--bind', '/run', '/target/run'] with allowed return codes [0] (capture=False)
Running command ['mount', '--bind', '/sys', '/target/sys'] with allowed return codes [0] (capture=False)
Running command ['mount', '--bind', '/sys/firmware/efi/efivars', '/target/sys/firmware/efi/efivars'] with allowed return codes [0] (capture=False)
Running command ['mount', '--bind', '/target/usr/bin/true', '/target/usr/bin/ischroot'] with allowed return codes [0] (capture=False)
Checking if target_proc (/target/proc) is a mount
It is, so unshare will use --mount-proc=/target/proc
Running command ['unshare', '--fork', '--pid', '--mount-proc=/target/proc', '--', 'chroot', '/target', 'efibootmgr', '-v'] with allowed return codes [0] (capture=True)
Checking if target_proc (/target/proc) is a mount
It is, so unshare will use --mount-proc=/target/proc
Running command ['unshare', '--fork', '--pid', '--mount-proc=/target/proc', '--', 'chroot', '/target', 'dpkg-reconfigure', 'grub-efi-amd64'] with allowed return codes [0] (capture=True)
Checking if target_proc (/target/proc) is a mount
It is, so unshare will use --mount-proc=/target/proc
Running command ['unshare', '--fork', '--pid', '--mount-proc=/target/proc', '--', 'chroot', '/target', 'update-grub'] with allowed return codes [0] (capture=True)
Checking if target_proc (/target/proc) is a mount
It is, so unshare will use --mount-proc=/target/proc
Running command ['unshare', '--fork', '--pid', '--mount-proc=/target/proc', '--', 'chroot', '/target', '/usr/lib/grub/grub-multi-install'] with allowed return codes [0] (capture=True)
Checking if target_proc (/target/proc) is a mount
It is, so unshare will use --mount-proc=/target/proc
Running command ['unshare', '--fork', '--pid', '--mount-proc=/target/proc', '--', 'chroot', '/target', 'efibootmgr', '-v'] with allowed return codes [0] (capture=True)
Running command ['udevadm', 'settle'] with allowed return codes [0] (capture=False)
TIMED subp(['udevadm', 'settle']): 0.004
Running command ['mount', '--make-private', '/target/usr/bin/ischroot'] with allowed return codes [0] (capture=False)
Running command ['umount', '/target/usr/bin/ischroot'] with allowed return codes [0] (capture=False)
Running command ['mount', '--make-private', '/target/sys/firmware/efi/efivars'] with allowed return codes [0] (capture=False)
Running command ['umount', '/target/sys/firmware/efi/efivars'] with allowed return codes [0] (capture=False)
Running command ['mount', '--make-private', '/target/sys'] with allowed return codes [0] (capture=False)
Running command ['umount', '/target/sys'] with allowed return codes [0] (capture=False)
Running command ['mount', '--make-private', '/target/run'] with allowed return codes [0] (capture=False)
Running command ['umount', '/target/run'] with allowed return codes [0] (capture=False)
Running command ['mount', '--make-private', '/target/proc'] with allowed return codes [0] (capture=False)
Running command ['umount', '/target/proc'] with allowed return codes [0] (capture=False)
Running command ['mount', '--make-private', '/target/dev'] with allowed return codes [0] (capture=False)
Running command ['umount', '/target/dev'] with allowed return codes [0] (capture=False)
Skipped reordering of UEFI boot methods.
Currently booted UEFI loader might no longer boot.
Running command ['mount', '--bind', '/dev', '/target/dev'] with allowed return codes [0] (capture=False)
Running command ['mount', '--bind', '/proc', '/target/proc'] with allowed return codes [0] (capture=False)
Running command ['mount', '--bind', '/run', '/target/run'] with allowed return codes [0] (capture=False)
Running command ['mount', '--bind', '/sys', '/target/sys'] with allowed return codes [0] (capture=False)
Running command ['mount', '--bind', '/sys/firmware/efi/efivars', '/target/sys/firmware/efi/efivars'] with allowed return codes [0] (capture=False)
Running command ['mount', '--bind', '/target/usr/bin/true', '/target/usr/bin/ischroot'] with allowed return codes [0] (capture=False)
Checking if target_proc (/target/proc) is a mount
It is, so unshare will use --mount-proc=/target/proc
Running command ['unshare', '--fork', '--pid', '--mount-proc=/target/proc', '--', 'chroot', '/target', 'efibootmgr', '-v'] with allowed return codes [0] (capture=True)
Running command ['udevadm', 'settle'] with allowed return codes [0] (capture=False)
TIMED subp(['udevadm', 'settle']): 0.001
Running command ['mount', '--make-private', '/target/usr/bin/ischroot'] with allowed return codes [0] (capture=False)
Running command ['umount', '/target/usr/bin/ischroot'] with allowed return codes [0] (capture=False)
Running command ['mount', '--make-private', '/target/sys/firmware/efi/efivars'] with allowed return codes [0] (capture=False)
Running command ['umount', '/target/sys/firmware/efi/efivars'] with allowed return codes [0] (capture=False)
Running command ['mount', '--make-private', '/target/sys'] with allowed return codes [0] (capture=False)
Running command ['umount', '/target/sys'] with allowed return codes [0] (capture=False)
Running command ['mount', '--make-private', '/target/run'] with allowed return codes [0] (capture=False)
Running command ['umount', '/target/run'] with allowed return codes [0] (capture=False)
Running command ['mount', '--make-private', '/target/proc'] with allowed return codes [0] (capture=False)
Running command ['umount', '/target/proc'] with allowed return codes [0] (capture=False)
Running command ['mount', '--make-private', '/target/dev'] with allowed return codes [0] (capture=False)
Running command ['umount', '/target/dev'] with allowed return codes [0] (capture=False)
finish: cmd-install/stage-curthooks/builtin/cmd-curthooks/install-grub: SUCCESS: installing grub to target devices
finish: cmd-install/stage-curthooks/builtin/cmd-curthooks/configuring-bootloader: SUCCESS: configuring target system bootloader
start: cmd-install/stage-curthooks/builtin/cmd-curthooks/copy-cdrom-metadata: copying metadata from /cdrom
copying media-info into target
/cdrom/.disk/ubuntu_dist_channel not found, skipping
finish: cmd-install/stage-curthooks/builtin/cmd-curthooks/copy-cdrom-metadata: SUCCESS: copying metadata from /cdrom
finish: cmd-install/stage-curthooks/builtin/cmd-curthooks: SUCCESS: curtin command curthooks
{'current': '0007', 'timeout': '1 seconds', 'order': '0003,0008,0007'}
{'current': '0007', 'timeout': '1 seconds', 'order': '0003,0008,0007'}
{'current': '0007', 'timeout': '1 seconds', 'order': '0003,0007'}
curtin: Installation finished.
