2026-07-17T12:45:21.578183+00:00 tilloGPT-hermes kernel: Linux version 6.8.0-136-generic (buildd@lcy02-amd64-041) (x86_64-linux-gnu-gcc-13 (Ubuntu 13.3.0-6ubuntu2~24.04.1) 13.3.0, GNU ld (GNU Binutils for Ubuntu) 2.42) #136-Ubuntu SMP PREEMPT_DYNAMIC Wed Jul  1 21:53:05 UTC 2026 (Ubuntu 6.8.0-136.136-generic 6.8.12)
2026-07-17T12:45:21.578195+00:00 tilloGPT-hermes kernel: Command line: BOOT_IMAGE=/vmlinuz-6.8.0-136-generic root=UUID=5121ab6c-4335-442d-b2d0-7e8ab6140065 ro
2026-07-17T12:45:21.578197+00:00 tilloGPT-hermes kernel: KERNEL supported cpus:
2026-07-17T12:45:21.578198+00:00 tilloGPT-hermes kernel:   Intel GenuineIntel
2026-07-17T12:45:21.578199+00:00 tilloGPT-hermes kernel:   AMD AuthenticAMD
2026-07-17T12:45:21.578200+00:00 tilloGPT-hermes kernel:   Hygon HygonGenuine
2026-07-17T12:45:21.578201+00:00 tilloGPT-hermes kernel:   Centaur CentaurHauls
2026-07-17T12:45:21.578204+00:00 tilloGPT-hermes kernel:   zhaoxin   Shanghai  
2026-07-17T12:45:21.578205+00:00 tilloGPT-hermes kernel: BIOS-provided physical RAM map:
2026-07-17T12:45:21.578207+00:00 tilloGPT-hermes kernel: BIOS-e820: [mem 0x0000000000000000-0x000000000003efff] usable
2026-07-17T12:45:21.578207+00:00 tilloGPT-hermes kernel: BIOS-e820: [mem 0x000000000003f000-0x000000000003ffff] reserved
2026-07-17T12:45:21.578210+00:00 tilloGPT-hermes kernel: BIOS-e820: [mem 0x0000000000040000-0x000000000009ffff] usable
2026-07-17T12:45:21.578211+00:00 tilloGPT-hermes kernel: BIOS-e820: [mem 0x00000000000a0000-0x00000000000fffff] reserved
2026-07-17T12:45:21.578214+00:00 tilloGPT-hermes kernel: BIOS-e820: [mem 0x0000000000100000-0x000000004be55fff] usable
2026-07-17T12:45:21.578215+00:00 tilloGPT-hermes kernel: BIOS-e820: [mem 0x000000004be56000-0x000000004ce55fff] reserved
2026-07-17T12:45:21.578216+00:00 tilloGPT-hermes kernel: BIOS-e820: [mem 0x000000004ce56000-0x000000004cfcffff] ACPI data
2026-07-17T12:45:21.578217+00:00 tilloGPT-hermes kernel: BIOS-e820: [mem 0x000000004cfd0000-0x000000004ddd5fff] ACPI NVS
2026-07-17T12:45:21.578219+00:00 tilloGPT-hermes kernel: BIOS-e820: [mem 0x000000004ddd6000-0x000000004ddd6fff] reserved
2026-07-17T12:45:21.578220+00:00 tilloGPT-hermes kernel: BIOS-e820: [mem 0x000000004ddd7000-0x000000004e1cffff] ACPI NVS
2026-07-17T12:45:21.578221+00:00 tilloGPT-hermes kernel: BIOS-e820: [mem 0x000000004e1d0000-0x000000004fb77fff] reserved
2026-07-17T12:45:21.578226+00:00 tilloGPT-hermes kernel: BIOS-e820: [mem 0x000000004fb78000-0x000000004fffffff] usable
2026-07-17T12:45:21.578227+00:00 tilloGPT-hermes kernel: BIOS-e820: [mem 0x0000000050000000-0x000000006fffffff] reserved
2026-07-17T12:45:21.578228+00:00 tilloGPT-hermes kernel: BIOS-e820: [mem 0x00000000fd000000-0x00000000fe010fff] reserved
2026-07-17T12:45:21.578230+00:00 tilloGPT-hermes kernel: BIOS-e820: [mem 0x00000000fec00000-0x00000000fec00fff] reserved
2026-07-17T12:45:21.578242+00:00 tilloGPT-hermes kernel: BIOS-e820: [mem 0x00000000fed00000-0x00000000fed00fff] reserved
2026-07-17T12:45:21.578243+00:00 tilloGPT-hermes kernel: BIOS-e820: [mem 0x00000000fee00000-0x00000000fee00fff] reserved
2026-07-17T12:45:21.578244+00:00 tilloGPT-hermes kernel: BIOS-e820: [mem 0x00000000ff000000-0x00000000ffffffff] reserved
2026-07-17T12:45:21.578247+00:00 tilloGPT-hermes kernel: BIOS-e820: [mem 0x0000000100000000-0x000000089fffffff] usable
2026-07-17T12:45:21.578248+00:00 tilloGPT-hermes kernel: NX (Execute Disable) protection: active
2026-07-17T12:45:21.578249+00:00 tilloGPT-hermes kernel: APIC: Static calls initialized
2026-07-17T12:45:21.578250+00:00 tilloGPT-hermes kernel: e820: update [mem 0x3143b018-0x3145b057] usable ==> usable
2026-07-17T12:45:21.578251+00:00 tilloGPT-hermes kernel: e820: update [mem 0x3143b018-0x3145b057] usable ==> usable
2026-07-17T12:45:21.578255+00:00 tilloGPT-hermes kernel: e820: update [mem 0x3141a018-0x3143a057] usable ==> usable
2026-07-17T12:45:21.578258+00:00 tilloGPT-hermes kernel: e820: update [mem 0x3141a018-0x3143a057] usable ==> usable
2026-07-17T12:45:21.578260+00:00 tilloGPT-hermes kernel: e820: update [mem 0x31409018-0x31419e57] usable ==> usable
2026-07-17T12:45:21.578262+00:00 tilloGPT-hermes kernel: e820: update [mem 0x31409018-0x31419e57] usable ==> usable
2026-07-17T12:45:21.578263+00:00 tilloGPT-hermes kernel: e820: update [mem 0x313e9018-0x31408a57] usable ==> usable
2026-07-17T12:45:21.578264+00:00 tilloGPT-hermes kernel: e820: update [mem 0x313e9018-0x31408a57] usable ==> usable
2026-07-17T12:45:21.578265+00:00 tilloGPT-hermes kernel: e820: update [mem 0x313c9018-0x313e8a57] usable ==> usable
2026-07-17T12:45:21.578269+00:00 tilloGPT-hermes kernel: e820: update [mem 0x313c9018-0x313e8a57] usable ==> usable
2026-07-17T12:45:21.578270+00:00 tilloGPT-hermes kernel: e820: update [mem 0x313a9018-0x313c8a57] usable ==> usable
2026-07-17T12:45:21.578271+00:00 tilloGPT-hermes kernel: e820: update [mem 0x313a9018-0x313c8a57] usable ==> usable
2026-07-17T12:45:21.578272+00:00 tilloGPT-hermes kernel: e820: update [mem 0x31389018-0x313a8a57] usable ==> usable
2026-07-17T12:45:21.578274+00:00 tilloGPT-hermes kernel: e820: update [mem 0x31389018-0x313a8a57] usable ==> usable
2026-07-17T12:45:21.578275+00:00 tilloGPT-hermes kernel: e820: update [mem 0x31364018-0x31388657] usable ==> usable
2026-07-17T12:45:21.578290+00:00 tilloGPT-hermes kernel: e820: update [mem 0x31364018-0x31388657] usable ==> usable
2026-07-17T12:45:21.578291+00:00 tilloGPT-hermes kernel: extended physical RAM map:
2026-07-17T12:45:21.578293+00:00 tilloGPT-hermes kernel: reserve setup_data: [mem 0x0000000000000000-0x000000000003efff] usable
2026-07-17T12:45:21.578295+00:00 tilloGPT-hermes kernel: reserve setup_data: [mem 0x000000000003f000-0x000000000003ffff] reserved
2026-07-17T12:45:21.578295+00:00 tilloGPT-hermes kernel: reserve setup_data: [mem 0x0000000000040000-0x000000000009ffff] usable
2026-07-17T12:45:21.578296+00:00 tilloGPT-hermes kernel: reserve setup_data: [mem 0x00000000000a0000-0x00000000000fffff] reserved
2026-07-17T12:45:21.578297+00:00 tilloGPT-hermes kernel: reserve setup_data: [mem 0x0000000000100000-0x0000000031364017] usable
2026-07-17T12:45:21.578298+00:00 tilloGPT-hermes kernel: reserve setup_data: [mem 0x0000000031364018-0x0000000031388657] usable
2026-07-17T12:45:21.578299+00:00 tilloGPT-hermes kernel: reserve setup_data: [mem 0x0000000031388658-0x0000000031389017] usable
2026-07-17T12:45:21.578300+00:00 tilloGPT-hermes kernel: reserve setup_data: [mem 0x0000000031389018-0x00000000313a8a57] usable
2026-07-17T12:45:21.578314+00:00 tilloGPT-hermes kernel: reserve setup_data: [mem 0x00000000313a8a58-0x00000000313a9017] usable
2026-07-17T12:45:21.578316+00:00 tilloGPT-hermes kernel: reserve setup_data: [mem 0x00000000313a9018-0x00000000313c8a57] usable
2026-07-17T12:45:21.578317+00:00 tilloGPT-hermes kernel: reserve setup_data: [mem 0x00000000313c8a58-0x00000000313c9017] usable
2026-07-17T12:45:21.578318+00:00 tilloGPT-hermes kernel: reserve setup_data: [mem 0x00000000313c9018-0x00000000313e8a57] usable
2026-07-17T12:45:21.578319+00:00 tilloGPT-hermes kernel: reserve setup_data: [mem 0x00000000313e8a58-0x00000000313e9017] usable
2026-07-17T12:45:21.578334+00:00 tilloGPT-hermes kernel: reserve setup_data: [mem 0x00000000313e9018-0x0000000031408a57] usable
2026-07-17T12:45:21.578337+00:00 tilloGPT-hermes kernel: reserve setup_data: [mem 0x0000000031408a58-0x0000000031409017] usable
2026-07-17T12:45:21.578338+00:00 tilloGPT-hermes kernel: reserve setup_data: [mem 0x0000000031409018-0x0000000031419e57] usable
2026-07-17T12:45:21.578349+00:00 tilloGPT-hermes kernel: reserve setup_data: [mem 0x0000000031419e58-0x000000003141a017] usable
2026-07-17T12:45:21.578351+00:00 tilloGPT-hermes kernel: reserve setup_data: [mem 0x000000003141a018-0x000000003143a057] usable
2026-07-17T12:45:21.578354+00:00 tilloGPT-hermes kernel: reserve setup_data: [mem 0x000000003143a058-0x000000003143b017] usable
2026-07-17T12:45:21.578355+00:00 tilloGPT-hermes kernel: reserve setup_data: [mem 0x000000003143b018-0x000000003145b057] usable
2026-07-17T12:45:21.578358+00:00 tilloGPT-hermes kernel: reserve setup_data: [mem 0x000000003145b058-0x000000004be55fff] usable
2026-07-17T12:45:21.578359+00:00 tilloGPT-hermes kernel: reserve setup_data: [mem 0x000000004be56000-0x000000004ce55fff] reserved
2026-07-17T12:45:21.578370+00:00 tilloGPT-hermes kernel: reserve setup_data: [mem 0x000000004ce56000-0x000000004cfcffff] ACPI data
2026-07-17T12:45:21.578372+00:00 tilloGPT-hermes kernel: reserve setup_data: [mem 0x000000004cfd0000-0x000000004ddd5fff] ACPI NVS
2026-07-17T12:45:21.578379+00:00 tilloGPT-hermes kernel: reserve setup_data: [mem 0x000000004ddd6000-0x000000004ddd6fff] reserved
2026-07-17T12:45:21.578380+00:00 tilloGPT-hermes kernel: reserve setup_data: [mem 0x000000004ddd7000-0x000000004e1cffff] ACPI NVS
2026-07-17T12:45:21.578381+00:00 tilloGPT-hermes kernel: reserve setup_data: [mem 0x000000004e1d0000-0x000000004fb77fff] reserved
2026-07-17T12:45:21.578382+00:00 tilloGPT-hermes kernel: reserve setup_data: [mem 0x000000004fb78000-0x000000004fffffff] usable
2026-07-17T12:45:21.578383+00:00 tilloGPT-hermes kernel: reserve setup_data: [mem 0x0000000050000000-0x000000006fffffff] reserved
2026-07-17T12:45:21.578383+00:00 tilloGPT-hermes kernel: reserve setup_data: [mem 0x00000000fd000000-0x00000000fe010fff] reserved
2026-07-17T12:45:21.578384+00:00 tilloGPT-hermes kernel: reserve setup_data: [mem 0x00000000fec00000-0x00000000fec00fff] reserved
2026-07-17T12:45:21.578386+00:00 tilloGPT-hermes kernel: reserve setup_data: [mem 0x00000000fed00000-0x00000000fed00fff] reserved
2026-07-17T12:45:21.578387+00:00 tilloGPT-hermes kernel: reserve setup_data: [mem 0x00000000fee00000-0x00000000fee00fff] reserved
2026-07-17T12:45:21.578387+00:00 tilloGPT-hermes kernel: reserve setup_data: [mem 0x00000000ff000000-0x00000000ffffffff] reserved
2026-07-17T12:45:21.578397+00:00 tilloGPT-hermes kernel: reserve setup_data: [mem 0x0000000100000000-0x000000089fffffff] usable
2026-07-17T12:45:21.578399+00:00 tilloGPT-hermes kernel: efi: EFI v2.7 by American Megatrends
2026-07-17T12:45:21.578410+00:00 tilloGPT-hermes kernel: efi: TPMFinalLog=0x4e15b000 ACPI=0x4e15a000 ACPI 2.0=0x4e15a014 SMBIOS=0x4f7f4000 MEMATTR=0x47bb0098 ESRT=0x48d0c818 MOKvar=0x4f80b000 INITRD=0x37f96098 RNG=0x4cea1018 TPMEventLog=0x4ce9c018 
2026-07-17T12:45:21.578413+00:00 tilloGPT-hermes kernel: random: crng init done
2026-07-17T12:45:21.578414+00:00 tilloGPT-hermes kernel: efi: Remove mem60: MMIO range=[0x60000000-0x6fffffff] (256MB) from e820 map
2026-07-17T12:45:21.578418+00:00 tilloGPT-hermes kernel: e820: remove [mem 0x60000000-0x6fffffff] reserved
2026-07-17T12:45:21.578420+00:00 tilloGPT-hermes kernel: efi: Remove mem61: MMIO range=[0xfd000000-0xfe010fff] (16MB) from e820 map
2026-07-17T12:45:21.578422+00:00 tilloGPT-hermes kernel: e820: remove [mem 0xfd000000-0xfe010fff] reserved
2026-07-17T12:45:21.578424+00:00 tilloGPT-hermes kernel: efi: Not removing mem62: MMIO range=[0xfec00000-0xfec00fff] (4KB) from e820 map
2026-07-17T12:45:21.578426+00:00 tilloGPT-hermes kernel: efi: Not removing mem63: MMIO range=[0xfed00000-0xfed00fff] (4KB) from e820 map
2026-07-17T12:45:21.578426+00:00 tilloGPT-hermes kernel: efi: Not removing mem64: MMIO range=[0xfee00000-0xfee00fff] (4KB) from e820 map
2026-07-17T12:45:21.578435+00:00 tilloGPT-hermes kernel: efi: Remove mem65: MMIO range=[0xff000000-0xffffffff] (16MB) from e820 map
2026-07-17T12:45:21.578448+00:00 tilloGPT-hermes kernel: e820: remove [mem 0xff000000-0xffffffff] reserved
2026-07-17T12:45:21.578450+00:00 tilloGPT-hermes kernel: secureboot: Secure boot disabled
2026-07-17T12:45:21.578452+00:00 tilloGPT-hermes kernel: SMBIOS 2.8 present.
2026-07-17T12:45:21.578454+00:00 tilloGPT-hermes kernel: DMI: Micro-Star International Co., Ltd. MS-7B94/X299 PRO (MS-7B94), BIOS 1.42 09/07/2022
2026-07-17T12:45:21.578534+00:00 tilloGPT-hermes kernel: tsc: Detected 3700.000 MHz processor
2026-07-17T12:45:21.578537+00:00 tilloGPT-hermes kernel: tsc: Detected 3699.850 MHz TSC
2026-07-17T12:45:21.578549+00:00 tilloGPT-hermes kernel: [Firmware Bug]: TSC ADJUST: CPU0: -2378960175130 force to 0
2026-07-17T12:45:21.578552+00:00 tilloGPT-hermes kernel: e820: update [mem 0x00000000-0x00000fff] usable ==> reserved
2026-07-17T12:45:21.578553+00:00 tilloGPT-hermes kernel: e820: remove [mem 0x000a0000-0x000fffff] usable
2026-07-17T12:45:21.578556+00:00 tilloGPT-hermes kernel: last_pfn = 0x8a0000 max_arch_pfn = 0x400000000
2026-07-17T12:45:21.578557+00:00 tilloGPT-hermes kernel: total RAM covered: 32752M
2026-07-17T12:45:21.578563+00:00 tilloGPT-hermes kernel: Found optimal setting for mtrr clean up
2026-07-17T12:45:21.578565+00:00 tilloGPT-hermes kernel:  gran_size: 64K 	chunk_size: 32M 	num_reg: 8  	lose cover RAM: 0G
2026-07-17T12:45:21.578572+00:00 tilloGPT-hermes kernel: MTRR map: 5 entries (2 fixed + 3 variable; max 22), built from 10 variable MTRRs
2026-07-17T12:45:21.578574+00:00 tilloGPT-hermes kernel: x86/PAT: Configuration [0-7]: WB  WC  UC- UC  WB  WP  UC- WT  
2026-07-17T12:45:21.578575+00:00 tilloGPT-hermes kernel: e820: update [mem 0x5f000000-0xffffffff] usable ==> reserved
2026-07-17T12:45:21.578576+00:00 tilloGPT-hermes kernel: last_pfn = 0x50000 max_arch_pfn = 0x400000000
2026-07-17T12:45:21.578576+00:00 tilloGPT-hermes kernel: esrt: Reserving ESRT space from 0x0000000048d0c818 to 0x0000000048d0c850.
2026-07-17T12:45:21.578578+00:00 tilloGPT-hermes kernel: e820: update [mem 0x48d0c000-0x48d0cfff] usable ==> reserved
2026-07-17T12:45:21.578579+00:00 tilloGPT-hermes kernel: Using GB pages for direct mapping
2026-07-17T12:45:21.578581+00:00 tilloGPT-hermes kernel: secureboot: Secure boot disabled
2026-07-17T12:45:21.578582+00:00 tilloGPT-hermes kernel: RAMDISK: [mem 0x3145d000-0x35d5cfff]
2026-07-17T12:45:21.578584+00:00 tilloGPT-hermes kernel: ACPI: Early table checksum verification disabled
2026-07-17T12:45:21.578585+00:00 tilloGPT-hermes kernel: ACPI: RSDP 0x000000004E15A014 000024 (v02 ALASKA)
2026-07-17T12:45:21.578586+00:00 tilloGPT-hermes kernel: ACPI: XSDT 0x000000004E159728 000114 (v01 ALASKA A M I    01072009 AMI  01000013)
2026-07-17T12:45:21.578587+00:00 tilloGPT-hermes kernel: ACPI: FACP 0x000000004CFCF000 000114 (v06 ALASKA A M I    01072009 AMI  00010013)
2026-07-17T12:45:21.578588+00:00 tilloGPT-hermes kernel: ACPI: DSDT 0x000000004CF14000 0BA0AF (v02 ALASKA A M I    01072009 INTL 20160422)
2026-07-17T12:45:21.578589+00:00 tilloGPT-hermes kernel: ACPI: FACS 0x000000004E158000 000040
2026-07-17T12:45:21.578591+00:00 tilloGPT-hermes kernel: ACPI: FIDT 0x000000004CF13000 00009C (v01 ALASKA A M I    01072009 AMI  00010013)
2026-07-17T12:45:21.578591+00:00 tilloGPT-hermes kernel: ACPI: MCFG 0x000000004CF12000 00003C (v01 ALASKA A M I    01072009 MSFT 00000097)
2026-07-17T12:45:21.578592+00:00 tilloGPT-hermes kernel: ACPI: HPET 0x000000004CF11000 000038 (v01 ALASKA A M I    00000001 INTL 20091013)
2026-07-17T12:45:21.578593+00:00 tilloGPT-hermes kernel: ACPI: APIC 0x000000004CF10000 00071E (v03 ALASKA A M I    00000000 INTL 20091013)
2026-07-17T12:45:21.578594+00:00 tilloGPT-hermes kernel: ACPI: MIGT 0x000000004CF0F000 000040 (v01 ALASKA A M I    00000000 INTL 20091013)
2026-07-17T12:45:21.578594+00:00 tilloGPT-hermes kernel: ACPI: MSCT 0x000000004CF0E000 00004E (v01 ALASKA A M I    00000001 INTL 20091013)
2026-07-17T12:45:21.578595+00:00 tilloGPT-hermes kernel: ACPI: PCAT 0x000000004CF0D000 000068 (v02 ALASKA A M I    00000002 INTL 20091013)
2026-07-17T12:45:21.578596+00:00 tilloGPT-hermes kernel: ACPI: PCCT 0x000000004CF0C000 00006E (v01 ALASKA A M I    00000002 INTL 20091013)
2026-07-17T12:45:21.578597+00:00 tilloGPT-hermes kernel: ACPI: RASF 0x000000004CF0B000 000030 (v01 ALASKA A M I    00000001 INTL 20091013)
2026-07-17T12:45:21.578599+00:00 tilloGPT-hermes kernel: ACPI: SLIT 0x000000004CF0A000 00006C (v01 ALASKA A M I    00000001 INTL 20091013)
2026-07-17T12:45:21.578599+00:00 tilloGPT-hermes kernel: ACPI: SRAT 0x000000004CF09000 000B70 (v03 ALASKA A M I    00000002 INTL 20091013)
2026-07-17T12:45:21.578600+00:00 tilloGPT-hermes kernel: ACPI: SVOS 0x000000004CF08000 000032 (v01 ALASKA A M I    00000000 INTL 20091013)
2026-07-17T12:45:21.578601+00:00 tilloGPT-hermes kernel: ACPI: WDDT 0x000000004CF07000 000040 (v01 ALASKA A M I    00000000 INTL 20091013)
2026-07-17T12:45:21.578601+00:00 tilloGPT-hermes kernel: ACPI: OEM4 0x000000004CEDD000 029A72 (v02 INTEL  CPU  CST 00003000 INTL 20160422)
2026-07-17T12:45:21.578612+00:00 tilloGPT-hermes kernel: ACPI: OEM1 0x000000004CED2000 00ABCB (v02 INTEL  CPU EIST 00003000 INTL 20160422)
2026-07-17T12:45:21.578613+00:00 tilloGPT-hermes kernel: ACPI: OEM2 0x000000004CEBF000 0125B8 (v02 INTEL  CPU  HWP 00003000 INTL 20160422)
2026-07-17T12:45:21.578616+00:00 tilloGPT-hermes kernel: ACPI: SSDT 0x000000004CEB1000 00D427 (v02 INTEL  SSDT  PM 00004000 INTL 20160422)
2026-07-17T12:45:21.578617+00:00 tilloGPT-hermes kernel: ACPI: NITR 0x000000004CEB0000 000071 (v02 ALASKA A M I    00000001 INTL 20091013)
2026-07-17T12:45:21.578619+00:00 tilloGPT-hermes kernel: ACPI: SSDT 0x000000004CEAF000 000E7C (v02 ALASKA A M I    00000000 INTL 20091013)
2026-07-17T12:45:21.578619+00:00 tilloGPT-hermes kernel: ACPI: LPIT 0x000000004CEAE000 000094 (v01 INTEL  SKL      00000000 MSFT 0000005F)
2026-07-17T12:45:21.578621+00:00 tilloGPT-hermes kernel: ACPI: WDAT 0x000000004CEAC000 000134 (v01 INTEL  SKL      00000000 MSFT 0000005F)
2026-07-17T12:45:21.578621+00:00 tilloGPT-hermes kernel: ACPI: SSDT 0x000000004CEA8000 003002 (v02 INTEL  PtidDevc 00001000 INTL 20160422)
2026-07-17T12:45:21.578622+00:00 tilloGPT-hermes kernel: ACPI: DBGP 0x000000004CEA7000 000034 (v01 INTEL           01072009 MSFT 0000005F)
2026-07-17T12:45:21.578624+00:00 tilloGPT-hermes kernel: ACPI: DBG2 0x000000004CEA6000 000061 (v00 INTEL           01072009 MSFT 0000005F)
2026-07-17T12:45:21.578625+00:00 tilloGPT-hermes kernel: ACPI: TPM2 0x000000004CEA5000 00004C (v04 ALASKA A M I    00000001 AMI  00000000)
2026-07-17T12:45:21.578627+00:00 tilloGPT-hermes kernel: ACPI: BGRT 0x000000004CEA4000 000038 (v01 ALASKA A M I    01072009 AMI  00010013)
2026-07-17T12:45:21.578628+00:00 tilloGPT-hermes kernel: ACPI: WSMT 0x000000004CEAD000 000028 (v01 ALASKA A M I    01072009 AMI  00010013)
2026-07-17T12:45:21.578630+00:00 tilloGPT-hermes kernel: ACPI: APIC 0x000000004CEA3000 000194 (v03 ALASKA A M I    01072009 AMI  00010013)
2026-07-17T12:45:21.578634+00:00 tilloGPT-hermes kernel: ACPI: FPDT 0x000000004CEA2000 000044 (v01 ALASKA A M I    01072009 AMI  01000013)
2026-07-17T12:45:21.578649+00:00 tilloGPT-hermes kernel: ACPI: Reserving FACP table memory at [mem 0x4cfcf000-0x4cfcf113]
2026-07-17T12:45:21.578650+00:00 tilloGPT-hermes kernel: ACPI: Reserving DSDT table memory at [mem 0x4cf14000-0x4cfce0ae]
2026-07-17T12:45:21.578652+00:00 tilloGPT-hermes kernel: ACPI: Reserving FACS table memory at [mem 0x4e158000-0x4e15803f]
2026-07-17T12:45:21.578653+00:00 tilloGPT-hermes kernel: ACPI: Reserving FIDT table memory at [mem 0x4cf13000-0x4cf1309b]
2026-07-17T12:45:21.578656+00:00 tilloGPT-hermes kernel: ACPI: Reserving MCFG table memory at [mem 0x4cf12000-0x4cf1203b]
2026-07-17T12:45:21.578656+00:00 tilloGPT-hermes kernel: ACPI: Reserving HPET table memory at [mem 0x4cf11000-0x4cf11037]
2026-07-17T12:45:21.578668+00:00 tilloGPT-hermes kernel: ACPI: Reserving APIC table memory at [mem 0x4cf10000-0x4cf1071d]
2026-07-17T12:45:21.578669+00:00 tilloGPT-hermes kernel: ACPI: Reserving MIGT table memory at [mem 0x4cf0f000-0x4cf0f03f]
2026-07-17T12:45:21.578671+00:00 tilloGPT-hermes kernel: ACPI: Reserving MSCT table memory at [mem 0x4cf0e000-0x4cf0e04d]
2026-07-17T12:45:21.578672+00:00 tilloGPT-hermes kernel: ACPI: Reserving PCAT table memory at [mem 0x4cf0d000-0x4cf0d067]
2026-07-17T12:45:21.578672+00:00 tilloGPT-hermes kernel: ACPI: Reserving PCCT table memory at [mem 0x4cf0c000-0x4cf0c06d]
2026-07-17T12:45:21.578681+00:00 tilloGPT-hermes kernel: ACPI: Reserving RASF table memory at [mem 0x4cf0b000-0x4cf0b02f]
2026-07-17T12:45:21.578682+00:00 tilloGPT-hermes kernel: ACPI: Reserving SLIT table memory at [mem 0x4cf0a000-0x4cf0a06b]
2026-07-17T12:45:21.578684+00:00 tilloGPT-hermes kernel: ACPI: Reserving SRAT table memory at [mem 0x4cf09000-0x4cf09b6f]
2026-07-17T12:45:21.578684+00:00 tilloGPT-hermes kernel: ACPI: Reserving SVOS table memory at [mem 0x4cf08000-0x4cf08031]
2026-07-17T12:45:21.578692+00:00 tilloGPT-hermes kernel: ACPI: Reserving WDDT table memory at [mem 0x4cf07000-0x4cf0703f]
2026-07-17T12:45:21.578700+00:00 tilloGPT-hermes kernel: ACPI: Reserving OEM4 table memory at [mem 0x4cedd000-0x4cf06a71]
2026-07-17T12:45:21.578713+00:00 tilloGPT-hermes kernel: ACPI: Reserving OEM1 table memory at [mem 0x4ced2000-0x4cedcbca]
2026-07-17T12:45:21.578714+00:00 tilloGPT-hermes kernel: ACPI: Reserving OEM2 table memory at [mem 0x4cebf000-0x4ced15b7]
2026-07-17T12:45:21.578716+00:00 tilloGPT-hermes kernel: ACPI: Reserving SSDT table memory at [mem 0x4ceb1000-0x4cebe426]
2026-07-17T12:45:21.578717+00:00 tilloGPT-hermes kernel: ACPI: Reserving NITR table memory at [mem 0x4ceb0000-0x4ceb0070]
2026-07-17T12:45:21.578720+00:00 tilloGPT-hermes kernel: ACPI: Reserving SSDT table memory at [mem 0x4ceaf000-0x4ceafe7b]
2026-07-17T12:45:21.578723+00:00 tilloGPT-hermes kernel: ACPI: Reserving LPIT table memory at [mem 0x4ceae000-0x4ceae093]
2026-07-17T12:45:21.578737+00:00 tilloGPT-hermes kernel: ACPI: Reserving WDAT table memory at [mem 0x4ceac000-0x4ceac133]
2026-07-17T12:45:21.578750+00:00 tilloGPT-hermes kernel: ACPI: Reserving SSDT table memory at [mem 0x4cea8000-0x4ceab001]
2026-07-17T12:45:21.578767+00:00 tilloGPT-hermes kernel: ACPI: Reserving DBGP table memory at [mem 0x4cea7000-0x4cea7033]
2026-07-17T12:45:21.578770+00:00 tilloGPT-hermes kernel: ACPI: Reserving DBG2 table memory at [mem 0x4cea6000-0x4cea6060]
2026-07-17T12:45:21.578778+00:00 tilloGPT-hermes kernel: ACPI: Reserving TPM2 table memory at [mem 0x4cea5000-0x4cea504b]
2026-07-17T12:45:21.578781+00:00 tilloGPT-hermes kernel: ACPI: Reserving BGRT table memory at [mem 0x4cea4000-0x4cea4037]
2026-07-17T12:45:21.578782+00:00 tilloGPT-hermes kernel: ACPI: Reserving WSMT table memory at [mem 0x4cead000-0x4cead027]
2026-07-17T12:45:21.578791+00:00 tilloGPT-hermes kernel: ACPI: Reserving APIC table memory at [mem 0x4cea3000-0x4cea3193]
2026-07-17T12:45:21.578792+00:00 tilloGPT-hermes kernel: ACPI: Reserving FPDT table memory at [mem 0x4cea2000-0x4cea2043]
2026-07-17T12:45:21.578802+00:00 tilloGPT-hermes kernel: ACPI: BIOS bug: multiple APIC/MADT found, using 0
2026-07-17T12:45:21.578803+00:00 tilloGPT-hermes kernel: ACPI: If "acpi_apic_instance=2" works better, notify linux-acpi@vger.kernel.org
2026-07-17T12:45:21.578806+00:00 tilloGPT-hermes kernel: SRAT: PXM 0 -> APIC 0x00 -> Node 0
2026-07-17T12:45:21.578807+00:00 tilloGPT-hermes kernel: SRAT: PXM 0 -> APIC 0x04 -> Node 0
2026-07-17T12:45:21.578809+00:00 tilloGPT-hermes kernel: SRAT: PXM 0 -> APIC 0x06 -> Node 0
2026-07-17T12:45:21.578810+00:00 tilloGPT-hermes kernel: SRAT: PXM 0 -> APIC 0x08 -> Node 0
2026-07-17T12:45:21.578821+00:00 tilloGPT-hermes kernel: SRAT: PXM 0 -> APIC 0x0a -> Node 0
2026-07-17T12:45:21.578838+00:00 tilloGPT-hermes kernel: SRAT: PXM 0 -> APIC 0x10 -> Node 0
2026-07-17T12:45:21.578840+00:00 tilloGPT-hermes kernel: SRAT: PXM 0 -> APIC 0x12 -> Node 0
2026-07-17T12:45:21.578841+00:00 tilloGPT-hermes kernel: SRAT: PXM 0 -> APIC 0x16 -> Node 0
2026-07-17T12:45:21.578842+00:00 tilloGPT-hermes kernel: SRAT: PXM 0 -> APIC 0x18 -> Node 0
2026-07-17T12:45:21.578844+00:00 tilloGPT-hermes kernel: SRAT: PXM 0 -> APIC 0x1c -> Node 0
2026-07-17T12:45:21.578851+00:00 tilloGPT-hermes kernel: SRAT: PXM 0 -> APIC 0x01 -> Node 0
2026-07-17T12:45:21.578859+00:00 tilloGPT-hermes kernel: SRAT: PXM 0 -> APIC 0x05 -> Node 0
2026-07-17T12:45:21.578947+00:00 tilloGPT-hermes kernel: SRAT: PXM 0 -> APIC 0x07 -> Node 0
2026-07-17T12:45:21.578949+00:00 tilloGPT-hermes kernel: SRAT: PXM 0 -> APIC 0x09 -> Node 0
2026-07-17T12:45:21.578951+00:00 tilloGPT-hermes kernel: SRAT: PXM 0 -> APIC 0x0b -> Node 0
2026-07-17T12:45:21.578952+00:00 tilloGPT-hermes kernel: SRAT: PXM 0 -> APIC 0x11 -> Node 0
2026-07-17T12:45:21.578953+00:00 tilloGPT-hermes kernel: SRAT: PXM 0 -> APIC 0x13 -> Node 0
2026-07-17T12:45:21.578957+00:00 tilloGPT-hermes kernel: SRAT: PXM 0 -> APIC 0x17 -> Node 0
2026-07-17T12:45:21.578958+00:00 tilloGPT-hermes kernel: SRAT: PXM 0 -> APIC 0x19 -> Node 0
2026-07-17T12:45:21.578959+00:00 tilloGPT-hermes kernel: SRAT: PXM 0 -> APIC 0x1d -> Node 0
2026-07-17T12:45:21.578960+00:00 tilloGPT-hermes kernel: ACPI: SRAT: Node 0 PXM 0 [mem 0x00000000-0x5fffffff]
2026-07-17T12:45:21.578961+00:00 tilloGPT-hermes kernel: ACPI: SRAT: Node 0 PXM 0 [mem 0x100000000-0x89fffffff]
2026-07-17T12:45:21.578969+00:00 tilloGPT-hermes kernel: NUMA: Initialized distance table, cnt=1
2026-07-17T12:45:21.578980+00:00 tilloGPT-hermes kernel: NUMA: Node 0 [mem 0x00000000-0x5fffffff] + [mem 0x100000000-0x89fffffff] -> [mem 0x00000000-0x89fffffff]
2026-07-17T12:45:21.578984+00:00 tilloGPT-hermes kernel: NODE_DATA(0) allocated [mem 0x89ffd4000-0x89fffefff]
2026-07-17T12:45:21.578986+00:00 tilloGPT-hermes kernel: Zone ranges:
2026-07-17T12:45:21.578999+00:00 tilloGPT-hermes kernel:   DMA      [mem 0x0000000000001000-0x0000000000ffffff]
2026-07-17T12:45:21.579002+00:00 tilloGPT-hermes kernel:   DMA32    [mem 0x0000000001000000-0x00000000ffffffff]
2026-07-17T12:45:21.579003+00:00 tilloGPT-hermes kernel:   Normal   [mem 0x0000000100000000-0x000000089fffffff]
2026-07-17T12:45:21.579010+00:00 tilloGPT-hermes kernel:   Device   empty
2026-07-17T12:45:21.579013+00:00 tilloGPT-hermes kernel: Movable zone start for each node
2026-07-17T12:45:21.579020+00:00 tilloGPT-hermes kernel: Early memory node ranges
2026-07-17T12:45:21.579023+00:00 tilloGPT-hermes kernel:   node   0: [mem 0x0000000000001000-0x000000000003efff]
2026-07-17T12:45:21.579026+00:00 tilloGPT-hermes kernel:   node   0: [mem 0x0000000000040000-0x000000000009ffff]
2026-07-17T12:45:21.579027+00:00 tilloGPT-hermes kernel:   node   0: [mem 0x0000000000100000-0x000000004be55fff]
2026-07-17T12:45:21.579029+00:00 tilloGPT-hermes kernel:   node   0: [mem 0x000000004fb78000-0x000000004fffffff]
2026-07-17T12:45:21.579030+00:00 tilloGPT-hermes kernel:   node   0: [mem 0x0000000100000000-0x000000089fffffff]
2026-07-17T12:45:21.579034+00:00 tilloGPT-hermes kernel: Initmem setup node 0 [mem 0x0000000000001000-0x000000089fffffff]
2026-07-17T12:45:21.579036+00:00 tilloGPT-hermes kernel: On node 0, zone DMA: 1 pages in unavailable ranges
2026-07-17T12:45:21.579037+00:00 tilloGPT-hermes kernel: On node 0, zone DMA: 1 pages in unavailable ranges
2026-07-17T12:45:21.579041+00:00 tilloGPT-hermes kernel: On node 0, zone DMA: 96 pages in unavailable ranges
2026-07-17T12:45:21.579057+00:00 tilloGPT-hermes kernel: On node 0, zone DMA32: 15650 pages in unavailable ranges
2026-07-17T12:45:21.579061+00:00 tilloGPT-hermes kernel: ACPI: PM-Timer IO Port: 0x1808
2026-07-17T12:45:21.579062+00:00 tilloGPT-hermes kernel: ACPI: X2APIC_NMI (uid[0xffffffff] high level lint[0x1])
2026-07-17T12:45:21.579063+00:00 tilloGPT-hermes kernel: ACPI: LAPIC_NMI (acpi_id[0xff] high level lint[0x1])
2026-07-17T12:45:21.579073+00:00 tilloGPT-hermes kernel: IOAPIC[0]: apic_id 8, version 32, address 0xfec00000, GSI 0-23
2026-07-17T12:45:21.579077+00:00 tilloGPT-hermes kernel: IOAPIC[1]: apic_id 9, version 32, address 0xfec01000, GSI 24-31
2026-07-17T12:45:21.579079+00:00 tilloGPT-hermes kernel: IOAPIC[2]: apic_id 10, version 32, address 0xfec08000, GSI 32-39
2026-07-17T12:45:21.579080+00:00 tilloGPT-hermes kernel: IOAPIC[3]: apic_id 11, version 32, address 0xfec10000, GSI 40-47
2026-07-17T12:45:21.579081+00:00 tilloGPT-hermes kernel: IOAPIC[4]: apic_id 12, version 32, address 0xfec18000, GSI 48-55
2026-07-17T12:45:21.579083+00:00 tilloGPT-hermes kernel: ACPI: INT_SRC_OVR (bus 0 bus_irq 0 global_irq 2 dfl dfl)
2026-07-17T12:45:21.579084+00:00 tilloGPT-hermes kernel: ACPI: INT_SRC_OVR (bus 0 bus_irq 9 global_irq 9 high level)
2026-07-17T12:45:21.579087+00:00 tilloGPT-hermes kernel: ACPI: Using ACPI (MADT) for SMP configuration information
2026-07-17T12:45:21.579089+00:00 tilloGPT-hermes kernel: ACPI: HPET id: 0x8086a701 base: 0xfed00000
2026-07-17T12:45:21.579106+00:00 tilloGPT-hermes kernel: e820: update [mem 0x4786f000-0x478b0fff] usable ==> reserved
2026-07-17T12:45:21.579107+00:00 tilloGPT-hermes kernel: TSC deadline timer available
2026-07-17T12:45:21.579115+00:00 tilloGPT-hermes kernel: smpboot: Allowing 20 CPUs, 0 hotplug CPUs
2026-07-17T12:45:21.579125+00:00 tilloGPT-hermes kernel: PM: hibernation: Registered nosave memory: [mem 0x00000000-0x00000fff]
2026-07-17T12:45:21.579127+00:00 tilloGPT-hermes kernel: PM: hibernation: Registered nosave memory: [mem 0x0003f000-0x0003ffff]
2026-07-17T12:45:21.579140+00:00 tilloGPT-hermes kernel: PM: hibernation: Registered nosave memory: [mem 0x000a0000-0x000fffff]
2026-07-17T12:45:21.579142+00:00 tilloGPT-hermes kernel: PM: hibernation: Registered nosave memory: [mem 0x4786f000-0x478b0fff]
2026-07-17T12:45:21.579143+00:00 tilloGPT-hermes kernel: PM: hibernation: Registered nosave memory: [mem 0x48d0c000-0x48d0cfff]
2026-07-17T12:45:21.579144+00:00 tilloGPT-hermes kernel: PM: hibernation: Registered nosave memory: [mem 0x4be56000-0x4fb77fff]
2026-07-17T12:45:21.579146+00:00 tilloGPT-hermes kernel: PM: hibernation: Registered nosave memory: [mem 0x50000000-0xffffffff]
2026-07-17T12:45:21.579147+00:00 tilloGPT-hermes kernel: [mem 0x60000000-0xfebfffff] available for PCI devices
2026-07-17T12:45:21.579148+00:00 tilloGPT-hermes kernel: Booting paravirtualized kernel on bare hardware
2026-07-17T12:45:21.579149+00:00 tilloGPT-hermes kernel: clocksource: refined-jiffies: mask: 0xffffffff max_cycles: 0xffffffff, max_idle_ns: 1910969940391419 ns
2026-07-17T12:45:21.579150+00:00 tilloGPT-hermes kernel: setup_percpu: NR_CPUS:8192 nr_cpumask_bits:20 nr_cpu_ids:20 nr_node_ids:1
2026-07-17T12:45:21.579151+00:00 tilloGPT-hermes kernel: percpu: Embedded 86 pages/cpu s229376 r8192 d114688 u524288
2026-07-17T12:45:21.579155+00:00 tilloGPT-hermes kernel: pcpu-alloc: s229376 r8192 d114688 u524288 alloc=1*2097152
2026-07-17T12:45:21.579156+00:00 tilloGPT-hermes kernel: pcpu-alloc: [0] 00 01 02 03 [0] 04 05 06 07 
2026-07-17T12:45:21.579157+00:00 tilloGPT-hermes kernel: pcpu-alloc: [0] 08 09 10 11 [0] 12 13 14 15 
2026-07-17T12:45:21.579158+00:00 tilloGPT-hermes kernel: pcpu-alloc: [0] 16 17 18 19 
2026-07-17T12:45:21.579159+00:00 tilloGPT-hermes kernel: Kernel command line: BOOT_IMAGE=/vmlinuz-6.8.0-136-generic root=UUID=5121ab6c-4335-442d-b2d0-7e8ab6140065 ro
2026-07-17T12:45:21.579160+00:00 tilloGPT-hermes kernel: Dentry cache hash table entries: 4194304 (order: 13, 33554432 bytes, linear)
2026-07-17T12:45:21.579162+00:00 tilloGPT-hermes kernel: Inode-cache hash table entries: 2097152 (order: 12, 16777216 bytes, linear)
2026-07-17T12:45:21.579162+00:00 tilloGPT-hermes kernel: Fallback order for Node 0: 0 
2026-07-17T12:45:21.579163+00:00 tilloGPT-hermes kernel: Built 1 zonelists, mobility grouping on.  Total pages: 8177362
2026-07-17T12:45:21.579172+00:00 tilloGPT-hermes kernel: Policy zone: Normal
2026-07-17T12:45:21.579174+00:00 tilloGPT-hermes kernel: mem auto-init: stack:all(zero), heap alloc:on, heap free:off
2026-07-17T12:45:21.579174+00:00 tilloGPT-hermes kernel: software IO TLB: area num 32.
2026-07-17T12:45:21.579177+00:00 tilloGPT-hermes kernel: Memory: 32378760K/33229296K available (22528K kernel code, 4441K rwdata, 14428K rodata, 4932K init, 4776K bss, 850276K reserved, 0K cma-reserved)
2026-07-17T12:45:21.579190+00:00 tilloGPT-hermes kernel: SLUB: HWalign=64, Order=0-3, MinObjects=0, CPUs=20, Nodes=1
2026-07-17T12:45:21.579198+00:00 tilloGPT-hermes kernel: ftrace: allocating 58332 entries in 228 pages
2026-07-17T12:45:21.579200+00:00 tilloGPT-hermes kernel: ftrace: allocated 228 pages with 4 groups
2026-07-17T12:45:21.579202+00:00 tilloGPT-hermes kernel: Dynamic Preempt: voluntary
2026-07-17T12:45:21.579211+00:00 tilloGPT-hermes kernel: rcu: Preemptible hierarchical RCU implementation.
2026-07-17T12:45:21.579213+00:00 tilloGPT-hermes kernel: rcu: 	RCU restricting CPUs from NR_CPUS=8192 to nr_cpu_ids=20.
2026-07-17T12:45:21.579214+00:00 tilloGPT-hermes kernel: 	Trampoline variant of Tasks RCU enabled.
2026-07-17T12:45:21.579233+00:00 tilloGPT-hermes kernel: 	Rude variant of Tasks RCU enabled.
2026-07-17T12:45:21.579234+00:00 tilloGPT-hermes kernel: 	Tracing variant of Tasks RCU enabled.
2026-07-17T12:45:21.579236+00:00 tilloGPT-hermes kernel: rcu: RCU calculated value of scheduler-enlistment delay is 100 jiffies.
2026-07-17T12:45:21.579238+00:00 tilloGPT-hermes kernel: rcu: Adjusting geometry for rcu_fanout_leaf=16, nr_cpu_ids=20
2026-07-17T12:45:21.579239+00:00 tilloGPT-hermes kernel: RCU Tasks: Setting shift to 5 and lim to 1 rcu_task_cb_adjust=1 rcu_task_cpu_ids=20.
2026-07-17T12:45:21.579241+00:00 tilloGPT-hermes kernel: RCU Tasks Rude: Setting shift to 5 and lim to 1 rcu_task_cb_adjust=1 rcu_task_cpu_ids=20.
2026-07-17T12:45:21.579248+00:00 tilloGPT-hermes kernel: RCU Tasks Trace: Setting shift to 5 and lim to 1 rcu_task_cb_adjust=1 rcu_task_cpu_ids=20.
2026-07-17T12:45:21.579250+00:00 tilloGPT-hermes kernel: NR_IRQS: 524544, nr_irqs: 1128, preallocated irqs: 16
2026-07-17T12:45:21.579252+00:00 tilloGPT-hermes kernel: rcu: srcu_init: Setting srcu_struct sizes based on contention.
2026-07-17T12:45:21.579253+00:00 tilloGPT-hermes kernel: Console: colour dummy device 80x25
2026-07-17T12:45:21.579254+00:00 tilloGPT-hermes kernel: printk: legacy console [tty0] enabled
2026-07-17T12:45:21.579255+00:00 tilloGPT-hermes kernel: ACPI: Core revision 20230628
2026-07-17T12:45:21.579256+00:00 tilloGPT-hermes kernel: clocksource: hpet: mask: 0xffffffff max_cycles: 0xffffffff, max_idle_ns: 79635855245 ns
2026-07-17T12:45:21.579268+00:00 tilloGPT-hermes kernel: APIC: Switch to symmetric I/O mode setup
2026-07-17T12:45:21.579269+00:00 tilloGPT-hermes kernel: x2apic: IRQ remapping doesn't support X2APIC mode
2026-07-17T12:45:21.579272+00:00 tilloGPT-hermes kernel: ..TIMER: vector=0x30 apic1=0 pin1=2 apic2=-1 pin2=-1
2026-07-17T12:45:21.579273+00:00 tilloGPT-hermes kernel: clocksource: tsc-early: mask: 0xffffffffffffffff max_cycles: 0x6aa99074b1c, max_idle_ns: 881590506587 ns
2026-07-17T12:45:21.579276+00:00 tilloGPT-hermes kernel: Calibrating delay loop (skipped), value calculated using timer frequency.. 7399.70 BogoMIPS (lpj=3699850)
2026-07-17T12:45:21.579279+00:00 tilloGPT-hermes kernel: CPU0: Thermal monitoring enabled (TM1)
2026-07-17T12:45:21.579282+00:00 tilloGPT-hermes kernel: process: using mwait in idle threads
2026-07-17T12:45:21.579282+00:00 tilloGPT-hermes kernel: Last level iTLB entries: 4KB 64, 2MB 8, 4MB 8
2026-07-17T12:45:21.579291+00:00 tilloGPT-hermes kernel: Last level dTLB entries: 4KB 64, 2MB 32, 4MB 32, 1GB 4
2026-07-17T12:45:21.579292+00:00 tilloGPT-hermes kernel: Spectre V1 : Mitigation: usercopy/swapgs barriers and __user pointer sanitization
2026-07-17T12:45:21.579293+00:00 tilloGPT-hermes kernel: Spectre V2 : Spectre BHI mitigation: SW BHB clearing on vm exit
2026-07-17T12:45:21.579294+00:00 tilloGPT-hermes kernel: Spectre V2 : Spectre BHI mitigation: SW BHB clearing on syscall
2026-07-17T12:45:21.579295+00:00 tilloGPT-hermes kernel: Spectre V2 : Mitigation: Enhanced / Automatic IBRS
2026-07-17T12:45:21.579296+00:00 tilloGPT-hermes kernel: Spectre V2 : Spectre v2 / PBRSB-eIBRS: Retire a single CALL on VMEXIT
2026-07-17T12:45:21.579303+00:00 tilloGPT-hermes kernel: RETBleed: Mitigation: Enhanced IBRS
2026-07-17T12:45:21.579304+00:00 tilloGPT-hermes kernel: Spectre V2 : mitigation: Enabling conditional Indirect Branch Prediction Barrier
2026-07-17T12:45:21.579314+00:00 tilloGPT-hermes kernel: Speculative Store Bypass: Mitigation: Speculative Store Bypass disabled via prctl
2026-07-17T12:45:21.579316+00:00 tilloGPT-hermes kernel: TAA: Mitigation: TSX disabled
2026-07-17T12:45:21.579317+00:00 tilloGPT-hermes kernel: MMIO Stale Data: Mitigation: Clear CPU buffers
2026-07-17T12:45:21.579319+00:00 tilloGPT-hermes kernel: GDS: Mitigation: Microcode
2026-07-17T12:45:21.579399+00:00 tilloGPT-hermes kernel: active return thunk: its_return_thunk
2026-07-17T12:45:21.579402+00:00 tilloGPT-hermes kernel: ITS: Mitigation: Aligned branch/return thunks
2026-07-17T12:45:21.579403+00:00 tilloGPT-hermes kernel: VMSCAPE: Mitigation: IBPB before exit to userspace
2026-07-17T12:45:21.579405+00:00 tilloGPT-hermes kernel: x86/fpu: Supporting XSAVE feature 0x001: 'x87 floating point registers'
2026-07-17T12:45:21.579406+00:00 tilloGPT-hermes kernel: x86/fpu: Supporting XSAVE feature 0x002: 'SSE registers'
2026-07-17T12:45:21.579409+00:00 tilloGPT-hermes kernel: x86/fpu: Supporting XSAVE feature 0x004: 'AVX registers'
2026-07-17T12:45:21.579410+00:00 tilloGPT-hermes kernel: x86/fpu: Supporting XSAVE feature 0x008: 'MPX bounds registers'
2026-07-17T12:45:21.579411+00:00 tilloGPT-hermes kernel: x86/fpu: Supporting XSAVE feature 0x010: 'MPX CSR'
2026-07-17T12:45:21.579420+00:00 tilloGPT-hermes kernel: x86/fpu: Supporting XSAVE feature 0x020: 'AVX-512 opmask'
2026-07-17T12:45:21.579421+00:00 tilloGPT-hermes kernel: x86/fpu: Supporting XSAVE feature 0x040: 'AVX-512 Hi256'
2026-07-17T12:45:21.579433+00:00 tilloGPT-hermes kernel: x86/fpu: Supporting XSAVE feature 0x080: 'AVX-512 ZMM_Hi256'
2026-07-17T12:45:21.579434+00:00 tilloGPT-hermes kernel: x86/fpu: xstate_offset[2]:  576, xstate_sizes[2]:  256
2026-07-17T12:45:21.579443+00:00 tilloGPT-hermes kernel: x86/fpu: xstate_offset[3]:  832, xstate_sizes[3]:   64
2026-07-17T12:45:21.579444+00:00 tilloGPT-hermes kernel: x86/fpu: xstate_offset[4]:  896, xstate_sizes[4]:   64
2026-07-17T12:45:21.579454+00:00 tilloGPT-hermes kernel: x86/fpu: xstate_offset[5]:  960, xstate_sizes[5]:   64
2026-07-17T12:45:21.579455+00:00 tilloGPT-hermes kernel: x86/fpu: xstate_offset[6]: 1024, xstate_sizes[6]:  512
2026-07-17T12:45:21.579457+00:00 tilloGPT-hermes kernel: x86/fpu: xstate_offset[7]: 1536, xstate_sizes[7]: 1024
2026-07-17T12:45:21.579460+00:00 tilloGPT-hermes kernel: x86/fpu: Enabled xstate features 0xff, context size is 2560 bytes, using 'compacted' format.
2026-07-17T12:45:21.579461+00:00 tilloGPT-hermes kernel: Freeing SMP alternatives memory: 48K
2026-07-17T12:45:21.579462+00:00 tilloGPT-hermes kernel: pid_max: default: 32768 minimum: 301
2026-07-17T12:45:21.579469+00:00 tilloGPT-hermes kernel: LSM: initializing lsm=lockdown,capability,landlock,yama,apparmor,integrity
2026-07-17T12:45:21.579490+00:00 tilloGPT-hermes kernel: landlock: Up and running.
2026-07-17T12:45:21.579491+00:00 tilloGPT-hermes kernel: Yama: becoming mindful.
2026-07-17T12:45:21.579495+00:00 tilloGPT-hermes kernel: AppArmor: AppArmor initialized
2026-07-17T12:45:21.579496+00:00 tilloGPT-hermes kernel: Mount-cache hash table entries: 65536 (order: 7, 524288 bytes, linear)
2026-07-17T12:45:21.579497+00:00 tilloGPT-hermes kernel: Mountpoint-cache hash table entries: 65536 (order: 7, 524288 bytes, linear)
2026-07-17T12:45:21.579509+00:00 tilloGPT-hermes kernel: smpboot: CPU0: Intel(R) Core(TM) i9-10900X CPU @ 3.70GHz (family: 0x6, model: 0x55, stepping: 0x7)
2026-07-17T12:45:21.579512+00:00 tilloGPT-hermes kernel: Performance Events: PEBS fmt3+, Skylake events, 32-deep LBR, full-width counters, Intel PMU driver.
2026-07-17T12:45:21.579514+00:00 tilloGPT-hermes kernel: ... version:                4
2026-07-17T12:45:21.579515+00:00 tilloGPT-hermes kernel: ... bit width:              48
2026-07-17T12:45:21.579519+00:00 tilloGPT-hermes kernel: ... generic registers:      4
2026-07-17T12:45:21.579522+00:00 tilloGPT-hermes kernel: ... value mask:             0000ffffffffffff
2026-07-17T12:45:21.579525+00:00 tilloGPT-hermes kernel: ... max period:             00007fffffffffff
2026-07-17T12:45:21.579526+00:00 tilloGPT-hermes kernel: ... fixed-purpose events:   3
2026-07-17T12:45:21.579533+00:00 tilloGPT-hermes kernel: ... event mask:             000000070000000f
2026-07-17T12:45:21.579540+00:00 tilloGPT-hermes kernel: signal: max sigframe size: 3632
2026-07-17T12:45:21.579541+00:00 tilloGPT-hermes kernel: Estimated ratio of average max frequency by base frequency (times 1024): 1273
2026-07-17T12:45:21.579549+00:00 tilloGPT-hermes kernel: rcu: Hierarchical SRCU implementation.
2026-07-17T12:45:21.579564+00:00 tilloGPT-hermes kernel: rcu: 	Max phase no-delay instances is 400.
2026-07-17T12:45:21.579567+00:00 tilloGPT-hermes kernel: NMI watchdog: Enabled. Permanently consumes one hw-PMU counter.
2026-07-17T12:45:21.579568+00:00 tilloGPT-hermes kernel: smp: Bringing up secondary CPUs ...
2026-07-17T12:45:21.579570+00:00 tilloGPT-hermes kernel: smpboot: x86: Booting SMP configuration:
2026-07-17T12:45:21.579572+00:00 tilloGPT-hermes kernel: .... node  #0, CPUs:        #1  #2  #3  #4  #5  #6  #7  #8  #9
2026-07-17T12:45:21.579573+00:00 tilloGPT-hermes kernel: [Firmware Bug]: TSC ADJUST differs within socket(s), fixing all errors
2026-07-17T12:45:21.579574+00:00 tilloGPT-hermes kernel:  #10 #11 #12 #13 #14 #15 #16 #17 #18 #19
2026-07-17T12:45:21.579575+00:00 tilloGPT-hermes kernel: Transient Scheduler Attacks: MMIO Stale Data CPU bug present and SMT on, data leak possible. See https://www.kernel.org/doc/html/latest/admin-guide/hw-vuln/processor_mmio_stale_data.html for more details.
2026-07-17T12:45:21.579585+00:00 tilloGPT-hermes kernel: smp: Brought up 1 node, 20 CPUs
2026-07-17T12:45:21.579587+00:00 tilloGPT-hermes kernel: smpboot: Max logical packages: 1
2026-07-17T12:45:21.579588+00:00 tilloGPT-hermes kernel: smpboot: Total of 20 processors activated (147994.00 BogoMIPS)
2026-07-17T12:45:21.579589+00:00 tilloGPT-hermes kernel: devtmpfs: initialized
2026-07-17T12:45:21.579592+00:00 tilloGPT-hermes kernel: x86/mm: Memory block size: 128MB
2026-07-17T12:45:21.579593+00:00 tilloGPT-hermes kernel: ACPI: PM: Registering ACPI NVS region [mem 0x4cfd0000-0x4ddd5fff] (14704640 bytes)
2026-07-17T12:45:21.579601+00:00 tilloGPT-hermes kernel: ACPI: PM: Registering ACPI NVS region [mem 0x4ddd7000-0x4e1cffff] (4165632 bytes)
2026-07-17T12:45:21.579612+00:00 tilloGPT-hermes kernel: clocksource: jiffies: mask: 0xffffffff max_cycles: 0xffffffff, max_idle_ns: 1911260446275000 ns
2026-07-17T12:45:21.579615+00:00 tilloGPT-hermes kernel: futex hash table entries: 8192 (order: 7, 524288 bytes, linear)
2026-07-17T12:45:21.579616+00:00 tilloGPT-hermes kernel: pinctrl core: initialized pinctrl subsystem
2026-07-17T12:45:21.579617+00:00 tilloGPT-hermes kernel: PM: RTC time: 12:45:01, date: 2026-07-17
2026-07-17T12:45:21.579618+00:00 tilloGPT-hermes kernel: NET: Registered PF_NETLINK/PF_ROUTE protocol family
2026-07-17T12:45:21.579621+00:00 tilloGPT-hermes kernel: DMA: preallocated 4096 KiB GFP_KERNEL pool for atomic allocations
2026-07-17T12:45:21.579629+00:00 tilloGPT-hermes kernel: DMA: preallocated 4096 KiB GFP_KERNEL|GFP_DMA pool for atomic allocations
2026-07-17T12:45:21.579631+00:00 tilloGPT-hermes kernel: DMA: preallocated 4096 KiB GFP_KERNEL|GFP_DMA32 pool for atomic allocations
2026-07-17T12:45:21.579632+00:00 tilloGPT-hermes kernel: audit: initializing netlink subsys (disabled)
2026-07-17T12:45:21.579642+00:00 tilloGPT-hermes kernel: audit: type=2000 audit(1784292301.065:1): state=initialized audit_enabled=0 res=1
2026-07-17T12:45:21.579658+00:00 tilloGPT-hermes kernel: thermal_sys: Registered thermal governor 'fair_share'
2026-07-17T12:45:21.579662+00:00 tilloGPT-hermes kernel: thermal_sys: Registered thermal governor 'bang_bang'
2026-07-17T12:45:21.579674+00:00 tilloGPT-hermes kernel: thermal_sys: Registered thermal governor 'step_wise'
2026-07-17T12:45:21.579675+00:00 tilloGPT-hermes kernel: thermal_sys: Registered thermal governor 'user_space'
2026-07-17T12:45:21.579678+00:00 tilloGPT-hermes kernel: thermal_sys: Registered thermal governor 'power_allocator'
2026-07-17T12:45:21.579679+00:00 tilloGPT-hermes kernel: cpuidle: using governor ladder
2026-07-17T12:45:21.579681+00:00 tilloGPT-hermes kernel: cpuidle: using governor menu
2026-07-17T12:45:21.579682+00:00 tilloGPT-hermes kernel: Detected 1 PCC Subspaces
2026-07-17T12:45:21.579683+00:00 tilloGPT-hermes kernel: Registering PCC driver as Mailbox controller
2026-07-17T12:45:21.579684+00:00 tilloGPT-hermes kernel: efi: Freeing EFI boot services memory: 77360K
2026-07-17T12:45:21.579691+00:00 tilloGPT-hermes kernel: acpiphp: ACPI Hot Plug PCI Controller Driver version: 0.5
2026-07-17T12:45:21.579700+00:00 tilloGPT-hermes kernel: PCI: ECAM [mem 0x60000000-0x6fffffff] (base 0x60000000) for domain 0000 [bus 00-ff]
2026-07-17T12:45:21.579701+00:00 tilloGPT-hermes kernel: PCI: Using configuration type 1 for base access
2026-07-17T12:45:21.579702+00:00 tilloGPT-hermes kernel: kprobes: kprobe jump-optimization is enabled. All kprobes are optimized if possible.
2026-07-17T12:45:21.579705+00:00 tilloGPT-hermes kernel: HugeTLB: registered 1.00 GiB page size, pre-allocated 0 pages
2026-07-17T12:45:21.579707+00:00 tilloGPT-hermes kernel: HugeTLB: 16380 KiB vmemmap can be freed for a 1.00 GiB page
2026-07-17T12:45:21.579707+00:00 tilloGPT-hermes kernel: HugeTLB: registered 2.00 MiB page size, pre-allocated 0 pages
2026-07-17T12:45:21.579709+00:00 tilloGPT-hermes kernel: HugeTLB: 28 KiB vmemmap can be freed for a 2.00 MiB page
2026-07-17T12:45:21.579712+00:00 tilloGPT-hermes kernel: fbcon: Taking over console
2026-07-17T12:45:21.579713+00:00 tilloGPT-hermes kernel: ACPI: Added _OSI(Module Device)
2026-07-17T12:45:21.579714+00:00 tilloGPT-hermes kernel: ACPI: Added _OSI(Processor Device)
2026-07-17T12:45:21.579715+00:00 tilloGPT-hermes kernel: ACPI: Added _OSI(Processor Aggregator Device)
2026-07-17T12:45:21.579717+00:00 tilloGPT-hermes kernel: ACPI: 4 ACPI AML tables successfully acquired and loaded
2026-07-17T12:45:21.579719+00:00 tilloGPT-hermes kernel: ACPI: Dynamic OEM Table Load:
2026-07-17T12:45:21.579731+00:00 tilloGPT-hermes kernel: message repeated 2 times: [ ACPI: Dynamic OEM Table Load:]
2026-07-17T12:45:21.579733+00:00 tilloGPT-hermes kernel: ACPI: _OSC evaluated successfully for all CPUs
2026-07-17T12:45:21.579746+00:00 tilloGPT-hermes kernel: ACPI: Interpreter enabled
2026-07-17T12:45:21.579749+00:00 tilloGPT-hermes kernel: ACPI: PM: (supports S0 S3 S4 S5)
2026-07-17T12:45:21.579752+00:00 tilloGPT-hermes kernel: ACPI: Using IOAPIC for interrupt routing
2026-07-17T12:45:21.579752+00:00 tilloGPT-hermes kernel: PCI: Using host bridge windows from ACPI; if necessary, use "pci=nocrs" and report a bug
2026-07-17T12:45:21.579754+00:00 tilloGPT-hermes kernel: PCI: Using E820 reservations for host bridge windows
2026-07-17T12:45:21.579756+00:00 tilloGPT-hermes kernel: ACPI: Enabled 8 GPEs in block 00 to 7F
2026-07-17T12:45:21.579758+00:00 tilloGPT-hermes kernel: ACPI: PCI Root Bridge [PC00] (domain 0000 [bus 00-15])
2026-07-17T12:45:21.579759+00:00 tilloGPT-hermes kernel: acpi PNP0A08:00: _OSC: OS supports [ExtendedConfig ASPM ClockPM Segments MSI EDR HPX-Type3]
2026-07-17T12:45:21.579762+00:00 tilloGPT-hermes kernel: acpi PNP0A08:00: _OSC: platform does not support [SHPCHotplug AER LTR DPC]
2026-07-17T12:45:21.579764+00:00 tilloGPT-hermes kernel: acpi PNP0A08:00: _OSC: OS now controls [PCIeHotplug PME PCIeCapability]
2026-07-17T12:45:21.579767+00:00 tilloGPT-hermes kernel: acpi PNP0A08:00: host bridge window expanded to [mem 0xfd000000-0xfe7fffff window]; [mem 0xfd000000-0xfe7fffff window] ignored
2026-07-17T12:45:21.579768+00:00 tilloGPT-hermes kernel: PCI host bridge to bus 0000:00
2026-07-17T12:45:21.579769+00:00 tilloGPT-hermes kernel: pci_bus 0000:00: root bus resource [io  0x0000-0x0cf7 window]
2026-07-17T12:45:21.579770+00:00 tilloGPT-hermes kernel: pci_bus 0000:00: root bus resource [io  0x1000-0x47ff window]
2026-07-17T12:45:21.579771+00:00 tilloGPT-hermes kernel: pci_bus 0000:00: root bus resource [mem 0x000c4000-0x000c7fff window]
2026-07-17T12:45:21.579774+00:00 tilloGPT-hermes kernel: pci_bus 0000:00: root bus resource [mem 0xfd000000-0xfe7fffff window]
2026-07-17T12:45:21.579775+00:00 tilloGPT-hermes kernel: pci_bus 0000:00: root bus resource [mem 0x70000000-0x733fffff window]
2026-07-17T12:45:21.579776+00:00 tilloGPT-hermes kernel: pci_bus 0000:00: root bus resource [mem 0x380000000000-0x383fffffffff window]
2026-07-17T12:45:21.579777+00:00 tilloGPT-hermes kernel: pci_bus 0000:00: root bus resource [bus 00-15]
2026-07-17T12:45:21.579851+00:00 tilloGPT-hermes kernel: pci 0000:00:00.0: [8086:2020] type 00 class 0x060000 PCIe Root Port
2026-07-17T12:45:21.579852+00:00 tilloGPT-hermes kernel: pci 0000:00:04.0: [8086:2021] type 00 class 0x088000 PCIe Root Complex Integrated Endpoint
2026-07-17T12:45:21.579853+00:00 tilloGPT-hermes kernel: pci 0000:00:04.0: BAR 0 [mem 0x383ffff2c000-0x383ffff2ffff 64bit]
2026-07-17T12:45:21.579854+00:00 tilloGPT-hermes kernel: pci 0000:00:04.1: [8086:2021] type 00 class 0x088000 PCIe Root Complex Integrated Endpoint
2026-07-17T12:45:21.579855+00:00 tilloGPT-hermes kernel: pci 0000:00:04.1: BAR 0 [mem 0x383ffff28000-0x383ffff2bfff 64bit]
2026-07-17T12:45:21.579856+00:00 tilloGPT-hermes kernel: pci 0000:00:04.2: [8086:2021] type 00 class 0x088000 PCIe Root Complex Integrated Endpoint
2026-07-17T12:45:21.579857+00:00 tilloGPT-hermes kernel: pci 0000:00:04.2: BAR 0 [mem 0x383ffff24000-0x383ffff27fff 64bit]
2026-07-17T12:45:21.579859+00:00 tilloGPT-hermes kernel: pci 0000:00:04.3: [8086:2021] type 00 class 0x088000 PCIe Root Complex Integrated Endpoint
2026-07-17T12:45:21.579860+00:00 tilloGPT-hermes kernel: pci 0000:00:04.3: BAR 0 [mem 0x383ffff20000-0x383ffff23fff 64bit]
2026-07-17T12:45:21.579861+00:00 tilloGPT-hermes kernel: pci 0000:00:04.4: [8086:2021] type 00 class 0x088000 PCIe Root Complex Integrated Endpoint
2026-07-17T12:45:21.579862+00:00 tilloGPT-hermes kernel: pci 0000:00:04.4: BAR 0 [mem 0x383ffff1c000-0x383ffff1ffff 64bit]
2026-07-17T12:45:21.579863+00:00 tilloGPT-hermes kernel: pci 0000:00:04.5: [8086:2021] type 00 class 0x088000 PCIe Root Complex Integrated Endpoint
2026-07-17T12:45:21.579864+00:00 tilloGPT-hermes kernel: pci 0000:00:04.5: BAR 0 [mem 0x383ffff18000-0x383ffff1bfff 64bit]
2026-07-17T12:45:21.579866+00:00 tilloGPT-hermes kernel: pci 0000:00:04.6: [8086:2021] type 00 class 0x088000 PCIe Root Complex Integrated Endpoint
2026-07-17T12:45:21.579874+00:00 tilloGPT-hermes kernel: pci 0000:00:04.6: BAR 0 [mem 0x383ffff14000-0x383ffff17fff 64bit]
2026-07-17T12:45:21.579875+00:00 tilloGPT-hermes kernel: pci 0000:00:04.7: [8086:2021] type 00 class 0x088000 PCIe Root Complex Integrated Endpoint
2026-07-17T12:45:21.579876+00:00 tilloGPT-hermes kernel: pci 0000:00:04.7: BAR 0 [mem 0x383ffff10000-0x383ffff13fff 64bit]
2026-07-17T12:45:21.579884+00:00 tilloGPT-hermes kernel: pci 0000:00:05.0: [8086:2024] type 00 class 0x088000 PCIe Root Complex Integrated Endpoint
2026-07-17T12:45:21.579885+00:00 tilloGPT-hermes kernel: pci 0000:00:05.2: [8086:2025] type 00 class 0x088000 PCIe Root Complex Integrated Endpoint
2026-07-17T12:45:21.579898+00:00 tilloGPT-hermes kernel: pci 0000:00:05.4: [8086:2026] type 00 class 0x080020 PCIe Root Complex Integrated Endpoint
2026-07-17T12:45:21.579900+00:00 tilloGPT-hermes kernel: pci 0000:00:05.4: BAR 0 [mem 0x73328000-0x73328fff]
2026-07-17T12:45:21.579902+00:00 tilloGPT-hermes kernel: pci 0000:00:08.0: [8086:2014] type 00 class 0x088000 PCIe Root Complex Integrated Endpoint
2026-07-17T12:45:21.579914+00:00 tilloGPT-hermes kernel: pci 0000:00:08.1: [8086:2015] type 00 class 0x110100 conventional PCI endpoint
2026-07-17T12:45:21.579923+00:00 tilloGPT-hermes kernel: pci 0000:00:08.2: [8086:2016] type 00 class 0x088000 PCIe Root Complex Integrated Endpoint
2026-07-17T12:45:21.579924+00:00 tilloGPT-hermes kernel: pci 0000:00:14.0: [8086:a2af] type 00 class 0x0c0330 conventional PCI endpoint
2026-07-17T12:45:21.579928+00:00 tilloGPT-hermes kernel: pci 0000:00:14.0: BAR 0 [mem 0x383ffff00000-0x383ffff0ffff 64bit]
2026-07-17T12:45:21.579929+00:00 tilloGPT-hermes kernel: pci 0000:00:14.0: PME# supported from D3hot D3cold
2026-07-17T12:45:21.579930+00:00 tilloGPT-hermes kernel: pci 0000:00:14.2: [8086:a2b1] type 00 class 0x118000 conventional PCI endpoint
2026-07-17T12:45:21.579938+00:00 tilloGPT-hermes kernel: pci 0000:00:14.2: BAR 0 [mem 0x383ffff32000-0x383ffff32fff 64bit]
2026-07-17T12:45:21.579940+00:00 tilloGPT-hermes kernel: pci 0000:00:16.0: [8086:a2ba] type 00 class 0x078000 conventional PCI endpoint
2026-07-17T12:45:21.579941+00:00 tilloGPT-hermes kernel: pci 0000:00:16.0: BAR 0 [mem 0x383ffff31000-0x383ffff31fff 64bit]
2026-07-17T12:45:21.579942+00:00 tilloGPT-hermes kernel: pci 0000:00:16.0: PME# supported from D3hot
2026-07-17T12:45:21.579945+00:00 tilloGPT-hermes kernel: pci 0000:00:17.0: [8086:a282] type 00 class 0x010601 conventional PCI endpoint
2026-07-17T12:45:21.579946+00:00 tilloGPT-hermes kernel: pci 0000:00:17.0: BAR 0 [mem 0x73324000-0x73325fff]
2026-07-17T12:45:21.579949+00:00 tilloGPT-hermes kernel: pci 0000:00:17.0: BAR 1 [mem 0x73327000-0x733270ff]
2026-07-17T12:45:21.579950+00:00 tilloGPT-hermes kernel: pci 0000:00:17.0: BAR 2 [io  0x4050-0x4057]
2026-07-17T12:45:21.579959+00:00 tilloGPT-hermes kernel: pci 0000:00:17.0: BAR 3 [io  0x4040-0x4043]
2026-07-17T12:45:21.579960+00:00 tilloGPT-hermes kernel: pci 0000:00:17.0: BAR 4 [io  0x4020-0x403f]
2026-07-17T12:45:21.579962+00:00 tilloGPT-hermes kernel: pci 0000:00:17.0: BAR 5 [mem 0x73326000-0x733267ff]
2026-07-17T12:45:21.579964+00:00 tilloGPT-hermes kernel: pci 0000:00:17.0: PME# supported from D3hot
2026-07-17T12:45:21.579966+00:00 tilloGPT-hermes kernel: pci 0000:00:1b.0: [8086:a2e7] type 01 class 0x060400 PCIe Root Port
2026-07-17T12:45:21.579966+00:00 tilloGPT-hermes kernel: pci 0000:00:1b.0: PCI bridge to [bus 01]
2026-07-17T12:45:21.579974+00:00 tilloGPT-hermes kernel: pci 0000:00:1b.0: PME# supported from D0 D3hot D3cold
2026-07-17T12:45:21.579985+00:00 tilloGPT-hermes kernel: pci 0000:00:1b.2: [8086:a2e9] type 01 class 0x060400 PCIe Root Port
2026-07-17T12:45:21.579988+00:00 tilloGPT-hermes kernel: pci 0000:00:1b.2: PCI bridge to [bus 02]
2026-07-17T12:45:21.579990+00:00 tilloGPT-hermes kernel: pci 0000:00:1b.2:   bridge window [mem 0x73200000-0x732fffff]
2026-07-17T12:45:21.579991+00:00 tilloGPT-hermes kernel: pci 0000:00:1b.2: PME# supported from D0 D3hot D3cold
2026-07-17T12:45:21.579991+00:00 tilloGPT-hermes kernel: pci 0000:00:1b.4: [8086:a2eb] type 01 class 0x060400 PCIe Root Port
2026-07-17T12:45:21.579998+00:00 tilloGPT-hermes kernel: pci 0000:00:1b.4: PCI bridge to [bus 03]
2026-07-17T12:45:21.580007+00:00 tilloGPT-hermes kernel: pci 0000:00:1b.4:   bridge window [io  0x3000-0x3fff]
2026-07-17T12:45:21.580019+00:00 tilloGPT-hermes kernel: pci 0000:00:1b.4:   bridge window [mem 0x72000000-0x730fffff]
2026-07-17T12:45:21.580027+00:00 tilloGPT-hermes kernel: pci 0000:00:1b.4:   bridge window [mem 0x383fe0000000-0x383ff20fffff 64bit pref]
2026-07-17T12:45:21.580034+00:00 tilloGPT-hermes kernel: pci 0000:00:1b.4: PME# supported from D0 D3hot D3cold
2026-07-17T12:45:21.580050+00:00 tilloGPT-hermes kernel: pci 0000:00:1c.0: [8086:a290] type 01 class 0x060400 PCIe Root Port
2026-07-17T12:45:21.580051+00:00 tilloGPT-hermes kernel: pci 0000:00:1c.0: PCI bridge to [bus 04]
2026-07-17T12:45:21.580052+00:00 tilloGPT-hermes kernel: pci 0000:00:1c.0: PME# supported from D0 D3hot D3cold
2026-07-17T12:45:21.580055+00:00 tilloGPT-hermes kernel: pci 0000:00:1c.4: [8086:a294] type 01 class 0x060400 PCIe Root Port
2026-07-17T12:45:21.580056+00:00 tilloGPT-hermes kernel: pci 0000:00:1c.4: PCI bridge to [bus 05]
2026-07-17T12:45:21.580057+00:00 tilloGPT-hermes kernel: pci 0000:00:1c.4:   bridge window [mem 0x73100000-0x731fffff]
2026-07-17T12:45:21.580067+00:00 tilloGPT-hermes kernel: pci 0000:00:1c.4: PME# supported from D0 D3hot D3cold
2026-07-17T12:45:21.580071+00:00 tilloGPT-hermes kernel: pci 0000:00:1d.0: [8086:a298] type 01 class 0x060400 PCIe Root Port
2026-07-17T12:45:21.580072+00:00 tilloGPT-hermes kernel: pci 0000:00:1d.0: PCI bridge to [bus 06]
2026-07-17T12:45:21.580075+00:00 tilloGPT-hermes kernel: pci 0000:00:1d.0:   bridge window [io  0x2000-0x2fff]
2026-07-17T12:45:21.580076+00:00 tilloGPT-hermes kernel: pci 0000:00:1d.0:   bridge window [mem 0x70000000-0x710fffff]
2026-07-17T12:45:21.580077+00:00 tilloGPT-hermes kernel: pci 0000:00:1d.0:   bridge window [mem 0x383fc0000000-0x383fd20fffff 64bit pref]
2026-07-17T12:45:21.580087+00:00 tilloGPT-hermes kernel: pci 0000:00:1d.0: PME# supported from D0 D3hot D3cold
2026-07-17T12:45:21.580098+00:00 tilloGPT-hermes kernel: pci 0000:00:1f.0: [8086:a2d2] type 00 class 0x060100 conventional PCI endpoint
2026-07-17T12:45:21.580101+00:00 tilloGPT-hermes kernel: pci 0000:00:1f.2: [8086:a2a1] type 00 class 0x058000 conventional PCI endpoint
2026-07-17T12:45:21.580102+00:00 tilloGPT-hermes kernel: pci 0000:00:1f.2: BAR 0 [mem 0x73320000-0x73323fff]
2026-07-17T12:45:21.580104+00:00 tilloGPT-hermes kernel: pci 0000:00:1f.4: [8086:a2a3] type 00 class 0x0c0500 conventional PCI endpoint
2026-07-17T12:45:21.580107+00:00 tilloGPT-hermes kernel: pci 0000:00:1f.4: BAR 0 [mem 0x383ffff30000-0x383ffff300ff 64bit]
2026-07-17T12:45:21.580108+00:00 tilloGPT-hermes kernel: pci 0000:00:1f.4: BAR 4 [io  0x4000-0x401f]
2026-07-17T12:45:21.580109+00:00 tilloGPT-hermes kernel: pci 0000:00:1f.6: [8086:15b8] type 00 class 0x020000 conventional PCI endpoint
2026-07-17T12:45:21.580116+00:00 tilloGPT-hermes kernel: pci 0000:00:1f.6: BAR 0 [mem 0x73300000-0x7331ffff]
2026-07-17T12:45:21.580123+00:00 tilloGPT-hermes kernel: pci 0000:00:1f.6: PME# supported from D0 D3hot D3cold
2026-07-17T12:45:21.580134+00:00 tilloGPT-hermes kernel: pci 0000:00:1b.0: PCI bridge to [bus 01]
2026-07-17T12:45:21.580136+00:00 tilloGPT-hermes kernel: pci 0000:02:00.0: [1b21:2142] type 00 class 0x0c0330 PCIe Legacy Endpoint
2026-07-17T12:45:21.580137+00:00 tilloGPT-hermes kernel: pci 0000:02:00.0: BAR 0 [mem 0x73200000-0x73207fff 64bit]
2026-07-17T12:45:21.580138+00:00 tilloGPT-hermes kernel: pci 0000:02:00.0: enabling Extended Tags
2026-07-17T12:45:21.580141+00:00 tilloGPT-hermes kernel: pci 0000:02:00.0: PME# supported from D0 D3hot D3cold
2026-07-17T12:45:21.580142+00:00 tilloGPT-hermes kernel: pci 0000:00:1b.2: PCI bridge to [bus 02]
2026-07-17T12:45:21.580146+00:00 tilloGPT-hermes kernel: pci 0000:03:00.0: [10de:21c4] type 00 class 0x030000 PCIe Legacy Endpoint
2026-07-17T12:45:21.580147+00:00 tilloGPT-hermes kernel: pci 0000:03:00.0: BAR 0 [mem 0x72000000-0x72ffffff]
2026-07-17T12:45:21.580148+00:00 tilloGPT-hermes kernel: pci 0000:03:00.0: BAR 1 [mem 0x383fe0000000-0x383fefffffff 64bit pref]
2026-07-17T12:45:21.580151+00:00 tilloGPT-hermes kernel: pci 0000:03:00.0: BAR 3 [mem 0x383ff0000000-0x383ff1ffffff 64bit pref]
2026-07-17T12:45:21.580152+00:00 tilloGPT-hermes kernel: pci 0000:03:00.0: BAR 5 [io  0x3000-0x307f]
2026-07-17T12:45:21.580160+00:00 tilloGPT-hermes kernel: pci 0000:03:00.0: ROM [mem 0x73000000-0x7307ffff pref]
2026-07-17T12:45:21.580161+00:00 tilloGPT-hermes kernel: pci 0000:03:00.0: enabling Extended Tags
2026-07-17T12:45:21.580161+00:00 tilloGPT-hermes kernel: pci 0000:03:00.0: PME# supported from D0 D3hot D3cold
2026-07-17T12:45:21.580171+00:00 tilloGPT-hermes kernel: pci 0000:03:00.0: 8.000 Gb/s available PCIe bandwidth, limited by 2.5 GT/s PCIe x4 link at 0000:00:1b.4 (capable of 126.016 Gb/s with 8.0 GT/s PCIe x16 link)
2026-07-17T12:45:21.580174+00:00 tilloGPT-hermes kernel: pci 0000:03:00.1: [10de:1aeb] type 00 class 0x040300 PCIe Endpoint
2026-07-17T12:45:21.580175+00:00 tilloGPT-hermes kernel: pci 0000:03:00.1: BAR 0 [mem 0x73080000-0x73083fff]
2026-07-17T12:45:21.580176+00:00 tilloGPT-hermes kernel: pci 0000:03:00.1: enabling Extended Tags
2026-07-17T12:45:21.580178+00:00 tilloGPT-hermes kernel: pci 0000:03:00.2: [10de:1aec] type 00 class 0x0c0330 PCIe Endpoint
2026-07-17T12:45:21.580179+00:00 tilloGPT-hermes kernel: pci 0000:03:00.2: BAR 0 [mem 0x383ff2000000-0x383ff203ffff 64bit pref]
2026-07-17T12:45:21.580180+00:00 tilloGPT-hermes kernel: pci 0000:03:00.2: BAR 3 [mem 0x383ff2040000-0x383ff204ffff 64bit pref]
2026-07-17T12:45:21.580181+00:00 tilloGPT-hermes kernel: pci 0000:03:00.2: enabling Extended Tags
2026-07-17T12:45:21.580183+00:00 tilloGPT-hermes kernel: pci 0000:03:00.2: PME# supported from D0 D3hot D3cold
2026-07-17T12:45:21.580254+00:00 tilloGPT-hermes kernel: pci 0000:03:00.3: [10de:1aed] type 00 class 0x0c8000 PCIe Endpoint
2026-07-17T12:45:21.580257+00:00 tilloGPT-hermes kernel: pci 0000:03:00.3: BAR 0 [mem 0x73084000-0x73084fff]
2026-07-17T12:45:21.580257+00:00 tilloGPT-hermes kernel: pci 0000:03:00.3: enabling Extended Tags
2026-07-17T12:45:21.580258+00:00 tilloGPT-hermes kernel: pci 0000:03:00.3: PME# supported from D0 D3hot D3cold
2026-07-17T12:45:21.580259+00:00 tilloGPT-hermes kernel: pci 0000:00:1b.4: PCI bridge to [bus 03]
2026-07-17T12:45:21.580260+00:00 tilloGPT-hermes kernel: pci 0000:00:1c.0: PCI bridge to [bus 04]
2026-07-17T12:45:21.580261+00:00 tilloGPT-hermes kernel: pci 0000:05:00.0: [1b21:3242] type 00 class 0x0c0330 PCIe Legacy Endpoint
2026-07-17T12:45:21.580262+00:00 tilloGPT-hermes kernel: pci 0000:05:00.0: BAR 0 [mem 0x73100000-0x73107fff 64bit]
2026-07-17T12:45:21.580271+00:00 tilloGPT-hermes kernel: pci 0000:05:00.0: enabling Extended Tags
2026-07-17T12:45:21.580273+00:00 tilloGPT-hermes kernel: pci 0000:05:00.0: PME# supported from D0 D3hot D3cold
2026-07-17T12:45:21.580274+00:00 tilloGPT-hermes kernel: pci 0000:00:1c.4: PCI bridge to [bus 05]
2026-07-17T12:45:21.580283+00:00 tilloGPT-hermes kernel: pci 0000:06:00.0: [10de:21c4] type 00 class 0x030000 PCIe Legacy Endpoint
2026-07-17T12:45:21.580284+00:00 tilloGPT-hermes kernel: pci 0000:06:00.0: BAR 0 [mem 0x70000000-0x70ffffff]
2026-07-17T12:45:21.580285+00:00 tilloGPT-hermes kernel: pci 0000:06:00.0: BAR 1 [mem 0x383fc0000000-0x383fcfffffff 64bit pref]
2026-07-17T12:45:21.580286+00:00 tilloGPT-hermes kernel: pci 0000:06:00.0: BAR 3 [mem 0x383fd0000000-0x383fd1ffffff 64bit pref]
2026-07-17T12:45:21.580287+00:00 tilloGPT-hermes kernel: pci 0000:06:00.0: BAR 5 [io  0x2000-0x207f]
2026-07-17T12:45:21.580287+00:00 tilloGPT-hermes kernel: pci 0000:06:00.0: ROM [mem 0x71000000-0x7107ffff pref]
2026-07-17T12:45:21.580288+00:00 tilloGPT-hermes kernel: pci 0000:06:00.0: enabling Extended Tags
2026-07-17T12:45:21.580297+00:00 tilloGPT-hermes kernel: pci 0000:06:00.0: PME# supported from D0 D3hot D3cold
2026-07-17T12:45:21.580306+00:00 tilloGPT-hermes kernel: pci 0000:06:00.0: 8.000 Gb/s available PCIe bandwidth, limited by 2.5 GT/s PCIe x4 link at 0000:00:1d.0 (capable of 126.016 Gb/s with 8.0 GT/s PCIe x16 link)
2026-07-17T12:45:21.580309+00:00 tilloGPT-hermes kernel: pci 0000:06:00.1: [10de:1aeb] type 00 class 0x040300 PCIe Endpoint
2026-07-17T12:45:21.580309+00:00 tilloGPT-hermes kernel: pci 0000:06:00.1: BAR 0 [mem 0x71080000-0x71083fff]
2026-07-17T12:45:21.580319+00:00 tilloGPT-hermes kernel: pci 0000:06:00.1: enabling Extended Tags
2026-07-17T12:45:21.580321+00:00 tilloGPT-hermes kernel: pci 0000:06:00.2: [10de:1aec] type 00 class 0x0c0330 PCIe Endpoint
2026-07-17T12:45:21.580322+00:00 tilloGPT-hermes kernel: pci 0000:06:00.2: BAR 0 [mem 0x383fd2000000-0x383fd203ffff 64bit pref]
2026-07-17T12:45:21.580330+00:00 tilloGPT-hermes kernel: pci 0000:06:00.2: BAR 3 [mem 0x383fd2040000-0x383fd204ffff 64bit pref]
2026-07-17T12:45:21.580332+00:00 tilloGPT-hermes kernel: pci 0000:06:00.2: enabling Extended Tags
2026-07-17T12:45:21.580333+00:00 tilloGPT-hermes kernel: pci 0000:06:00.2: PME# supported from D0 D3hot D3cold
2026-07-17T12:45:21.580336+00:00 tilloGPT-hermes kernel: pci 0000:06:00.3: [10de:1aed] type 00 class 0x0c8000 PCIe Endpoint
2026-07-17T12:45:21.580336+00:00 tilloGPT-hermes kernel: pci 0000:06:00.3: BAR 0 [mem 0x71084000-0x71084fff]
2026-07-17T12:45:21.580337+00:00 tilloGPT-hermes kernel: pci 0000:06:00.3: enabling Extended Tags
2026-07-17T12:45:21.580338+00:00 tilloGPT-hermes kernel: pci 0000:06:00.3: PME# supported from D0 D3hot D3cold
2026-07-17T12:45:21.580339+00:00 tilloGPT-hermes kernel: pci 0000:00:1d.0: PCI bridge to [bus 06]
2026-07-17T12:45:21.580346+00:00 tilloGPT-hermes kernel: pci_bus 0000:00: on NUMA node 0
2026-07-17T12:45:21.580348+00:00 tilloGPT-hermes kernel: ACPI: PCI Root Bridge [PC01] (domain 0000 [bus 16-63])
2026-07-17T12:45:21.580350+00:00 tilloGPT-hermes kernel: acpi PNP0A08:01: _OSC: OS supports [ExtendedConfig ASPM ClockPM Segments MSI EDR HPX-Type3]
2026-07-17T12:45:21.580350+00:00 tilloGPT-hermes kernel: acpi PNP0A08:01: _OSC: platform does not support [SHPCHotplug AER LTR DPC]
2026-07-17T12:45:21.580359+00:00 tilloGPT-hermes kernel: acpi PNP0A08:01: _OSC: OS now controls [PCIeHotplug PME PCIeCapability]
2026-07-17T12:45:21.580360+00:00 tilloGPT-hermes kernel: PCI host bridge to bus 0000:16
2026-07-17T12:45:21.580361+00:00 tilloGPT-hermes kernel: pci_bus 0000:16: root bus resource [mem 0x000a0000-0x000bffff window]
2026-07-17T12:45:21.580362+00:00 tilloGPT-hermes kernel: pci_bus 0000:16: root bus resource [io  0x4800-0x7fff window]
2026-07-17T12:45:21.580363+00:00 tilloGPT-hermes kernel: pci_bus 0000:16: root bus resource [io  0x03b0-0x03bb window]
2026-07-17T12:45:21.580370+00:00 tilloGPT-hermes kernel: pci_bus 0000:16: root bus resource [io  0x03c0-0x03df window]
2026-07-17T12:45:21.580371+00:00 tilloGPT-hermes kernel: pci_bus 0000:16: root bus resource [mem 0x73400000-0x8f7fffff window]
2026-07-17T12:45:21.580372+00:00 tilloGPT-hermes kernel: pci_bus 0000:16: root bus resource [mem 0x384000000000-0x387fffffffff window]
2026-07-17T12:45:21.580374+00:00 tilloGPT-hermes kernel: pci_bus 0000:16: root bus resource [bus 16-63]
2026-07-17T12:45:21.580375+00:00 tilloGPT-hermes kernel: pci 0000:16:00.0: [8086:2030] type 01 class 0x060400 PCIe Root Port
2026-07-17T12:45:21.580382+00:00 tilloGPT-hermes kernel: pci 0000:16:00.0: PCI bridge to [bus 17]
2026-07-17T12:45:21.580383+00:00 tilloGPT-hermes kernel: pci 0000:16:00.0:   bridge window [io  0x7000-0x7fff]
2026-07-17T12:45:21.580392+00:00 tilloGPT-hermes kernel: pci 0000:16:00.0:   bridge window [mem 0x8e000000-0x8f0fffff]
2026-07-17T12:45:21.580393+00:00 tilloGPT-hermes kernel: pci 0000:16:00.0:   bridge window [mem 0x387fe0000000-0x387ff1ffffff 64bit pref]
2026-07-17T12:45:21.580394+00:00 tilloGPT-hermes kernel: pci 0000:16:00.0: enabling Extended Tags
2026-07-17T12:45:21.580395+00:00 tilloGPT-hermes kernel: pci 0000:16:00.0: PME# supported from D0 D3hot D3cold
2026-07-17T12:45:21.580396+00:00 tilloGPT-hermes kernel: pci 0000:16:05.0: [8086:2034] type 00 class 0x088000 PCIe Root Complex Integrated Endpoint
2026-07-17T12:45:21.580399+00:00 tilloGPT-hermes kernel: pci 0000:16:05.2: [8086:2035] type 00 class 0x088000 PCIe Root Complex Integrated Endpoint
2026-07-17T12:45:21.580400+00:00 tilloGPT-hermes kernel: pci 0000:16:05.4: [8086:2036] type 00 class 0x080020 PCIe Root Complex Integrated Endpoint
2026-07-17T12:45:21.580400+00:00 tilloGPT-hermes kernel: pci 0000:16:05.4: BAR 0 [mem 0x8f100000-0x8f100fff]
2026-07-17T12:45:21.580408+00:00 tilloGPT-hermes kernel: pci 0000:16:08.0: [8086:208d] type 00 class 0x088000 conventional PCI endpoint
2026-07-17T12:45:21.580409+00:00 tilloGPT-hermes kernel: pci 0000:16:08.1: [8086:208d] type 00 class 0x088000 conventional PCI endpoint
2026-07-17T12:45:21.580410+00:00 tilloGPT-hermes kernel: pci 0000:16:08.2: [8086:208d] type 00 class 0x088000 conventional PCI endpoint
2026-07-17T12:45:21.580412+00:00 tilloGPT-hermes kernel: pci 0000:16:08.3: [8086:208d] type 00 class 0x088000 conventional PCI endpoint
2026-07-17T12:45:21.580413+00:00 tilloGPT-hermes kernel: pci 0000:16:08.4: [8086:208d] type 00 class 0x088000 conventional PCI endpoint
2026-07-17T12:45:21.580420+00:00 tilloGPT-hermes kernel: pci 0000:16:08.5: [8086:208d] type 00 class 0x088000 conventional PCI endpoint
2026-07-17T12:45:21.580421+00:00 tilloGPT-hermes kernel: pci 0000:16:08.6: [8086:208d] type 00 class 0x088000 conventional PCI endpoint
2026-07-17T12:45:21.580422+00:00 tilloGPT-hermes kernel: pci 0000:16:08.7: [8086:208d] type 00 class 0x088000 conventional PCI endpoint
2026-07-17T12:45:21.580425+00:00 tilloGPT-hermes kernel: pci 0000:16:09.0: [8086:208d] type 00 class 0x088000 conventional PCI endpoint
2026-07-17T12:45:21.580426+00:00 tilloGPT-hermes kernel: pci 0000:16:09.1: [8086:208d] type 00 class 0x088000 conventional PCI endpoint
2026-07-17T12:45:21.580427+00:00 tilloGPT-hermes kernel: pci 0000:16:09.2: [8086:208d] type 00 class 0x088000 conventional PCI endpoint
2026-07-17T12:45:21.580430+00:00 tilloGPT-hermes kernel: pci 0000:16:09.3: [8086:208d] type 00 class 0x088000 conventional PCI endpoint
2026-07-17T12:45:21.580431+00:00 tilloGPT-hermes kernel: pci 0000:16:09.4: [8086:208d] type 00 class 0x088000 conventional PCI endpoint
2026-07-17T12:45:21.580432+00:00 tilloGPT-hermes kernel: pci 0000:16:09.5: [8086:208d] type 00 class 0x088000 conventional PCI endpoint
2026-07-17T12:45:21.580432+00:00 tilloGPT-hermes kernel: pci 0000:16:09.6: [8086:208d] type 00 class 0x088000 conventional PCI endpoint
2026-07-17T12:45:21.580441+00:00 tilloGPT-hermes kernel: pci 0000:16:09.7: [8086:208d] type 00 class 0x088000 conventional PCI endpoint
2026-07-17T12:45:21.580443+00:00 tilloGPT-hermes kernel: pci 0000:16:0a.0: [8086:208d] type 00 class 0x088000 conventional PCI endpoint
2026-07-17T12:45:21.580444+00:00 tilloGPT-hermes kernel: pci 0000:16:0a.1: [8086:208d] type 00 class 0x088000 conventional PCI endpoint
2026-07-17T12:45:21.580445+00:00 tilloGPT-hermes kernel: pci 0000:16:0e.0: [8086:208e] type 00 class 0x088000 conventional PCI endpoint
2026-07-17T12:45:21.580446+00:00 tilloGPT-hermes kernel: pci 0000:16:0e.1: [8086:208e] type 00 class 0x088000 conventional PCI endpoint
2026-07-17T12:45:21.580463+00:00 tilloGPT-hermes kernel: pci 0000:16:0e.2: [8086:208e] type 00 class 0x088000 conventional PCI endpoint
2026-07-17T12:45:21.580464+00:00 tilloGPT-hermes kernel: pci 0000:16:0e.3: [8086:208e] type 00 class 0x088000 conventional PCI endpoint
2026-07-17T12:45:21.580465+00:00 tilloGPT-hermes kernel: pci 0000:16:0e.4: [8086:208e] type 00 class 0x088000 conventional PCI endpoint
2026-07-17T12:45:21.580466+00:00 tilloGPT-hermes kernel: pci 0000:16:0e.5: [8086:208e] type 00 class 0x088000 conventional PCI endpoint
2026-07-17T12:45:21.580466+00:00 tilloGPT-hermes kernel: pci 0000:16:0e.6: [8086:208e] type 00 class 0x088000 conventional PCI endpoint
2026-07-17T12:45:21.580469+00:00 tilloGPT-hermes kernel: pci 0000:16:0e.7: [8086:208e] type 00 class 0x088000 conventional PCI endpoint
2026-07-17T12:45:21.580470+00:00 tilloGPT-hermes kernel: pci 0000:16:0f.0: [8086:208e] type 00 class 0x088000 conventional PCI endpoint
2026-07-17T12:45:21.580471+00:00 tilloGPT-hermes kernel: pci 0000:16:0f.1: [8086:208e] type 00 class 0x088000 conventional PCI endpoint
2026-07-17T12:45:21.580472+00:00 tilloGPT-hermes kernel: pci 0000:16:0f.2: [8086:208e] type 00 class 0x088000 conventional PCI endpoint
2026-07-17T12:45:21.580485+00:00 tilloGPT-hermes kernel: pci 0000:16:0f.3: [8086:208e] type 00 class 0x088000 conventional PCI endpoint
2026-07-17T12:45:21.580487+00:00 tilloGPT-hermes kernel: pci 0000:16:0f.4: [8086:208e] type 00 class 0x088000 conventional PCI endpoint
2026-07-17T12:45:21.580488+00:00 tilloGPT-hermes kernel: pci 0000:16:0f.5: [8086:208e] type 00 class 0x088000 conventional PCI endpoint
2026-07-17T12:45:21.580490+00:00 tilloGPT-hermes kernel: pci 0000:16:0f.6: [8086:208e] type 00 class 0x088000 conventional PCI endpoint
2026-07-17T12:45:21.580492+00:00 tilloGPT-hermes kernel: pci 0000:16:0f.7: [8086:208e] type 00 class 0x088000 conventional PCI endpoint
2026-07-17T12:45:21.580493+00:00 tilloGPT-hermes kernel: pci 0000:16:10.0: [8086:208e] type 00 class 0x088000 conventional PCI endpoint
2026-07-17T12:45:21.580495+00:00 tilloGPT-hermes kernel: pci 0000:16:10.1: [8086:208e] type 00 class 0x088000 conventional PCI endpoint
2026-07-17T12:45:21.580496+00:00 tilloGPT-hermes kernel: pci 0000:16:1d.0: [8086:2054] type 00 class 0x088000 conventional PCI endpoint
2026-07-17T12:45:21.580561+00:00 tilloGPT-hermes kernel: pci 0000:16:1d.1: [8086:2055] type 00 class 0x088000 conventional PCI endpoint
2026-07-17T12:45:21.580564+00:00 tilloGPT-hermes kernel: pci 0000:16:1d.2: [8086:2056] type 00 class 0x088000 conventional PCI endpoint
2026-07-17T12:45:21.580565+00:00 tilloGPT-hermes kernel: pci 0000:16:1d.3: [8086:2057] type 00 class 0x088000 conventional PCI endpoint
2026-07-17T12:45:21.580565+00:00 tilloGPT-hermes kernel: pci 0000:16:1e.0: [8086:2080] type 00 class 0x088000 conventional PCI endpoint
2026-07-17T12:45:21.580566+00:00 tilloGPT-hermes kernel: pci 0000:16:1e.1: [8086:2081] type 00 class 0x088000 conventional PCI endpoint
2026-07-17T12:45:21.580567+00:00 tilloGPT-hermes kernel: pci 0000:16:1e.2: [8086:2082] type 00 class 0x088000 conventional PCI endpoint
2026-07-17T12:45:21.580568+00:00 tilloGPT-hermes kernel: pci 0000:16:1e.3: [8086:2083] type 00 class 0x088000 conventional PCI endpoint
2026-07-17T12:45:21.580569+00:00 tilloGPT-hermes kernel: pci 0000:16:1e.4: [8086:2084] type 00 class 0x088000 conventional PCI endpoint
2026-07-17T12:45:21.580570+00:00 tilloGPT-hermes kernel: pci 0000:16:1e.5: [8086:2085] type 00 class 0x088000 conventional PCI endpoint
2026-07-17T12:45:21.580573+00:00 tilloGPT-hermes kernel: pci 0000:16:1e.6: [8086:2086] type 00 class 0x088000 conventional PCI endpoint
2026-07-17T12:45:21.580574+00:00 tilloGPT-hermes kernel: pci 0000:17:00.0: [10de:1b06] type 00 class 0x030000 PCIe Legacy Endpoint
2026-07-17T12:45:21.580575+00:00 tilloGPT-hermes kernel: pci 0000:17:00.0: BAR 0 [mem 0x8e000000-0x8effffff]
2026-07-17T12:45:21.580576+00:00 tilloGPT-hermes kernel: pci 0000:17:00.0: BAR 1 [mem 0x387fe0000000-0x387fefffffff 64bit pref]
2026-07-17T12:45:21.580589+00:00 tilloGPT-hermes kernel: pci 0000:17:00.0: BAR 3 [mem 0x387ff0000000-0x387ff1ffffff 64bit pref]
2026-07-17T12:45:21.580590+00:00 tilloGPT-hermes kernel: pci 0000:17:00.0: BAR 5 [io  0x7000-0x707f]
2026-07-17T12:45:21.580597+00:00 tilloGPT-hermes kernel: pci 0000:17:00.0: ROM [mem 0x8f000000-0x8f07ffff pref]
2026-07-17T12:45:21.580599+00:00 tilloGPT-hermes kernel: pci 0000:17:00.0: enabling Extended Tags
2026-07-17T12:45:21.580601+00:00 tilloGPT-hermes kernel: pci 0000:17:00.0: 32.000 Gb/s available PCIe bandwidth, limited by 2.5 GT/s PCIe x16 link at 0000:16:00.0 (capable of 126.016 Gb/s with 8.0 GT/s PCIe x16 link)
2026-07-17T12:45:21.580602+00:00 tilloGPT-hermes kernel: pci 0000:17:00.1: [10de:10ef] type 00 class 0x040300 PCIe Endpoint
2026-07-17T12:45:21.580610+00:00 tilloGPT-hermes kernel: pci 0000:17:00.1: BAR 0 [mem 0x8f080000-0x8f083fff]
2026-07-17T12:45:21.580612+00:00 tilloGPT-hermes kernel: pci 0000:17:00.1: enabling Extended Tags
2026-07-17T12:45:21.580613+00:00 tilloGPT-hermes kernel: pci 0000:16:00.0: PCI bridge to [bus 17]
2026-07-17T12:45:21.580621+00:00 tilloGPT-hermes kernel: pci_bus 0000:16: on NUMA node 0
2026-07-17T12:45:21.580623+00:00 tilloGPT-hermes kernel: ACPI: PCI Root Bridge [PC02] (domain 0000 [bus 64-b1])
2026-07-17T12:45:21.580624+00:00 tilloGPT-hermes kernel: acpi PNP0A08:02: _OSC: OS supports [ExtendedConfig ASPM ClockPM Segments MSI EDR HPX-Type3]
2026-07-17T12:45:21.580625+00:00 tilloGPT-hermes kernel: acpi PNP0A08:02: _OSC: platform does not support [SHPCHotplug AER LTR DPC]
2026-07-17T12:45:21.580625+00:00 tilloGPT-hermes kernel: acpi PNP0A08:02: _OSC: OS now controls [PCIeHotplug PME PCIeCapability]
2026-07-17T12:45:21.580628+00:00 tilloGPT-hermes kernel: PCI host bridge to bus 0000:64
2026-07-17T12:45:21.580629+00:00 tilloGPT-hermes kernel: pci_bus 0000:64: root bus resource [io  0x8000-0xbfff window]
2026-07-17T12:45:21.580630+00:00 tilloGPT-hermes kernel: pci_bus 0000:64: root bus resource [mem 0x8f800000-0x937fffff window]
2026-07-17T12:45:21.580638+00:00 tilloGPT-hermes kernel: pci_bus 0000:64: root bus resource [mem 0x388000000000-0x38bfffffffff window]
2026-07-17T12:45:21.580640+00:00 tilloGPT-hermes kernel: pci_bus 0000:64: root bus resource [bus 64-b1]
2026-07-17T12:45:21.580641+00:00 tilloGPT-hermes kernel: pci 0000:64:00.0: [8086:2030] type 01 class 0x060400 PCIe Root Port
2026-07-17T12:45:21.580642+00:00 tilloGPT-hermes kernel: pci 0000:64:00.0: PCI bridge to [bus 65]
2026-07-17T12:45:21.580643+00:00 tilloGPT-hermes kernel: pci 0000:64:00.0:   bridge window [io  0xb000-0xbfff]
2026-07-17T12:45:21.580649+00:00 tilloGPT-hermes kernel: pci 0000:64:00.0:   bridge window [mem 0x92000000-0x930fffff]
2026-07-17T12:45:21.580650+00:00 tilloGPT-hermes kernel: pci 0000:64:00.0:   bridge window [mem 0x38bfe0000000-0x38bff1ffffff 64bit pref]
2026-07-17T12:45:21.580651+00:00 tilloGPT-hermes kernel: pci 0000:64:00.0: enabling Extended Tags
2026-07-17T12:45:21.580653+00:00 tilloGPT-hermes kernel: pci 0000:64:00.0: PME# supported from D0 D3hot D3cold
2026-07-17T12:45:21.580654+00:00 tilloGPT-hermes kernel: pci 0000:64:02.0: [8086:2032] type 01 class 0x060400 PCIe Root Port
2026-07-17T12:45:21.580656+00:00 tilloGPT-hermes kernel: pci 0000:64:02.0: PCI bridge to [bus 66]
2026-07-17T12:45:21.580657+00:00 tilloGPT-hermes kernel: pci 0000:64:02.0:   bridge window [io  0xa000-0xafff]
2026-07-17T12:45:21.580658+00:00 tilloGPT-hermes kernel: pci 0000:64:02.0:   bridge window [mem 0x90000000-0x910fffff]
2026-07-17T12:45:21.580659+00:00 tilloGPT-hermes kernel: pci 0000:64:02.0:   bridge window [mem 0x38bfc0000000-0x38bfd1ffffff 64bit pref]
2026-07-17T12:45:21.580660+00:00 tilloGPT-hermes kernel: pci 0000:64:02.0: enabling Extended Tags
2026-07-17T12:45:21.580667+00:00 tilloGPT-hermes kernel: pci 0000:64:02.0: PME# supported from D0 D3hot D3cold
2026-07-17T12:45:21.580669+00:00 tilloGPT-hermes kernel: pci 0000:64:05.0: [8086:2034] type 00 class 0x088000 PCIe Root Complex Integrated Endpoint
2026-07-17T12:45:21.580677+00:00 tilloGPT-hermes kernel: pci 0000:64:05.2: [8086:2035] type 00 class 0x088000 PCIe Root Complex Integrated Endpoint
2026-07-17T12:45:21.580678+00:00 tilloGPT-hermes kernel: pci 0000:64:05.4: [8086:2036] type 00 class 0x080020 PCIe Root Complex Integrated Endpoint
2026-07-17T12:45:21.580679+00:00 tilloGPT-hermes kernel: pci 0000:64:05.4: BAR 0 [mem 0x93100000-0x93100fff]
2026-07-17T12:45:21.580680+00:00 tilloGPT-hermes kernel: pci 0000:64:08.0: [8086:2066] type 00 class 0x088000 PCIe Root Complex Integrated Endpoint
2026-07-17T12:45:21.580681+00:00 tilloGPT-hermes kernel: pci 0000:64:09.0: [8086:2066] type 00 class 0x088000 PCIe Root Complex Integrated Endpoint
2026-07-17T12:45:21.580682+00:00 tilloGPT-hermes kernel: pci 0000:64:0a.0: [8086:2040] type 00 class 0x088000 PCIe Root Complex Integrated Endpoint
2026-07-17T12:45:21.580682+00:00 tilloGPT-hermes kernel: pci 0000:64:0a.1: [8086:2041] type 00 class 0x088000 PCIe Root Complex Integrated Endpoint
2026-07-17T12:45:21.580690+00:00 tilloGPT-hermes kernel: pci 0000:64:0a.2: [8086:2042] type 00 class 0x088000 PCIe Root Complex Integrated Endpoint
2026-07-17T12:45:21.580691+00:00 tilloGPT-hermes kernel: pci 0000:64:0a.3: [8086:2043] type 00 class 0x088000 PCIe Root Complex Integrated Endpoint
2026-07-17T12:45:21.580693+00:00 tilloGPT-hermes kernel: pci 0000:64:0a.4: [8086:2044] type 00 class 0x088000 PCIe Root Complex Integrated Endpoint
2026-07-17T12:45:21.580694+00:00 tilloGPT-hermes kernel: pci 0000:64:0a.5: [8086:2045] type 00 class 0x088000 PCIe Root Complex Integrated Endpoint
2026-07-17T12:45:21.580696+00:00 tilloGPT-hermes kernel: pci 0000:64:0a.6: [8086:2046] type 00 class 0x088000 PCIe Root Complex Integrated Endpoint
2026-07-17T12:45:21.580697+00:00 tilloGPT-hermes kernel: pci 0000:64:0a.7: [8086:2047] type 00 class 0x088000 PCIe Root Complex Integrated Endpoint
2026-07-17T12:45:21.580698+00:00 tilloGPT-hermes kernel: pci 0000:64:0b.0: [8086:2048] type 00 class 0x088000 PCIe Root Complex Integrated Endpoint
2026-07-17T12:45:21.580700+00:00 tilloGPT-hermes kernel: pci 0000:64:0b.1: [8086:2049] type 00 class 0x088000 PCIe Root Complex Integrated Endpoint
2026-07-17T12:45:21.580702+00:00 tilloGPT-hermes kernel: pci 0000:64:0b.2: [8086:204a] type 00 class 0x088000 PCIe Root Complex Integrated Endpoint
2026-07-17T12:45:21.580703+00:00 tilloGPT-hermes kernel: pci 0000:64:0b.3: [8086:204b] type 00 class 0x088000 PCIe Root Complex Integrated Endpoint
2026-07-17T12:45:21.580704+00:00 tilloGPT-hermes kernel: pci 0000:64:0c.0: [8086:2040] type 00 class 0x088000 PCIe Root Complex Integrated Endpoint
2026-07-17T12:45:21.580704+00:00 tilloGPT-hermes kernel: pci 0000:64:0c.1: [8086:2041] type 00 class 0x088000 PCIe Root Complex Integrated Endpoint
2026-07-17T12:45:21.580705+00:00 tilloGPT-hermes kernel: pci 0000:64:0c.2: [8086:2042] type 00 class 0x088000 PCIe Root Complex Integrated Endpoint
2026-07-17T12:45:21.580706+00:00 tilloGPT-hermes kernel: pci 0000:64:0c.3: [8086:2043] type 00 class 0x088000 PCIe Root Complex Integrated Endpoint
2026-07-17T12:45:21.580713+00:00 tilloGPT-hermes kernel: pci 0000:64:0c.4: [8086:2044] type 00 class 0x088000 PCIe Root Complex Integrated Endpoint
2026-07-17T12:45:21.580714+00:00 tilloGPT-hermes kernel: pci 0000:64:0c.5: [8086:2045] type 00 class 0x088000 PCIe Root Complex Integrated Endpoint
2026-07-17T12:45:21.580722+00:00 tilloGPT-hermes kernel: pci 0000:64:0c.6: [8086:2046] type 00 class 0x088000 PCIe Root Complex Integrated Endpoint
2026-07-17T12:45:21.580723+00:00 tilloGPT-hermes kernel: pci 0000:64:0c.7: [8086:2047] type 00 class 0x088000 PCIe Root Complex Integrated Endpoint
2026-07-17T12:45:21.580730+00:00 tilloGPT-hermes kernel: pci 0000:64:0d.0: [8086:2048] type 00 class 0x088000 PCIe Root Complex Integrated Endpoint
2026-07-17T12:45:21.580731+00:00 tilloGPT-hermes kernel: pci 0000:64:0d.1: [8086:2049] type 00 class 0x088000 PCIe Root Complex Integrated Endpoint
2026-07-17T12:45:21.580732+00:00 tilloGPT-hermes kernel: pci 0000:64:0d.2: [8086:204a] type 00 class 0x088000 PCIe Root Complex Integrated Endpoint
2026-07-17T12:45:21.580735+00:00 tilloGPT-hermes kernel: pci 0000:64:0d.3: [8086:204b] type 00 class 0x088000 PCIe Root Complex Integrated Endpoint
2026-07-17T12:45:21.580736+00:00 tilloGPT-hermes kernel: pci 0000:65:00.0: [10de:1b80] type 00 class 0x030000 PCIe Legacy Endpoint
2026-07-17T12:45:21.580738+00:00 tilloGPT-hermes kernel: pci 0000:65:00.0: BAR 0 [mem 0x92000000-0x92ffffff]
2026-07-17T12:45:21.580739+00:00 tilloGPT-hermes kernel: pci 0000:65:00.0: BAR 1 [mem 0x38bfe0000000-0x38bfefffffff 64bit pref]
2026-07-17T12:45:21.580740+00:00 tilloGPT-hermes kernel: pci 0000:65:00.0: BAR 3 [mem 0x38bff0000000-0x38bff1ffffff 64bit pref]
2026-07-17T12:45:21.580740+00:00 tilloGPT-hermes kernel: pci 0000:65:00.0: BAR 5 [io  0xb000-0xb07f]
2026-07-17T12:45:21.580741+00:00 tilloGPT-hermes kernel: pci 0000:65:00.0: ROM [mem 0x93000000-0x9307ffff pref]
2026-07-17T12:45:21.580742+00:00 tilloGPT-hermes kernel: pci 0000:65:00.0: enabling Extended Tags
2026-07-17T12:45:21.580749+00:00 tilloGPT-hermes kernel: pci 0000:65:00.0: 16.000 Gb/s available PCIe bandwidth, limited by 2.5 GT/s PCIe x8 link at 0000:64:00.0 (capable of 126.016 Gb/s with 8.0 GT/s PCIe x16 link)
2026-07-17T12:45:21.580757+00:00 tilloGPT-hermes kernel: pci 0000:65:00.1: [10de:10f0] type 00 class 0x040300 PCIe Endpoint
2026-07-17T12:45:21.580758+00:00 tilloGPT-hermes kernel: pci 0000:65:00.1: BAR 0 [mem 0x93080000-0x93083fff]
2026-07-17T12:45:21.580760+00:00 tilloGPT-hermes kernel: pci 0000:65:00.1: enabling Extended Tags
2026-07-17T12:45:21.580761+00:00 tilloGPT-hermes kernel: pci 0000:64:00.0: PCI bridge to [bus 65]
2026-07-17T12:45:21.580836+00:00 tilloGPT-hermes kernel: pci 0000:66:00.0: [10de:1b80] type 00 class 0x030000 PCIe Legacy Endpoint
2026-07-17T12:45:21.580838+00:00 tilloGPT-hermes kernel: pci 0000:66:00.0: BAR 0 [mem 0x90000000-0x90ffffff]
2026-07-17T12:45:21.580839+00:00 tilloGPT-hermes kernel: pci 0000:66:00.0: BAR 1 [mem 0x38bfc0000000-0x38bfcfffffff 64bit pref]
2026-07-17T12:45:21.580840+00:00 tilloGPT-hermes kernel: pci 0000:66:00.0: BAR 3 [mem 0x38bfd0000000-0x38bfd1ffffff 64bit pref]
2026-07-17T12:45:21.580854+00:00 tilloGPT-hermes kernel: pci 0000:66:00.0: BAR 5 [io  0xa000-0xa07f]
2026-07-17T12:45:21.580855+00:00 tilloGPT-hermes kernel: pci 0000:66:00.0: ROM [mem 0x91000000-0x9107ffff pref]
2026-07-17T12:45:21.580857+00:00 tilloGPT-hermes kernel: pci 0000:66:00.0: enabling Extended Tags
2026-07-17T12:45:21.580858+00:00 tilloGPT-hermes kernel: pci 0000:66:00.0: 16.000 Gb/s available PCIe bandwidth, limited by 2.5 GT/s PCIe x8 link at 0000:64:02.0 (capable of 126.016 Gb/s with 8.0 GT/s PCIe x16 link)
2026-07-17T12:45:21.580859+00:00 tilloGPT-hermes kernel: pci 0000:66:00.1: [10de:10f0] type 00 class 0x040300 PCIe Endpoint
2026-07-17T12:45:21.580860+00:00 tilloGPT-hermes kernel: pci 0000:66:00.1: BAR 0 [mem 0x91080000-0x91083fff]
2026-07-17T12:45:21.580861+00:00 tilloGPT-hermes kernel: pci 0000:66:00.1: enabling Extended Tags
2026-07-17T12:45:21.580869+00:00 tilloGPT-hermes kernel: pci 0000:64:02.0: PCI bridge to [bus 66]
2026-07-17T12:45:21.580881+00:00 tilloGPT-hermes kernel: pci_bus 0000:64: on NUMA node 0
2026-07-17T12:45:21.580882+00:00 tilloGPT-hermes kernel: ACPI: PCI Root Bridge [PC03] (domain 0000 [bus b2-ff])
2026-07-17T12:45:21.580885+00:00 tilloGPT-hermes kernel: acpi PNP0A08:03: _OSC: OS supports [ExtendedConfig ASPM ClockPM Segments MSI EDR HPX-Type3]
2026-07-17T12:45:21.580886+00:00 tilloGPT-hermes kernel: acpi PNP0A08:03: _OSC: platform does not support [SHPCHotplug AER LTR DPC]
2026-07-17T12:45:21.580886+00:00 tilloGPT-hermes kernel: acpi PNP0A08:03: _OSC: OS now controls [PCIeHotplug PME PCIeCapability]
2026-07-17T12:45:21.580896+00:00 tilloGPT-hermes kernel: PCI host bridge to bus 0000:b2
2026-07-17T12:45:21.580898+00:00 tilloGPT-hermes kernel: pci_bus 0000:b2: root bus resource [io  0xc000-0xffff window]
2026-07-17T12:45:21.580899+00:00 tilloGPT-hermes kernel: pci_bus 0000:b2: root bus resource [mem 0x93800000-0xfbffffff window]
2026-07-17T12:45:21.580901+00:00 tilloGPT-hermes kernel: pci_bus 0000:b2: root bus resource [mem 0x38c000000000-0x38ffffffffff window]
2026-07-17T12:45:21.580902+00:00 tilloGPT-hermes kernel: pci_bus 0000:b2: root bus resource [bus b2-ff]
2026-07-17T12:45:21.580903+00:00 tilloGPT-hermes kernel: pci 0000:b2:00.0: [8086:2030] type 01 class 0x060400 PCIe Root Port
2026-07-17T12:45:21.580904+00:00 tilloGPT-hermes kernel: pci 0000:b2:00.0: PCI bridge to [bus b3]
2026-07-17T12:45:21.580904+00:00 tilloGPT-hermes kernel: pci 0000:b2:00.0:   bridge window [io  0xf000-0xffff]
2026-07-17T12:45:21.580912+00:00 tilloGPT-hermes kernel: pci 0000:b2:00.0:   bridge window [mem 0xfa000000-0xfb0fffff]
2026-07-17T12:45:21.580924+00:00 tilloGPT-hermes kernel: pci 0000:b2:00.0:   bridge window [mem 0x38ffc0000000-0x38ffd20fffff 64bit pref]
2026-07-17T12:45:21.580924+00:00 tilloGPT-hermes kernel: pci 0000:b2:00.0: enabling Extended Tags
2026-07-17T12:45:21.580926+00:00 tilloGPT-hermes kernel: pci 0000:b2:00.0: PME# supported from D0 D3hot D3cold
2026-07-17T12:45:21.580927+00:00 tilloGPT-hermes kernel: pci 0000:b2:02.0: [8086:2032] type 01 class 0x060400 PCIe Root Port
2026-07-17T12:45:21.580928+00:00 tilloGPT-hermes kernel: pci 0000:b2:02.0: PCI bridge to [bus b4]
2026-07-17T12:45:21.580929+00:00 tilloGPT-hermes kernel: pci 0000:b2:02.0:   bridge window [io  0xe000-0xefff]
2026-07-17T12:45:21.580930+00:00 tilloGPT-hermes kernel: pci 0000:b2:02.0:   bridge window [mem 0xf8000000-0xf90fffff]
2026-07-17T12:45:21.580930+00:00 tilloGPT-hermes kernel: pci 0000:b2:02.0:   bridge window [mem 0x38ffe0000000-0x38fff1ffffff 64bit pref]
2026-07-17T12:45:21.580931+00:00 tilloGPT-hermes kernel: pci 0000:b2:02.0: enabling Extended Tags
2026-07-17T12:45:21.580931+00:00 tilloGPT-hermes kernel: pci 0000:b2:02.0: PME# supported from D0 D3hot D3cold
2026-07-17T12:45:21.580939+00:00 tilloGPT-hermes kernel: pci 0000:b2:05.0: [8086:2034] type 00 class 0x088000 PCIe Root Complex Integrated Endpoint
2026-07-17T12:45:21.580939+00:00 tilloGPT-hermes kernel: pci 0000:b2:05.2: [8086:2035] type 00 class 0x088000 PCIe Root Complex Integrated Endpoint
2026-07-17T12:45:21.580947+00:00 tilloGPT-hermes kernel: pci 0000:b2:05.4: [8086:2036] type 00 class 0x080020 PCIe Root Complex Integrated Endpoint
2026-07-17T12:45:21.580948+00:00 tilloGPT-hermes kernel: pci 0000:b2:05.4: BAR 0 [mem 0xfb100000-0xfb100fff]
2026-07-17T12:45:21.580955+00:00 tilloGPT-hermes kernel: pci 0000:b2:12.0: [8086:204c] type 00 class 0x110100 PCIe Root Complex Integrated Endpoint
2026-07-17T12:45:21.580956+00:00 tilloGPT-hermes kernel: pci 0000:b2:12.1: [8086:204d] type 00 class 0x110100 conventional PCI endpoint
2026-07-17T12:45:21.580958+00:00 tilloGPT-hermes kernel: pci 0000:b2:12.2: [8086:204e] type 00 class 0x088000 conventional PCI endpoint
2026-07-17T12:45:21.580959+00:00 tilloGPT-hermes kernel: pci 0000:b2:15.0: [8086:2018] type 00 class 0x088000 conventional PCI endpoint
2026-07-17T12:45:21.580962+00:00 tilloGPT-hermes kernel: pci 0000:b2:15.1: [8086:2088] type 00 class 0x110100 conventional PCI endpoint
2026-07-17T12:45:21.580963+00:00 tilloGPT-hermes kernel: pci 0000:b2:16.0: [8086:2018] type 00 class 0x088000 conventional PCI endpoint
2026-07-17T12:45:21.580964+00:00 tilloGPT-hermes kernel: pci 0000:b2:16.1: [8086:2088] type 00 class 0x110100 conventional PCI endpoint
2026-07-17T12:45:21.580965+00:00 tilloGPT-hermes kernel: pci 0000:b2:16.4: [8086:2018] type 00 class 0x088000 conventional PCI endpoint
2026-07-17T12:45:21.580967+00:00 tilloGPT-hermes kernel: pci 0000:b2:16.5: [8086:2088] type 00 class 0x110100 conventional PCI endpoint
2026-07-17T12:45:21.580968+00:00 tilloGPT-hermes kernel: pci 0000:b2:17.0: [8086:2018] type 00 class 0x088000 conventional PCI endpoint
2026-07-17T12:45:21.580969+00:00 tilloGPT-hermes kernel: pci 0000:b2:17.1: [8086:2088] type 00 class 0x110100 conventional PCI endpoint
2026-07-17T12:45:21.580978+00:00 tilloGPT-hermes kernel: pci 0000:b3:00.0: [10de:2182] type 00 class 0x030000 PCIe Legacy Endpoint
2026-07-17T12:45:21.580979+00:00 tilloGPT-hermes kernel: pci 0000:b3:00.0: BAR 0 [mem 0xfa000000-0xfaffffff]
2026-07-17T12:45:21.580981+00:00 tilloGPT-hermes kernel: pci 0000:b3:00.0: BAR 1 [mem 0x38ffc0000000-0x38ffcfffffff 64bit pref]
2026-07-17T12:45:21.580982+00:00 tilloGPT-hermes kernel: pci 0000:b3:00.0: BAR 3 [mem 0x38ffd0000000-0x38ffd1ffffff 64bit pref]
2026-07-17T12:45:21.580982+00:00 tilloGPT-hermes kernel: pci 0000:b3:00.0: BAR 5 [io  0xf000-0xf07f]
2026-07-17T12:45:21.580985+00:00 tilloGPT-hermes kernel: pci 0000:b3:00.0: ROM [mem 0xfb000000-0xfb07ffff pref]
2026-07-17T12:45:21.580986+00:00 tilloGPT-hermes kernel: pci 0000:b3:00.0: enabling Extended Tags
2026-07-17T12:45:21.580987+00:00 tilloGPT-hermes kernel: pci 0000:b3:00.0: PME# supported from D0 D3hot
2026-07-17T12:45:21.580988+00:00 tilloGPT-hermes kernel: pci 0000:b3:00.0: 16.000 Gb/s available PCIe bandwidth, limited by 2.5 GT/s PCIe x8 link at 0000:b2:00.0 (capable of 126.016 Gb/s with 8.0 GT/s PCIe x16 link)
2026-07-17T12:45:21.580989+00:00 tilloGPT-hermes kernel: pci 0000:b3:00.1: [10de:1aeb] type 00 class 0x040300 PCIe Endpoint
2026-07-17T12:45:21.580990+00:00 tilloGPT-hermes kernel: pci 0000:b3:00.1: BAR 0 [mem 0xfb080000-0xfb083fff]
2026-07-17T12:45:21.580998+00:00 tilloGPT-hermes kernel: pci 0000:b3:00.1: enabling Extended Tags
2026-07-17T12:45:21.581007+00:00 tilloGPT-hermes kernel: pci 0000:b3:00.2: [10de:1aec] type 00 class 0x0c0330 PCIe Endpoint
2026-07-17T12:45:21.581008+00:00 tilloGPT-hermes kernel: pci 0000:b3:00.2: BAR 0 [mem 0x38ffd2000000-0x38ffd203ffff 64bit pref]
2026-07-17T12:45:21.581009+00:00 tilloGPT-hermes kernel: pci 0000:b3:00.2: BAR 3 [mem 0x38ffd2040000-0x38ffd204ffff 64bit pref]
2026-07-17T12:45:21.581010+00:00 tilloGPT-hermes kernel: pci 0000:b3:00.2: enabling Extended Tags
2026-07-17T12:45:21.581011+00:00 tilloGPT-hermes kernel: pci 0000:b3:00.2: PME# supported from D0 D3hot
2026-07-17T12:45:21.581024+00:00 tilloGPT-hermes kernel: pci 0000:b3:00.3: [10de:1aed] type 00 class 0x0c8000 PCIe Endpoint
2026-07-17T12:45:21.581026+00:00 tilloGPT-hermes kernel: pci 0000:b3:00.3: BAR 0 [mem 0xfb084000-0xfb084fff]
2026-07-17T12:45:21.581027+00:00 tilloGPT-hermes kernel: pci 0000:b3:00.3: enabling Extended Tags
2026-07-17T12:45:21.581036+00:00 tilloGPT-hermes kernel: pci 0000:b3:00.3: PME# supported from D0 D3hot
2026-07-17T12:45:21.581037+00:00 tilloGPT-hermes kernel: pci 0000:b2:00.0: PCI bridge to [bus b3]
2026-07-17T12:45:21.581038+00:00 tilloGPT-hermes kernel: pci 0000:b4:00.0: [10de:2531] type 00 class 0x030000 PCIe Legacy Endpoint
2026-07-17T12:45:21.581039+00:00 tilloGPT-hermes kernel: pci 0000:b4:00.0: BAR 0 [mem 0xf8000000-0xf8ffffff]
2026-07-17T12:45:21.581040+00:00 tilloGPT-hermes kernel: pci 0000:b4:00.0: BAR 1 [mem 0x38ffe0000000-0x38ffefffffff 64bit pref]
2026-07-17T12:45:21.581041+00:00 tilloGPT-hermes kernel: pci 0000:b4:00.0: BAR 3 [mem 0x38fff0000000-0x38fff1ffffff 64bit pref]
2026-07-17T12:45:21.581042+00:00 tilloGPT-hermes kernel: pci 0000:b4:00.0: BAR 5 [io  0xe000-0xe07f]
2026-07-17T12:45:21.581044+00:00 tilloGPT-hermes kernel: pci 0000:b4:00.0: ROM [mem 0xf9000000-0xf907ffff pref]
2026-07-17T12:45:21.581045+00:00 tilloGPT-hermes kernel: pci 0000:b4:00.0: enabling Extended Tags
2026-07-17T12:45:21.581046+00:00 tilloGPT-hermes kernel: pci 0000:b4:00.0: PME# supported from D0 D3hot
2026-07-17T12:45:21.581047+00:00 tilloGPT-hermes kernel: pci 0000:b4:00.0: 63.008 Gb/s available PCIe bandwidth, limited by 8.0 GT/s PCIe x8 link at 0000:b2:02.0 (capable of 252.048 Gb/s with 16.0 GT/s PCIe x16 link)
2026-07-17T12:45:21.581055+00:00 tilloGPT-hermes kernel: pci 0000:b4:00.1: [10de:228e] type 00 class 0x040300 PCIe Endpoint
2026-07-17T12:45:21.581064+00:00 tilloGPT-hermes kernel: pci 0000:b4:00.1: BAR 0 [mem 0xf9080000-0xf9083fff]
2026-07-17T12:45:21.581065+00:00 tilloGPT-hermes kernel: pci 0000:b4:00.1: enabling Extended Tags
2026-07-17T12:45:21.581067+00:00 tilloGPT-hermes kernel: pci 0000:b2:02.0: PCI bridge to [bus b4]
2026-07-17T12:45:21.581067+00:00 tilloGPT-hermes kernel: pci_bus 0000:b2: on NUMA node 0
2026-07-17T12:45:21.581068+00:00 tilloGPT-hermes kernel: ACPI: PCI: Interrupt link LNKA configured for IRQ 11
2026-07-17T12:45:21.581081+00:00 tilloGPT-hermes kernel: ACPI: PCI: Interrupt link LNKB configured for IRQ 10
2026-07-17T12:45:21.581083+00:00 tilloGPT-hermes kernel: ACPI: PCI: Interrupt link LNKC configured for IRQ 11
2026-07-17T12:45:21.581084+00:00 tilloGPT-hermes kernel: ACPI: PCI: Interrupt link LNKD configured for IRQ 11
2026-07-17T12:45:21.581084+00:00 tilloGPT-hermes kernel: ACPI: PCI: Interrupt link LNKE configured for IRQ 11
2026-07-17T12:45:21.581091+00:00 tilloGPT-hermes kernel: ACPI: PCI: Interrupt link LNKF configured for IRQ 11
2026-07-17T12:45:21.581100+00:00 tilloGPT-hermes kernel: ACPI: PCI: Interrupt link LNKG configured for IRQ 11
2026-07-17T12:45:21.581102+00:00 tilloGPT-hermes kernel: ACPI: PCI: Interrupt link LNKH configured for IRQ 11
2026-07-17T12:45:21.581103+00:00 tilloGPT-hermes kernel: iommu: Default domain type: Translated
2026-07-17T12:45:21.581105+00:00 tilloGPT-hermes kernel: iommu: DMA domain TLB invalidation policy: lazy mode
2026-07-17T12:45:21.581106+00:00 tilloGPT-hermes kernel: SCSI subsystem initialized
2026-07-17T12:45:21.581114+00:00 tilloGPT-hermes kernel: libata version 3.00 loaded.
2026-07-17T12:45:21.581116+00:00 tilloGPT-hermes kernel: ACPI: bus type USB registered
2026-07-17T12:45:21.581117+00:00 tilloGPT-hermes kernel: usbcore: registered new interface driver usbfs
2026-07-17T12:45:21.581118+00:00 tilloGPT-hermes kernel: usbcore: registered new interface driver hub
2026-07-17T12:45:21.581199+00:00 tilloGPT-hermes kernel: usbcore: registered new device driver usb
2026-07-17T12:45:21.581201+00:00 tilloGPT-hermes kernel: pps_core: LinuxPPS API ver. 1 registered
2026-07-17T12:45:21.581202+00:00 tilloGPT-hermes kernel: pps_core: Software ver. 5.3.6 - Copyright 2005-2007 Rodolfo Giometti <giometti@linux.it>
2026-07-17T12:45:21.581204+00:00 tilloGPT-hermes kernel: PTP clock support registered
2026-07-17T12:45:21.581205+00:00 tilloGPT-hermes kernel: EDAC MC: Ver: 3.0.0
2026-07-17T12:45:21.581206+00:00 tilloGPT-hermes kernel: efivars: Registered efivars operations
2026-07-17T12:45:21.581207+00:00 tilloGPT-hermes kernel: NetLabel: Initializing
2026-07-17T12:45:21.581208+00:00 tilloGPT-hermes kernel: NetLabel:  domain hash size = 128
2026-07-17T12:45:21.581215+00:00 tilloGPT-hermes kernel: NetLabel:  protocols = UNLABELED CIPSOv4 CALIPSO
2026-07-17T12:45:21.581223+00:00 tilloGPT-hermes kernel: NetLabel:  unlabeled traffic allowed by default
2026-07-17T12:45:21.581224+00:00 tilloGPT-hermes kernel: mctp: management component transport protocol core
2026-07-17T12:45:21.581225+00:00 tilloGPT-hermes kernel: NET: Registered PF_MCTP protocol family
2026-07-17T12:45:21.581226+00:00 tilloGPT-hermes kernel: PCI: Using ACPI for IRQ routing
2026-07-17T12:45:21.581227+00:00 tilloGPT-hermes kernel: PCI: pci_cache_line_size set to 64 bytes
2026-07-17T12:45:21.581235+00:00 tilloGPT-hermes kernel: e820: reserve RAM buffer [mem 0x0003f000-0x0003ffff]
2026-07-17T12:45:21.581236+00:00 tilloGPT-hermes kernel: e820: reserve RAM buffer [mem 0x31364018-0x33ffffff]
2026-07-17T12:45:21.581236+00:00 tilloGPT-hermes kernel: e820: reserve RAM buffer [mem 0x31389018-0x33ffffff]
2026-07-17T12:45:21.581237+00:00 tilloGPT-hermes kernel: e820: reserve RAM buffer [mem 0x313a9018-0x33ffffff]
2026-07-17T12:45:21.581245+00:00 tilloGPT-hermes kernel: e820: reserve RAM buffer [mem 0x313c9018-0x33ffffff]
2026-07-17T12:45:21.581254+00:00 tilloGPT-hermes kernel: e820: reserve RAM buffer [mem 0x313e9018-0x33ffffff]
2026-07-17T12:45:21.581256+00:00 tilloGPT-hermes kernel: e820: reserve RAM buffer [mem 0x31409018-0x33ffffff]
2026-07-17T12:45:21.581257+00:00 tilloGPT-hermes kernel: e820: reserve RAM buffer [mem 0x3141a018-0x33ffffff]
2026-07-17T12:45:21.581258+00:00 tilloGPT-hermes kernel: e820: reserve RAM buffer [mem 0x3143b018-0x33ffffff]
2026-07-17T12:45:21.581259+00:00 tilloGPT-hermes kernel: e820: reserve RAM buffer [mem 0x4786f000-0x47ffffff]
2026-07-17T12:45:21.581261+00:00 tilloGPT-hermes kernel: e820: reserve RAM buffer [mem 0x48d0c000-0x4bffffff]
2026-07-17T12:45:21.581262+00:00 tilloGPT-hermes kernel: e820: reserve RAM buffer [mem 0x4be56000-0x4bffffff]
2026-07-17T12:45:21.581269+00:00 tilloGPT-hermes kernel: pci 0000:03:00.0: vgaarb: setting as boot VGA device
2026-07-17T12:45:21.581270+00:00 tilloGPT-hermes kernel: pci 0000:03:00.0: vgaarb: bridge control possible
2026-07-17T12:45:21.581278+00:00 tilloGPT-hermes kernel: pci 0000:03:00.0: vgaarb: VGA device added: decodes=io+mem,owns=none,locks=none
2026-07-17T12:45:21.581279+00:00 tilloGPT-hermes kernel: pci 0000:06:00.0: vgaarb: bridge control possible
2026-07-17T12:45:21.581282+00:00 tilloGPT-hermes kernel: pci 0000:06:00.0: vgaarb: VGA device added: decodes=io+mem,owns=none,locks=none
2026-07-17T12:45:21.581290+00:00 tilloGPT-hermes kernel: pci 0000:17:00.0: vgaarb: bridge control possible
2026-07-17T12:45:21.581291+00:00 tilloGPT-hermes kernel: pci 0000:17:00.0: vgaarb: VGA device added: decodes=io+mem,owns=none,locks=none
2026-07-17T12:45:21.581293+00:00 tilloGPT-hermes kernel: pci 0000:65:00.0: vgaarb: bridge control possible
2026-07-17T12:45:21.581294+00:00 tilloGPT-hermes kernel: pci 0000:65:00.0: vgaarb: VGA device added: decodes=io+mem,owns=none,locks=none
2026-07-17T12:45:21.581295+00:00 tilloGPT-hermes kernel: pci 0000:66:00.0: vgaarb: bridge control possible
2026-07-17T12:45:21.581304+00:00 tilloGPT-hermes kernel: pci 0000:66:00.0: vgaarb: VGA device added: decodes=io+mem,owns=none,locks=none
2026-07-17T12:45:21.581306+00:00 tilloGPT-hermes kernel: pci 0000:b3:00.0: vgaarb: bridge control possible
2026-07-17T12:45:21.581307+00:00 tilloGPT-hermes kernel: pci 0000:b3:00.0: vgaarb: VGA device added: decodes=io+mem,owns=none,locks=none
2026-07-17T12:45:21.581309+00:00 tilloGPT-hermes kernel: pci 0000:b4:00.0: vgaarb: bridge control possible
2026-07-17T12:45:21.581311+00:00 tilloGPT-hermes kernel: pci 0000:b4:00.0: vgaarb: VGA device added: decodes=io+mem,owns=none,locks=none
2026-07-17T12:45:21.581312+00:00 tilloGPT-hermes kernel: vgaarb: loaded
2026-07-17T12:45:21.581313+00:00 tilloGPT-hermes kernel: hpet0: at MMIO 0xfed00000, IRQs 2, 8, 0, 0, 0, 0, 0, 0
2026-07-17T12:45:21.581322+00:00 tilloGPT-hermes kernel: hpet0: 8 comparators, 64-bit 24.000000 MHz counter
2026-07-17T12:45:21.581323+00:00 tilloGPT-hermes kernel: clocksource: Switched to clocksource tsc-early
2026-07-17T12:45:21.581325+00:00 tilloGPT-hermes kernel: VFS: Disk quotas dquot_6.6.0
2026-07-17T12:45:21.581325+00:00 tilloGPT-hermes kernel: VFS: Dquot-cache hash table entries: 512 (order 0, 4096 bytes)
2026-07-17T12:45:21.581326+00:00 tilloGPT-hermes kernel: AppArmor: AppArmor Filesystem Enabled
2026-07-17T12:45:21.581327+00:00 tilloGPT-hermes kernel: pnp: PnP ACPI init
2026-07-17T12:45:21.581328+00:00 tilloGPT-hermes kernel: system 00:00: [io  0x0500-0x05fe] has been reserved
2026-07-17T12:45:21.581336+00:00 tilloGPT-hermes kernel: system 00:00: [io  0x0400-0x047f] has been reserved
2026-07-17T12:45:21.581348+00:00 tilloGPT-hermes kernel: system 00:00: [io  0x0600-0x061f] has been reserved
2026-07-17T12:45:21.581349+00:00 tilloGPT-hermes kernel: system 00:00: [io  0x0ca0-0x0ca5] has been reserved
2026-07-17T12:45:21.581350+00:00 tilloGPT-hermes kernel: system 00:00: [io  0x0880-0x0883] has been reserved
2026-07-17T12:45:21.581352+00:00 tilloGPT-hermes kernel: system 00:00: [io  0x0800-0x081f] has been reserved
2026-07-17T12:45:21.581353+00:00 tilloGPT-hermes kernel: system 00:00: [mem 0xfed1c000-0xfed3ffff] has been reserved
2026-07-17T12:45:21.581361+00:00 tilloGPT-hermes kernel: system 00:00: [mem 0xfed45000-0xfed8bfff] has been reserved
2026-07-17T12:45:21.581364+00:00 tilloGPT-hermes kernel: system 00:00: [mem 0xff000000-0xffffffff] has been reserved
2026-07-17T12:45:21.581365+00:00 tilloGPT-hermes kernel: system 00:00: [mem 0xfee00000-0xfeefffff] could not be reserved
2026-07-17T12:45:21.581367+00:00 tilloGPT-hermes kernel: system 00:00: [mem 0xfed12000-0xfed1200f] has been reserved
2026-07-17T12:45:21.581368+00:00 tilloGPT-hermes kernel: system 00:00: [mem 0xfed12010-0xfed1201f] has been reserved
2026-07-17T12:45:21.581376+00:00 tilloGPT-hermes kernel: system 00:00: [mem 0xfed1b000-0xfed1bfff] has been reserved
2026-07-17T12:45:21.581378+00:00 tilloGPT-hermes kernel: system 00:01: [io  0x0a00-0x0a0f] has been reserved
2026-07-17T12:45:21.581379+00:00 tilloGPT-hermes kernel: system 00:01: [io  0x0a10-0x0a1f] has been reserved
2026-07-17T12:45:21.581380+00:00 tilloGPT-hermes kernel: system 00:01: [io  0x0a20-0x0a2f] has been reserved
2026-07-17T12:45:21.581382+00:00 tilloGPT-hermes kernel: system 00:01: [io  0x0280-0x028f] has been reserved
2026-07-17T12:45:21.581382+00:00 tilloGPT-hermes kernel: system 00:02: [mem 0xfd000000-0xfdabffff] has been reserved
2026-07-17T12:45:21.581383+00:00 tilloGPT-hermes kernel: system 00:02: [mem 0xfdad0000-0xfdadffff] has been reserved
2026-07-17T12:45:21.581384+00:00 tilloGPT-hermes kernel: system 00:02: [mem 0xfdb00000-0xfdffffff] has been reserved
2026-07-17T12:45:21.581385+00:00 tilloGPT-hermes kernel: system 00:02: [mem 0xfe000000-0xfe00ffff] has been reserved
2026-07-17T12:45:21.581385+00:00 tilloGPT-hermes kernel: system 00:02: [mem 0xfe011000-0xfe01ffff] has been reserved
2026-07-17T12:45:21.581386+00:00 tilloGPT-hermes kernel: system 00:02: [mem 0xfe036000-0xfe03bfff] has been reserved
2026-07-17T12:45:21.581394+00:00 tilloGPT-hermes kernel: system 00:02: [mem 0xfe03d000-0xfe3fffff] has been reserved
2026-07-17T12:45:21.581402+00:00 tilloGPT-hermes kernel: system 00:02: [mem 0xfe410000-0xfe7fffff] has been reserved
2026-07-17T12:45:21.581403+00:00 tilloGPT-hermes kernel: system 00:03: [io  0x0f00-0x0ffe] has been reserved
2026-07-17T12:45:21.581404+00:00 tilloGPT-hermes kernel: system 00:04: [mem 0xfe031000-0xfe031fff] has been reserved
2026-07-17T12:45:21.581405+00:00 tilloGPT-hermes kernel: system 00:04: [mem 0xfe030008-0xfe030fff] has been reserved
2026-07-17T12:45:21.581405+00:00 tilloGPT-hermes kernel: system 00:04: [mem 0xfdaf0000-0xfdafffff] has been reserved
2026-07-17T12:45:21.581406+00:00 tilloGPT-hermes kernel: system 00:04: [mem 0xfdae0000-0xfdaeffff] has been reserved
2026-07-17T12:45:21.581414+00:00 tilloGPT-hermes kernel: system 00:04: [mem 0xfdac0000-0xfdacffff] has been reserved
2026-07-17T12:45:21.581416+00:00 tilloGPT-hermes kernel: pnp: PnP ACPI: found 5 devices
2026-07-17T12:45:21.581417+00:00 tilloGPT-hermes kernel: clocksource: acpi_pm: mask: 0xffffff max_cycles: 0xffffff, max_idle_ns: 2085701024 ns
2026-07-17T12:45:21.581419+00:00 tilloGPT-hermes kernel: NET: Registered PF_INET protocol family
2026-07-17T12:45:21.581420+00:00 tilloGPT-hermes kernel: IP idents hash table entries: 262144 (order: 9, 2097152 bytes, linear)
2026-07-17T12:45:21.581421+00:00 tilloGPT-hermes kernel: tcp_listen_portaddr_hash hash table entries: 16384 (order: 6, 262144 bytes, linear)
2026-07-17T12:45:21.581421+00:00 tilloGPT-hermes kernel: Table-perturb hash table entries: 65536 (order: 6, 262144 bytes, linear)
2026-07-17T12:45:21.581429+00:00 tilloGPT-hermes kernel: TCP established hash table entries: 262144 (order: 9, 2097152 bytes, linear)
2026-07-17T12:45:21.581431+00:00 tilloGPT-hermes kernel: TCP bind hash table entries: 65536 (order: 9, 2097152 bytes, linear)
2026-07-17T12:45:21.581432+00:00 tilloGPT-hermes kernel: TCP: Hash tables configured (established 262144 bind 65536)
2026-07-17T12:45:21.581435+00:00 tilloGPT-hermes kernel: MPTCP token hash table entries: 32768 (order: 8, 786432 bytes, linear)
2026-07-17T12:45:21.581436+00:00 tilloGPT-hermes kernel: UDP hash table entries: 16384 (order: 7, 524288 bytes, linear)
2026-07-17T12:45:21.581443+00:00 tilloGPT-hermes kernel: UDP-Lite hash table entries: 16384 (order: 7, 524288 bytes, linear)
2026-07-17T12:45:21.581445+00:00 tilloGPT-hermes kernel: NET: Registered PF_UNIX/PF_LOCAL protocol family
2026-07-17T12:45:21.581446+00:00 tilloGPT-hermes kernel: NET: Registered PF_XDP protocol family
2026-07-17T12:45:21.581447+00:00 tilloGPT-hermes kernel: pci 0000:00:1b.0: PCI bridge to [bus 01]
2026-07-17T12:45:21.581447+00:00 tilloGPT-hermes kernel: pci 0000:00:1b.2: PCI bridge to [bus 02]
2026-07-17T12:45:21.581456+00:00 tilloGPT-hermes kernel: pci 0000:00:1b.2:   bridge window [mem 0x73200000-0x732fffff]
2026-07-17T12:45:21.581458+00:00 tilloGPT-hermes kernel: pci 0000:00:1b.4: PCI bridge to [bus 03]
2026-07-17T12:45:21.581459+00:00 tilloGPT-hermes kernel: pci 0000:00:1b.4:   bridge window [io  0x3000-0x3fff]
2026-07-17T12:45:21.581467+00:00 tilloGPT-hermes kernel: pci 0000:00:1b.4:   bridge window [mem 0x72000000-0x730fffff]
2026-07-17T12:45:21.581469+00:00 tilloGPT-hermes kernel: pci 0000:00:1b.4:   bridge window [mem 0x383fe0000000-0x383ff20fffff 64bit pref]
2026-07-17T12:45:21.581470+00:00 tilloGPT-hermes kernel: pci 0000:00:1c.0: PCI bridge to [bus 04]
2026-07-17T12:45:21.581471+00:00 tilloGPT-hermes kernel: pci 0000:00:1c.4: PCI bridge to [bus 05]
2026-07-17T12:45:21.581472+00:00 tilloGPT-hermes kernel: pci 0000:00:1c.4:   bridge window [mem 0x73100000-0x731fffff]
2026-07-17T12:45:21.581472+00:00 tilloGPT-hermes kernel: pci 0000:00:1d.0: PCI bridge to [bus 06]
2026-07-17T12:45:21.581473+00:00 tilloGPT-hermes kernel: pci 0000:00:1d.0:   bridge window [io  0x2000-0x2fff]
2026-07-17T12:45:21.581474+00:00 tilloGPT-hermes kernel: pci 0000:00:1d.0:   bridge window [mem 0x70000000-0x710fffff]
2026-07-17T12:45:21.581476+00:00 tilloGPT-hermes kernel: pci 0000:00:1d.0:   bridge window [mem 0x383fc0000000-0x383fd20fffff 64bit pref]
2026-07-17T12:45:21.581477+00:00 tilloGPT-hermes kernel: pci_bus 0000:00: resource 4 [io  0x0000-0x0cf7 window]
2026-07-17T12:45:21.581478+00:00 tilloGPT-hermes kernel: pci_bus 0000:00: resource 5 [io  0x1000-0x47ff window]
2026-07-17T12:45:21.581479+00:00 tilloGPT-hermes kernel: pci_bus 0000:00: resource 6 [mem 0x000c4000-0x000c7fff window]
2026-07-17T12:45:21.581556+00:00 tilloGPT-hermes kernel: pci_bus 0000:00: resource 7 [mem 0xfd000000-0xfe7fffff window]
2026-07-17T12:45:21.581559+00:00 tilloGPT-hermes kernel: pci_bus 0000:00: resource 8 [mem 0x70000000-0x733fffff window]
2026-07-17T12:45:21.581560+00:00 tilloGPT-hermes kernel: pci_bus 0000:00: resource 9 [mem 0x380000000000-0x383fffffffff window]
2026-07-17T12:45:21.581560+00:00 tilloGPT-hermes kernel: pci_bus 0000:02: resource 1 [mem 0x73200000-0x732fffff]
2026-07-17T12:45:21.581561+00:00 tilloGPT-hermes kernel: pci_bus 0000:03: resource 0 [io  0x3000-0x3fff]
2026-07-17T12:45:21.581562+00:00 tilloGPT-hermes kernel: pci_bus 0000:03: resource 1 [mem 0x72000000-0x730fffff]
2026-07-17T12:45:21.581563+00:00 tilloGPT-hermes kernel: pci_bus 0000:03: resource 2 [mem 0x383fe0000000-0x383ff20fffff 64bit pref]
2026-07-17T12:45:21.581564+00:00 tilloGPT-hermes kernel: pci_bus 0000:05: resource 1 [mem 0x73100000-0x731fffff]
2026-07-17T12:45:21.581566+00:00 tilloGPT-hermes kernel: pci_bus 0000:06: resource 0 [io  0x2000-0x2fff]
2026-07-17T12:45:21.581569+00:00 tilloGPT-hermes kernel: pci_bus 0000:06: resource 1 [mem 0x70000000-0x710fffff]
2026-07-17T12:45:21.581570+00:00 tilloGPT-hermes kernel: pci_bus 0000:06: resource 2 [mem 0x383fc0000000-0x383fd20fffff 64bit pref]
2026-07-17T12:45:21.581571+00:00 tilloGPT-hermes kernel: pci 0000:16:00.0: PCI bridge to [bus 17]
2026-07-17T12:45:21.581572+00:00 tilloGPT-hermes kernel: pci 0000:16:00.0:   bridge window [io  0x7000-0x7fff]
2026-07-17T12:45:21.581572+00:00 tilloGPT-hermes kernel: pci 0000:16:00.0:   bridge window [mem 0x8e000000-0x8f0fffff]
2026-07-17T12:45:21.581573+00:00 tilloGPT-hermes kernel: pci 0000:16:00.0:   bridge window [mem 0x387fe0000000-0x387ff1ffffff 64bit pref]
2026-07-17T12:45:21.581581+00:00 tilloGPT-hermes kernel: pci_bus 0000:16: resource 4 [mem 0x000a0000-0x000bffff window]
2026-07-17T12:45:21.581590+00:00 tilloGPT-hermes kernel: pci_bus 0000:16: resource 5 [io  0x4800-0x7fff window]
2026-07-17T12:45:21.581592+00:00 tilloGPT-hermes kernel: pci_bus 0000:16: resource 6 [io  0x03b0-0x03bb window]
2026-07-17T12:45:21.581593+00:00 tilloGPT-hermes kernel: pci_bus 0000:16: resource 7 [io  0x03c0-0x03df window]
2026-07-17T12:45:21.581594+00:00 tilloGPT-hermes kernel: pci_bus 0000:16: resource 8 [mem 0x73400000-0x8f7fffff window]
2026-07-17T12:45:21.581594+00:00 tilloGPT-hermes kernel: pci_bus 0000:16: resource 9 [mem 0x384000000000-0x387fffffffff window]
2026-07-17T12:45:21.581596+00:00 tilloGPT-hermes kernel: pci_bus 0000:17: resource 0 [io  0x7000-0x7fff]
2026-07-17T12:45:21.581598+00:00 tilloGPT-hermes kernel: pci_bus 0000:17: resource 1 [mem 0x8e000000-0x8f0fffff]
2026-07-17T12:45:21.581599+00:00 tilloGPT-hermes kernel: pci_bus 0000:17: resource 2 [mem 0x387fe0000000-0x387ff1ffffff 64bit pref]
2026-07-17T12:45:21.581600+00:00 tilloGPT-hermes kernel: pci 0000:64:00.0: PCI bridge to [bus 65]
2026-07-17T12:45:21.581602+00:00 tilloGPT-hermes kernel: pci 0000:64:00.0:   bridge window [io  0xb000-0xbfff]
2026-07-17T12:45:21.581603+00:00 tilloGPT-hermes kernel: pci 0000:64:00.0:   bridge window [mem 0x92000000-0x930fffff]
2026-07-17T12:45:21.581606+00:00 tilloGPT-hermes kernel: pci 0000:64:00.0:   bridge window [mem 0x38bfe0000000-0x38bff1ffffff 64bit pref]
2026-07-17T12:45:21.581607+00:00 tilloGPT-hermes kernel: pci 0000:64:02.0: PCI bridge to [bus 66]
2026-07-17T12:45:21.581608+00:00 tilloGPT-hermes kernel: pci 0000:64:02.0:   bridge window [io  0xa000-0xafff]
2026-07-17T12:45:21.581609+00:00 tilloGPT-hermes kernel: pci 0000:64:02.0:   bridge window [mem 0x90000000-0x910fffff]
2026-07-17T12:45:21.581610+00:00 tilloGPT-hermes kernel: pci 0000:64:02.0:   bridge window [mem 0x38bfc0000000-0x38bfd1ffffff 64bit pref]
2026-07-17T12:45:21.581611+00:00 tilloGPT-hermes kernel: pci_bus 0000:64: resource 4 [io  0x8000-0xbfff window]
2026-07-17T12:45:21.581611+00:00 tilloGPT-hermes kernel: pci_bus 0000:64: resource 5 [mem 0x8f800000-0x937fffff window]
2026-07-17T12:45:21.581619+00:00 tilloGPT-hermes kernel: pci_bus 0000:64: resource 6 [mem 0x388000000000-0x38bfffffffff window]
2026-07-17T12:45:21.581627+00:00 tilloGPT-hermes kernel: pci_bus 0000:65: resource 0 [io  0xb000-0xbfff]
2026-07-17T12:45:21.581628+00:00 tilloGPT-hermes kernel: pci_bus 0000:65: resource 1 [mem 0x92000000-0x930fffff]
2026-07-17T12:45:21.581629+00:00 tilloGPT-hermes kernel: pci_bus 0000:65: resource 2 [mem 0x38bfe0000000-0x38bff1ffffff 64bit pref]
2026-07-17T12:45:21.581630+00:00 tilloGPT-hermes kernel: pci_bus 0000:66: resource 0 [io  0xa000-0xafff]
2026-07-17T12:45:21.581631+00:00 tilloGPT-hermes kernel: pci_bus 0000:66: resource 1 [mem 0x90000000-0x910fffff]
2026-07-17T12:45:21.581639+00:00 tilloGPT-hermes kernel: pci_bus 0000:66: resource 2 [mem 0x38bfc0000000-0x38bfd1ffffff 64bit pref]
2026-07-17T12:45:21.581640+00:00 tilloGPT-hermes kernel: pci 0000:b2:00.0: PCI bridge to [bus b3]
2026-07-17T12:45:21.581641+00:00 tilloGPT-hermes kernel: pci 0000:b2:00.0:   bridge window [io  0xf000-0xffff]
2026-07-17T12:45:21.581642+00:00 tilloGPT-hermes kernel: pci 0000:b2:00.0:   bridge window [mem 0xfa000000-0xfb0fffff]
2026-07-17T12:45:21.581642+00:00 tilloGPT-hermes kernel: pci 0000:b2:00.0:   bridge window [mem 0x38ffc0000000-0x38ffd20fffff 64bit pref]
2026-07-17T12:45:21.581643+00:00 tilloGPT-hermes kernel: pci 0000:b2:02.0: PCI bridge to [bus b4]
2026-07-17T12:45:21.581644+00:00 tilloGPT-hermes kernel: pci 0000:b2:02.0:   bridge window [io  0xe000-0xefff]
2026-07-17T12:45:21.581646+00:00 tilloGPT-hermes kernel: pci 0000:b2:02.0:   bridge window [mem 0xf8000000-0xf90fffff]
2026-07-17T12:45:21.581647+00:00 tilloGPT-hermes kernel: pci 0000:b2:02.0:   bridge window [mem 0x38ffe0000000-0x38fff1ffffff 64bit pref]
2026-07-17T12:45:21.581647+00:00 tilloGPT-hermes kernel: pci_bus 0000:b2: resource 4 [io  0xc000-0xffff window]
2026-07-17T12:45:21.581650+00:00 tilloGPT-hermes kernel: pci_bus 0000:b2: resource 5 [mem 0x93800000-0xfbffffff window]
2026-07-17T12:45:21.581651+00:00 tilloGPT-hermes kernel: pci_bus 0000:b2: resource 6 [mem 0x38c000000000-0x38ffffffffff window]
2026-07-17T12:45:21.581652+00:00 tilloGPT-hermes kernel: pci_bus 0000:b3: resource 0 [io  0xf000-0xffff]
2026-07-17T12:45:21.581653+00:00 tilloGPT-hermes kernel: pci_bus 0000:b3: resource 1 [mem 0xfa000000-0xfb0fffff]
2026-07-17T12:45:21.581653+00:00 tilloGPT-hermes kernel: pci_bus 0000:b3: resource 2 [mem 0x38ffc0000000-0x38ffd20fffff 64bit pref]
2026-07-17T12:45:21.581654+00:00 tilloGPT-hermes kernel: pci_bus 0000:b4: resource 0 [io  0xe000-0xefff]
2026-07-17T12:45:21.581655+00:00 tilloGPT-hermes kernel: pci_bus 0000:b4: resource 1 [mem 0xf8000000-0xf90fffff]
2026-07-17T12:45:21.581656+00:00 tilloGPT-hermes kernel: pci_bus 0000:b4: resource 2 [mem 0x38ffe0000000-0x38fff1ffffff 64bit pref]
2026-07-17T12:45:21.581663+00:00 tilloGPT-hermes kernel: pci 0000:02:00.0: PME# does not work under D0, disabling it
2026-07-17T12:45:21.581670+00:00 tilloGPT-hermes kernel: pci 0000:03:00.1: extending delay after power-on from D3hot to 20 msec
2026-07-17T12:45:21.581671+00:00 tilloGPT-hermes kernel: pci 0000:03:00.1: D0 power state depends on 0000:03:00.0
2026-07-17T12:45:21.581673+00:00 tilloGPT-hermes kernel: pci 0000:03:00.2: D0 power state depends on 0000:03:00.0
2026-07-17T12:45:21.581675+00:00 tilloGPT-hermes kernel: pci 0000:03:00.3: D0 power state depends on 0000:03:00.0
2026-07-17T12:45:21.581676+00:00 tilloGPT-hermes kernel: pci 0000:06:00.1: extending delay after power-on from D3hot to 20 msec
2026-07-17T12:45:21.581677+00:00 tilloGPT-hermes kernel: pci 0000:06:00.1: D0 power state depends on 0000:06:00.0
2026-07-17T12:45:21.581684+00:00 tilloGPT-hermes kernel: pci 0000:06:00.2: D0 power state depends on 0000:06:00.0
2026-07-17T12:45:21.581685+00:00 tilloGPT-hermes kernel: pci 0000:06:00.3: D0 power state depends on 0000:06:00.0
2026-07-17T12:45:21.581688+00:00 tilloGPT-hermes kernel: pci 0000:16:05.0: disabled boot interrupts on device [8086:2034]
2026-07-17T12:45:21.581690+00:00 tilloGPT-hermes kernel: pci 0000:17:00.0: CLS mismatch (64 != 32), using 64 bytes
2026-07-17T12:45:21.581691+00:00 tilloGPT-hermes kernel: pci 0000:17:00.1: extending delay after power-on from D3hot to 20 msec
2026-07-17T12:45:21.581692+00:00 tilloGPT-hermes kernel: pci 0000:17:00.1: D0 power state depends on 0000:17:00.0
2026-07-17T12:45:21.581700+00:00 tilloGPT-hermes kernel: pci 0000:64:05.0: disabled boot interrupts on device [8086:2034]
2026-07-17T12:45:21.581700+00:00 tilloGPT-hermes kernel: pci 0000:65:00.1: extending delay after power-on from D3hot to 20 msec
2026-07-17T12:45:21.581702+00:00 tilloGPT-hermes kernel: pci 0000:65:00.1: D0 power state depends on 0000:65:00.0
2026-07-17T12:45:21.581704+00:00 tilloGPT-hermes kernel: pci 0000:66:00.1: extending delay after power-on from D3hot to 20 msec
2026-07-17T12:45:21.581705+00:00 tilloGPT-hermes kernel: pci 0000:66:00.1: D0 power state depends on 0000:66:00.0
2026-07-17T12:45:21.581706+00:00 tilloGPT-hermes kernel: pci 0000:b2:05.0: disabled boot interrupts on device [8086:2034]
2026-07-17T12:45:21.581713+00:00 tilloGPT-hermes kernel: pci 0000:b3:00.1: extending delay after power-on from D3hot to 20 msec
2026-07-17T12:45:21.581713+00:00 tilloGPT-hermes kernel: pci 0000:b3:00.1: D0 power state depends on 0000:b3:00.0
2026-07-17T12:45:21.581722+00:00 tilloGPT-hermes kernel: pci 0000:b3:00.2: D0 power state depends on 0000:b3:00.0
2026-07-17T12:45:21.581724+00:00 tilloGPT-hermes kernel: pci 0000:b3:00.3: D0 power state depends on 0000:b3:00.0
2026-07-17T12:45:21.581725+00:00 tilloGPT-hermes kernel: pci 0000:b4:00.1: extending delay after power-on from D3hot to 20 msec
2026-07-17T12:45:21.581726+00:00 tilloGPT-hermes kernel: pci 0000:b4:00.1: D0 power state depends on 0000:b4:00.0
2026-07-17T12:45:21.581728+00:00 tilloGPT-hermes kernel: pci 0000:00:1f.1: [8086:a2a0] type 00 class 0x058000 conventional PCI endpoint
2026-07-17T12:45:21.581729+00:00 tilloGPT-hermes kernel: pci 0000:00:1f.1: BAR 0 [mem 0xfd000000-0xfdffffff 64bit]
2026-07-17T12:45:21.581738+00:00 tilloGPT-hermes kernel: PCI-DMA: Using software bounce buffering for IO (SWIOTLB)
2026-07-17T12:45:21.581740+00:00 tilloGPT-hermes kernel: software IO TLB: mapped [mem 0x00000000416c5000-0x00000000456c5000] (64MB)
2026-07-17T12:45:21.581741+00:00 tilloGPT-hermes kernel: Trying to unpack rootfs image as initramfs...
2026-07-17T12:45:21.581750+00:00 tilloGPT-hermes kernel: platform rtc_cmos: registered platform RTC device (no PNP device found)
2026-07-17T12:45:21.581751+00:00 tilloGPT-hermes kernel: Initialise system trusted keyrings
2026-07-17T12:45:21.581752+00:00 tilloGPT-hermes kernel: Key type blacklist registered
2026-07-17T12:45:21.581753+00:00 tilloGPT-hermes kernel: workingset: timestamp_bits=36 max_order=23 bucket_order=0
2026-07-17T12:45:21.581754+00:00 tilloGPT-hermes kernel: zbud: loaded
2026-07-17T12:45:21.581756+00:00 tilloGPT-hermes kernel: squashfs: version 4.0 (2009/01/31) Phillip Lougher
2026-07-17T12:45:21.581757+00:00 tilloGPT-hermes kernel: fuse: init (API version 7.39)
2026-07-17T12:45:21.581758+00:00 tilloGPT-hermes kernel: integrity: Platform Keyring initialized
2026-07-17T12:45:21.581765+00:00 tilloGPT-hermes kernel: integrity: Machine keyring initialized
2026-07-17T12:45:21.581773+00:00 tilloGPT-hermes kernel: Key type asymmetric registered
2026-07-17T12:45:21.581774+00:00 tilloGPT-hermes kernel: Asymmetric key parser 'x509' registered
2026-07-17T12:45:21.581775+00:00 tilloGPT-hermes kernel: Block layer SCSI generic (bsg) driver version 0.4 loaded (major 243)
2026-07-17T12:45:21.581776+00:00 tilloGPT-hermes kernel: io scheduler mq-deadline registered
2026-07-17T12:45:21.581777+00:00 tilloGPT-hermes kernel: pcieport 0000:00:1b.0: PME: Signaling with IRQ 25
2026-07-17T12:45:21.581785+00:00 tilloGPT-hermes kernel: pcieport 0000:00:1b.2: PME: Signaling with IRQ 26
2026-07-17T12:45:21.581787+00:00 tilloGPT-hermes kernel: pcieport 0000:00:1b.4: PME: Signaling with IRQ 27
2026-07-17T12:45:21.581788+00:00 tilloGPT-hermes kernel: pcieport 0000:00:1c.0: PME: Signaling with IRQ 28
2026-07-17T12:45:21.581791+00:00 tilloGPT-hermes kernel: pcieport 0000:00:1c.4: PME: Signaling with IRQ 29
2026-07-17T12:45:21.581870+00:00 tilloGPT-hermes kernel: pcieport 0000:00:1d.0: PME: Signaling with IRQ 30
2026-07-17T12:45:21.581873+00:00 tilloGPT-hermes kernel: pcieport 0000:16:00.0: PME: Signaling with IRQ 32
2026-07-17T12:45:21.581873+00:00 tilloGPT-hermes kernel: pcieport 0000:64:00.0: PME: Signaling with IRQ 34
2026-07-17T12:45:21.581874+00:00 tilloGPT-hermes kernel: pcieport 0000:64:02.0: PME: Signaling with IRQ 35
2026-07-17T12:45:21.581883+00:00 tilloGPT-hermes kernel: pcieport 0000:b2:00.0: PME: Signaling with IRQ 36
2026-07-17T12:45:21.581888+00:00 tilloGPT-hermes kernel: pcieport 0000:b2:02.0: PME: Signaling with IRQ 37
2026-07-17T12:45:21.581889+00:00 tilloGPT-hermes kernel: shpchp: Standard Hot Plug PCI Controller Driver version: 0.4
2026-07-17T12:45:21.581890+00:00 tilloGPT-hermes kernel: Monitor-Mwait will be used to enter C-1 state
2026-07-17T12:45:21.581891+00:00 tilloGPT-hermes kernel: Monitor-Mwait will be used to enter C-2 state
2026-07-17T12:45:21.581892+00:00 tilloGPT-hermes kernel: ACPI: \_SB_.SCK0.CP00: Found 2 idle states
2026-07-17T12:45:21.581893+00:00 tilloGPT-hermes kernel: input: Sleep Button as /devices/LNXSYSTM:00/LNXSYBUS:00/PNP0C0E:00/input/input0
2026-07-17T12:45:21.581894+00:00 tilloGPT-hermes kernel: ACPI: button: Sleep Button [SLPB]
2026-07-17T12:45:21.581894+00:00 tilloGPT-hermes kernel: input: Power Button as /devices/LNXSYSTM:00/LNXPWRBN:00/input/input1
2026-07-17T12:45:21.581895+00:00 tilloGPT-hermes kernel: ACPI: button: Power Button [PWRF]
2026-07-17T12:45:21.581903+00:00 tilloGPT-hermes kernel: Serial: 8250/16550 driver, 32 ports, IRQ sharing enabled
2026-07-17T12:45:21.581905+00:00 tilloGPT-hermes kernel: serial8250: ttyS0 at I/O 0x3f8 (irq = 4, base_baud = 115200) is a 16550A
2026-07-17T12:45:21.581907+00:00 tilloGPT-hermes kernel: serial8250: ttyS1 at I/O 0x2f8 (irq = 3, base_baud = 115200) is a 16550A
2026-07-17T12:45:21.581907+00:00 tilloGPT-hermes kernel: Linux agpgart interface v0.103
2026-07-17T12:45:21.581908+00:00 tilloGPT-hermes kernel: loop: module loaded
2026-07-17T12:45:21.581910+00:00 tilloGPT-hermes kernel: ACPI: bus type drm_connector registered
2026-07-17T12:45:21.581911+00:00 tilloGPT-hermes kernel: tun: Universal TUN/TAP device driver, 1.6
2026-07-17T12:45:21.581912+00:00 tilloGPT-hermes kernel: PPP generic driver version 2.4.2
2026-07-17T12:45:21.581913+00:00 tilloGPT-hermes kernel: i8042: PNP: No PS/2 controller found.
2026-07-17T12:45:21.581919+00:00 tilloGPT-hermes kernel: mousedev: PS/2 mouse device common for all mice
2026-07-17T12:45:21.581920+00:00 tilloGPT-hermes kernel: rtc_cmos rtc_cmos: RTC can wake from S4
2026-07-17T12:45:21.581922+00:00 tilloGPT-hermes kernel: rtc_cmos rtc_cmos: registered as rtc0
2026-07-17T12:45:21.581925+00:00 tilloGPT-hermes kernel: rtc_cmos rtc_cmos: setting system clock to 2026-07-17T12:45:01 UTC (1784292301)
2026-07-17T12:45:21.581926+00:00 tilloGPT-hermes kernel: rtc_cmos rtc_cmos: alarms up to one month, y3k, 114 bytes nvram
2026-07-17T12:45:21.581927+00:00 tilloGPT-hermes kernel: i2c_dev: i2c /dev entries driver
2026-07-17T12:45:21.581935+00:00 tilloGPT-hermes kernel: Freeing initrd memory: 74752K
2026-07-17T12:45:21.581946+00:00 tilloGPT-hermes kernel: device-mapper: core: CONFIG_IMA_DISABLE_HTABLE is disabled. Duplicate IMA measurements will not be recorded in the IMA log.
2026-07-17T12:45:21.581948+00:00 tilloGPT-hermes kernel: device-mapper: uevent: version 1.0.3
2026-07-17T12:45:21.581949+00:00 tilloGPT-hermes kernel: device-mapper: ioctl: 4.48.0-ioctl (2023-03-01) initialised: dm-devel@redhat.com
2026-07-17T12:45:21.581951+00:00 tilloGPT-hermes kernel: intel_pstate: HWP enabled by BIOS
2026-07-17T12:45:21.581952+00:00 tilloGPT-hermes kernel: intel_pstate: Intel P-state driver initializing
2026-07-17T12:45:21.581955+00:00 tilloGPT-hermes kernel: intel_pstate: HWP enabled
2026-07-17T12:45:21.581967+00:00 tilloGPT-hermes kernel: ledtrig-cpu: registered to indicate activity on CPUs
2026-07-17T12:45:21.581976+00:00 tilloGPT-hermes kernel: [drm] Initialized simpledrm 1.0.0 20200625 for simple-framebuffer.0 on minor 0
2026-07-17T12:45:21.581977+00:00 tilloGPT-hermes kernel: Console: switching to colour frame buffer device 240x67
2026-07-17T12:45:21.581978+00:00 tilloGPT-hermes kernel: simple-framebuffer simple-framebuffer.0: [drm] fb0: simpledrmdrmfb frame buffer device
2026-07-17T12:45:21.581979+00:00 tilloGPT-hermes kernel: drop_monitor: Initializing network drop monitor service
2026-07-17T12:45:21.581981+00:00 tilloGPT-hermes kernel: NET: Registered PF_INET6 protocol family
2026-07-17T12:45:21.581982+00:00 tilloGPT-hermes kernel: Segment Routing with IPv6
2026-07-17T12:45:21.581982+00:00 tilloGPT-hermes kernel: In-situ OAM (IOAM) with IPv6
2026-07-17T12:45:21.581983+00:00 tilloGPT-hermes kernel: NET: Registered PF_PACKET protocol family
2026-07-17T12:45:21.581990+00:00 tilloGPT-hermes kernel: Key type dns_resolver registered
2026-07-17T12:45:21.581998+00:00 tilloGPT-hermes kernel: microcode: Current revision: 0x05003901
2026-07-17T12:45:21.581999+00:00 tilloGPT-hermes kernel: microcode: Updated early from: 0x05003302
2026-07-17T12:45:21.582001+00:00 tilloGPT-hermes kernel: resctrl: MB allocation detected
2026-07-17T12:45:21.582002+00:00 tilloGPT-hermes kernel: resctrl: L3 monitoring detected
2026-07-17T12:45:21.582010+00:00 tilloGPT-hermes kernel: IPI shorthand broadcast: enabled
2026-07-17T12:45:21.582013+00:00 tilloGPT-hermes kernel: sched_clock: Marking stable (502000626, 1211020)->(518276917, -15065271)
2026-07-17T12:45:21.582014+00:00 tilloGPT-hermes kernel: registered taskstats version 1
2026-07-17T12:45:21.582016+00:00 tilloGPT-hermes kernel: Loading compiled-in X.509 certificates
2026-07-17T12:45:21.582017+00:00 tilloGPT-hermes kernel: Loaded X.509 cert 'Build time autogenerated kernel key: eea4a9707394bf26b4f59ee0ef16383ba94b4361'
2026-07-17T12:45:21.582025+00:00 tilloGPT-hermes kernel: Loaded X.509 cert 'Canonical Ltd. Live Patch Signing 2025 Kmod: d541cef61dc7e793b7eb7e899970a2eef0b5dc8c'
2026-07-17T12:45:21.582027+00:00 tilloGPT-hermes kernel: Loaded X.509 cert 'Canonical Ltd. Live Patch Signing: 14df34d1a87cf37625abec039ef2bf521249b969'
2026-07-17T12:45:21.582027+00:00 tilloGPT-hermes kernel: Loaded X.509 cert 'Canonical Ltd. Kernel Module Signing 2025 Kmod: 4627603d2357a2a3f81006370894c221175893e9'
2026-07-17T12:45:21.582028+00:00 tilloGPT-hermes kernel: Loaded X.509 cert 'Canonical Ltd. Kernel Module Signing: 88f752e560a1e0737e31163a466ad7b70a850c19'
2026-07-17T12:45:21.582037+00:00 tilloGPT-hermes kernel: blacklist: Loading compiled-in revocation X.509 certificates
2026-07-17T12:45:21.582045+00:00 tilloGPT-hermes kernel: Loaded X.509 cert 'Canonical Ltd. Secure Boot Signing: 61482aa2830d0ab2ad5af10b7250da9033ddcef0'
2026-07-17T12:45:21.582046+00:00 tilloGPT-hermes kernel: Loaded X.509 cert 'Canonical Ltd. Secure Boot Signing (2017): 242ade75ac4a15e50d50c84b0d45ff3eae707a03'
2026-07-17T12:45:21.582047+00:00 tilloGPT-hermes kernel: Loaded X.509 cert 'Canonical Ltd. Secure Boot Signing (ESM 2018): 365188c1d374d6b07c3c8f240f8ef722433d6a8b'
2026-07-17T12:45:21.582048+00:00 tilloGPT-hermes kernel: Loaded X.509 cert 'Canonical Ltd. Secure Boot Signing (2019): c0746fd6c5da3ae827864651ad66ae47fe24b3e8'
2026-07-17T12:45:21.582049+00:00 tilloGPT-hermes kernel: Loaded X.509 cert 'Canonical Ltd. Secure Boot Signing (2021 v1): a8d54bbb3825cfb94fa13c9f8a594a195c107b8d'
2026-07-17T12:45:21.582051+00:00 tilloGPT-hermes kernel: Loaded X.509 cert 'Canonical Ltd. Secure Boot Signing (2021 v2): 4cf046892d6fd3c9a5b03f98d845f90851dc6a8c'
2026-07-17T12:45:21.582053+00:00 tilloGPT-hermes kernel: Loaded X.509 cert 'Canonical Ltd. Secure Boot Signing (2021 v3): 100437bb6de6e469b581e61cd66bce3ef4ed53af'
2026-07-17T12:45:21.582054+00:00 tilloGPT-hermes kernel: Loaded X.509 cert 'Canonical Ltd. Secure Boot Signing (Ubuntu Core 2019): c1d57b8f6b743f23ee41f4f7ee292f06eecadfb9'
2026-07-17T12:45:21.582055+00:00 tilloGPT-hermes kernel: Key type .fscrypt registered
2026-07-17T12:45:21.582063+00:00 tilloGPT-hermes kernel: Key type fscrypt-provisioning registered
2026-07-17T12:45:21.582074+00:00 tilloGPT-hermes kernel: Key type trusted registered
2026-07-17T12:45:21.582076+00:00 tilloGPT-hermes kernel: cryptd: max_cpu_qlen set to 1000
2026-07-17T12:45:21.582076+00:00 tilloGPT-hermes kernel: AVX2 version of gcm_enc/dec engaged.
2026-07-17T12:45:21.582078+00:00 tilloGPT-hermes kernel: AES CTR mode by8 optimization enabled
2026-07-17T12:45:21.582079+00:00 tilloGPT-hermes kernel: Key type encrypted registered
2026-07-17T12:45:21.582079+00:00 tilloGPT-hermes kernel: AppArmor: AppArmor sha256 policy hashing enabled
2026-07-17T12:45:21.582093+00:00 tilloGPT-hermes kernel: integrity: Loading X.509 certificate: UEFI:db
2026-07-17T12:45:21.582095+00:00 tilloGPT-hermes kernel: integrity: Loaded X.509 cert 'Microsoft Corporation UEFI CA 2011: 13adbf4309bd82709c8cd54f316ed522988a1bd4'
2026-07-17T12:45:21.582097+00:00 tilloGPT-hermes kernel: integrity: Loading X.509 certificate: UEFI:db
2026-07-17T12:45:21.582098+00:00 tilloGPT-hermes kernel: integrity: Loaded X.509 cert 'Microsoft Windows Production PCA 2011: a92902398e16c49778cd90f99e4f9ae17c55af53'
2026-07-17T12:45:21.582099+00:00 tilloGPT-hermes kernel: integrity: Revoking X.509 certificate: UEFI:dbx
2026-07-17T12:45:21.582100+00:00 tilloGPT-hermes kernel: blacklist: Revoked X.509 cert 'Canonical Ltd. Secure Boot Signing: 61482aa2830d0ab2ad5af10b7250da9033ddcef0'
2026-07-17T12:45:21.582101+00:00 tilloGPT-hermes kernel: integrity: Revoking X.509 certificate: UEFI:dbx
2026-07-17T12:45:21.582102+00:00 tilloGPT-hermes kernel: blacklist: Revoked X.509 cert 'Debian Secure Boot Signer: 00a7468def'
2026-07-17T12:45:21.582109+00:00 tilloGPT-hermes kernel: blacklist: Duplicate blacklisted hash bin:47ff1b63b140b6fc04ed79131331e651da5b2e2f170f5daef4153dc2fbc532b1
2026-07-17T12:45:21.582116+00:00 tilloGPT-hermes kernel: blacklist: Duplicate blacklisted hash bin:5391c3a2fb112102a6aa1edc25ae77e19f5d6f09cd09eeb2509922bfcd5992ea
2026-07-17T12:45:21.582118+00:00 tilloGPT-hermes kernel: blacklist: Duplicate blacklisted hash bin:80b4d96931bf0d02fd91a61e19d14f1da452e66db2408ca8604d411f92659f0a
2026-07-17T12:45:21.582119+00:00 tilloGPT-hermes kernel: blacklist: Duplicate blacklisted hash bin:992d359aa7a5f789d268b94c11b9485a6b1ce64362b0edb4441ccc187c39647b
2026-07-17T12:45:21.582120+00:00 tilloGPT-hermes kernel: blacklist: Duplicate blacklisted hash bin:c452ab846073df5ace25cca64d6b7a09d906308a1a65eb5240e3c4ebcaa9cc0c
2026-07-17T12:45:21.582121+00:00 tilloGPT-hermes kernel: blacklist: Duplicate blacklisted hash bin:e051b788ecbaeda53046c70e6af6058f95222c046157b8c4c1b9c2cfc65f46e5
2026-07-17T12:45:21.582123+00:00 tilloGPT-hermes kernel: Loading compiled-in module X.509 certificates
2026-07-17T12:45:21.582124+00:00 tilloGPT-hermes kernel: Loaded X.509 cert 'Build time autogenerated kernel key: eea4a9707394bf26b4f59ee0ef16383ba94b4361'
2026-07-17T12:45:21.582125+00:00 tilloGPT-hermes kernel: ima: Allocated hash algorithm: sha256
2026-07-17T12:45:21.582126+00:00 tilloGPT-hermes kernel: ima: No architecture policies found
2026-07-17T12:45:21.582484+00:00 tilloGPT-hermes kernel: evm: Initialising EVM extended attributes:
2026-07-17T12:45:21.582493+00:00 tilloGPT-hermes kernel: evm: security.selinux
2026-07-17T12:45:21.582494+00:00 tilloGPT-hermes kernel: evm: security.SMACK64
2026-07-17T12:45:21.582495+00:00 tilloGPT-hermes kernel: evm: security.SMACK64EXEC
2026-07-17T12:45:21.582496+00:00 tilloGPT-hermes kernel: evm: security.SMACK64TRANSMUTE
2026-07-17T12:45:21.582497+00:00 tilloGPT-hermes kernel: evm: security.SMACK64MMAP
2026-07-17T12:45:21.582498+00:00 tilloGPT-hermes kernel: evm: security.apparmor
2026-07-17T12:45:21.582499+00:00 tilloGPT-hermes kernel: evm: security.ima
2026-07-17T12:45:21.582507+00:00 tilloGPT-hermes kernel: evm: security.capability
2026-07-17T12:45:21.582508+00:00 tilloGPT-hermes kernel: evm: HMAC attrs: 0x1
2026-07-17T12:45:21.582509+00:00 tilloGPT-hermes kernel: PM:   Magic number: 2:791:784
2026-07-17T12:45:21.582511+00:00 tilloGPT-hermes kernel: RAS: Correctable Errors collector initialized.
2026-07-17T12:45:21.582512+00:00 tilloGPT-hermes kernel: clk: Disabling unused clocks
2026-07-17T12:45:21.582596+00:00 tilloGPT-hermes kernel: Freeing unused decrypted memory: 2028K
2026-07-17T12:45:21.582599+00:00 tilloGPT-hermes kernel: Freeing unused kernel image (initmem) memory: 4932K
2026-07-17T12:45:21.582599+00:00 tilloGPT-hermes kernel: Write protecting the kernel read-only data: 38912k
2026-07-17T12:45:21.582600+00:00 tilloGPT-hermes kernel: Freeing unused kernel image (rodata/data gap) memory: 1956K
2026-07-17T12:45:21.582602+00:00 tilloGPT-hermes kernel: x86/mm: Checked W+X mappings: passed, no W+X pages found.
2026-07-17T12:45:21.582603+00:00 tilloGPT-hermes kernel: Run /init as init process
2026-07-17T12:45:21.582604+00:00 tilloGPT-hermes kernel:   with arguments:
2026-07-17T12:45:21.582605+00:00 tilloGPT-hermes kernel:     /init
2026-07-17T12:45:21.582612+00:00 tilloGPT-hermes kernel:   with environment:
2026-07-17T12:45:21.582615+00:00 tilloGPT-hermes kernel:     HOME=/
2026-07-17T12:45:21.582616+00:00 tilloGPT-hermes kernel:     TERM=linux
2026-07-17T12:45:21.582624+00:00 tilloGPT-hermes kernel: workqueue: drm_fb_helper_damage_work hogged CPU for >10000us 4 times, consider switching to WQ_UNBOUND
2026-07-17T12:45:21.582625+00:00 tilloGPT-hermes kernel: xhci_hcd 0000:00:14.0: xHCI Host Controller
2026-07-17T12:45:21.582632+00:00 tilloGPT-hermes kernel: xhci_hcd 0000:00:14.0: new USB bus registered, assigned bus number 1
2026-07-17T12:45:21.582633+00:00 tilloGPT-hermes kernel: xhci_hcd 0000:00:14.0: hcc params 0x200077c1 hci version 0x100 quirks 0x0000000000009810
2026-07-17T12:45:21.582634+00:00 tilloGPT-hermes kernel: xhci_hcd 0000:00:14.0: xHCI Host Controller
2026-07-17T12:45:21.582637+00:00 tilloGPT-hermes kernel: xhci_hcd 0000:00:14.0: new USB bus registered, assigned bus number 2
2026-07-17T12:45:21.582638+00:00 tilloGPT-hermes kernel: xhci_hcd 0000:00:14.0: Host supports USB 3.0 SuperSpeed
2026-07-17T12:45:21.582640+00:00 tilloGPT-hermes kernel: usb usb1: New USB device found, idVendor=1d6b, idProduct=0002, bcdDevice= 6.08
2026-07-17T12:45:21.582643+00:00 tilloGPT-hermes kernel: usb usb1: New USB device strings: Mfr=3, Product=2, SerialNumber=1
2026-07-17T12:45:21.582644+00:00 tilloGPT-hermes kernel: usb usb1: Product: xHCI Host Controller
2026-07-17T12:45:21.582644+00:00 tilloGPT-hermes kernel: usb usb1: Manufacturer: Linux 6.8.0-136-generic xhci-hcd
2026-07-17T12:45:21.582657+00:00 tilloGPT-hermes kernel: usb usb1: SerialNumber: 0000:00:14.0
2026-07-17T12:45:21.582658+00:00 tilloGPT-hermes kernel: e1000e: Intel(R) PRO/1000 Network Driver
2026-07-17T12:45:21.582660+00:00 tilloGPT-hermes kernel: e1000e: Copyright(c) 1999 - 2015 Intel Corporation.
2026-07-17T12:45:21.582661+00:00 tilloGPT-hermes kernel: ahci 0000:00:17.0: version 3.0
2026-07-17T12:45:21.582662+00:00 tilloGPT-hermes kernel: hub 1-0:1.0: USB hub found
2026-07-17T12:45:21.582662+00:00 tilloGPT-hermes kernel: hub 1-0:1.0: 16 ports detected
2026-07-17T12:45:21.582671+00:00 tilloGPT-hermes kernel: usb usb2: New USB device found, idVendor=1d6b, idProduct=0003, bcdDevice= 6.08
2026-07-17T12:45:21.582673+00:00 tilloGPT-hermes kernel: usb usb2: New USB device strings: Mfr=3, Product=2, SerialNumber=1
2026-07-17T12:45:21.582673+00:00 tilloGPT-hermes kernel: usb usb2: Product: xHCI Host Controller
2026-07-17T12:45:21.582674+00:00 tilloGPT-hermes kernel: usb usb2: Manufacturer: Linux 6.8.0-136-generic xhci-hcd
2026-07-17T12:45:21.582675+00:00 tilloGPT-hermes kernel: usb usb2: SerialNumber: 0000:00:14.0
2026-07-17T12:45:21.582675+00:00 tilloGPT-hermes kernel: hub 2-0:1.0: USB hub found
2026-07-17T12:45:21.582678+00:00 tilloGPT-hermes kernel: hub 2-0:1.0: 10 ports detected
2026-07-17T12:45:21.582679+00:00 tilloGPT-hermes kernel: workqueue: drm_fb_helper_damage_work hogged CPU for >10000us 8 times, consider switching to WQ_UNBOUND
2026-07-17T12:45:21.582680+00:00 tilloGPT-hermes kernel: ahci 0000:00:17.0: AHCI 0001.0301 32 slots 6 ports 6 Gbps 0x3f impl SATA mode
2026-07-17T12:45:21.582681+00:00 tilloGPT-hermes kernel: ahci 0000:00:17.0: flags: 64bit ncq sntf led clo only pio slum part ems deso sadm sds apst 
2026-07-17T12:45:21.582681+00:00 tilloGPT-hermes kernel: e1000e 0000:00:1f.6: enabling device (0000 -> 0002)
2026-07-17T12:45:21.582689+00:00 tilloGPT-hermes kernel: e1000e 0000:00:1f.6: Interrupt Throttling Rate (ints/sec) set to dynamic conservative mode
2026-07-17T12:45:21.582697+00:00 tilloGPT-hermes kernel: xhci_hcd 0000:02:00.0: xHCI Host Controller
2026-07-17T12:45:21.582698+00:00 tilloGPT-hermes kernel: xhci_hcd 0000:02:00.0: new USB bus registered, assigned bus number 3
2026-07-17T12:45:21.582700+00:00 tilloGPT-hermes kernel: xhci_hcd 0000:02:00.0: hcc params 0x0200ef80 hci version 0x110 quirks 0x0000000000800010
2026-07-17T12:45:21.582701+00:00 tilloGPT-hermes kernel: xhci_hcd 0000:02:00.0: xHCI Host Controller
2026-07-17T12:45:21.582702+00:00 tilloGPT-hermes kernel: xhci_hcd 0000:02:00.0: new USB bus registered, assigned bus number 4
2026-07-17T12:45:21.582702+00:00 tilloGPT-hermes kernel: xhci_hcd 0000:02:00.0: Host supports USB 3.1 Enhanced SuperSpeed
2026-07-17T12:45:21.582705+00:00 tilloGPT-hermes kernel: usb usb3: New USB device found, idVendor=1d6b, idProduct=0002, bcdDevice= 6.08
2026-07-17T12:45:21.582706+00:00 tilloGPT-hermes kernel: usb usb3: New USB device strings: Mfr=3, Product=2, SerialNumber=1
2026-07-17T12:45:21.582707+00:00 tilloGPT-hermes kernel: usb usb3: Product: xHCI Host Controller
2026-07-17T12:45:21.582708+00:00 tilloGPT-hermes kernel: usb usb3: Manufacturer: Linux 6.8.0-136-generic xhci-hcd
2026-07-17T12:45:21.582708+00:00 tilloGPT-hermes kernel: usb usb3: SerialNumber: 0000:02:00.0
2026-07-17T12:45:21.582709+00:00 tilloGPT-hermes kernel: hub 3-0:1.0: USB hub found
2026-07-17T12:45:21.582716+00:00 tilloGPT-hermes kernel: scsi host0: ahci
2026-07-17T12:45:21.582724+00:00 tilloGPT-hermes kernel: hub 3-0:1.0: 2 ports detected
2026-07-17T12:45:21.582725+00:00 tilloGPT-hermes kernel: scsi host1: ahci
2026-07-17T12:45:21.582733+00:00 tilloGPT-hermes kernel: scsi host2: ahci
2026-07-17T12:45:21.582734+00:00 tilloGPT-hermes kernel: usb usb4: We don't know the algorithms for LPM for this host, disabling LPM.
2026-07-17T12:45:21.582735+00:00 tilloGPT-hermes kernel: usb usb4: New USB device found, idVendor=1d6b, idProduct=0003, bcdDevice= 6.08
2026-07-17T12:45:21.582736+00:00 tilloGPT-hermes kernel: usb usb4: New USB device strings: Mfr=3, Product=2, SerialNumber=1
2026-07-17T12:45:21.582737+00:00 tilloGPT-hermes kernel: usb usb4: Product: xHCI Host Controller
2026-07-17T12:45:21.582738+00:00 tilloGPT-hermes kernel: usb usb4: Manufacturer: Linux 6.8.0-136-generic xhci-hcd
2026-07-17T12:45:21.582740+00:00 tilloGPT-hermes kernel: usb usb4: SerialNumber: 0000:02:00.0
2026-07-17T12:45:21.582740+00:00 tilloGPT-hermes kernel: scsi host3: ahci
2026-07-17T12:45:21.582742+00:00 tilloGPT-hermes kernel: hub 4-0:1.0: USB hub found
2026-07-17T12:45:21.582742+00:00 tilloGPT-hermes kernel: hub 4-0:1.0: 2 ports detected
2026-07-17T12:45:21.582756+00:00 tilloGPT-hermes kernel: scsi host4: ahci
2026-07-17T12:45:21.582758+00:00 tilloGPT-hermes kernel: usb: port power management may be unreliable
2026-07-17T12:45:21.582759+00:00 tilloGPT-hermes kernel: scsi host5: ahci
2026-07-17T12:45:21.582759+00:00 tilloGPT-hermes kernel: ata1: SATA max UDMA/133 abar m2048@0x73326000 port 0x73326100 irq 39 lpm-pol 0
2026-07-17T12:45:21.582760+00:00 tilloGPT-hermes kernel: ata2: SATA max UDMA/133 abar m2048@0x73326000 port 0x73326180 irq 39 lpm-pol 0
2026-07-17T12:45:21.582760+00:00 tilloGPT-hermes kernel: ata3: SATA max UDMA/133 abar m2048@0x73326000 port 0x73326200 irq 39 lpm-pol 0
2026-07-17T12:45:21.582767+00:00 tilloGPT-hermes kernel: ata4: SATA max UDMA/133 abar m2048@0x73326000 port 0x73326280 irq 39 lpm-pol 0
2026-07-17T12:45:21.582776+00:00 tilloGPT-hermes kernel: ata5: SATA max UDMA/133 abar m2048@0x73326000 port 0x73326300 irq 39 lpm-pol 0
2026-07-17T12:45:21.582778+00:00 tilloGPT-hermes kernel: ata6: SATA max UDMA/133 abar m2048@0x73326000 port 0x73326380 irq 39 lpm-pol 0
2026-07-17T12:45:21.582779+00:00 tilloGPT-hermes kernel: xhci_hcd 0000:03:00.2: xHCI Host Controller
2026-07-17T12:45:21.582780+00:00 tilloGPT-hermes kernel: xhci_hcd 0000:03:00.2: new USB bus registered, assigned bus number 5
2026-07-17T12:45:21.582781+00:00 tilloGPT-hermes kernel: xhci_hcd 0000:03:00.2: hcc params 0x0180ff05 hci version 0x110 quirks 0x0000000000000010
2026-07-17T12:45:21.582782+00:00 tilloGPT-hermes kernel: xhci_hcd 0000:03:00.2: xHCI Host Controller
2026-07-17T12:45:21.582783+00:00 tilloGPT-hermes kernel: xhci_hcd 0000:03:00.2: new USB bus registered, assigned bus number 6
2026-07-17T12:45:21.582785+00:00 tilloGPT-hermes kernel: xhci_hcd 0000:03:00.2: Host supports USB 3.1 Enhanced SuperSpeed
2026-07-17T12:45:21.582786+00:00 tilloGPT-hermes kernel: usb usb5: New USB device found, idVendor=1d6b, idProduct=0002, bcdDevice= 6.08
2026-07-17T12:45:21.582787+00:00 tilloGPT-hermes kernel: usb usb5: New USB device strings: Mfr=3, Product=2, SerialNumber=1
2026-07-17T12:45:21.582790+00:00 tilloGPT-hermes kernel: usb usb5: Product: xHCI Host Controller
2026-07-17T12:45:21.582791+00:00 tilloGPT-hermes kernel: usb usb5: Manufacturer: Linux 6.8.0-136-generic xhci-hcd
2026-07-17T12:45:21.582792+00:00 tilloGPT-hermes kernel: usb usb5: SerialNumber: 0000:03:00.2
2026-07-17T12:45:21.582793+00:00 tilloGPT-hermes kernel: hub 5-0:1.0: USB hub found
2026-07-17T12:45:21.582793+00:00 tilloGPT-hermes kernel: hub 5-0:1.0: 2 ports detected
2026-07-17T12:45:21.582794+00:00 tilloGPT-hermes kernel: usb usb6: We don't know the algorithms for LPM for this host, disabling LPM.
2026-07-17T12:45:21.582795+00:00 tilloGPT-hermes kernel: usb usb6: New USB device found, idVendor=1d6b, idProduct=0003, bcdDevice= 6.08
2026-07-17T12:45:21.582803+00:00 tilloGPT-hermes kernel: usb usb6: New USB device strings: Mfr=3, Product=2, SerialNumber=1
2026-07-17T12:45:21.582812+00:00 tilloGPT-hermes kernel: usb usb6: Product: xHCI Host Controller
2026-07-17T12:45:21.582813+00:00 tilloGPT-hermes kernel: usb usb6: Manufacturer: Linux 6.8.0-136-generic xhci-hcd
2026-07-17T12:45:21.582814+00:00 tilloGPT-hermes kernel: usb usb6: SerialNumber: 0000:03:00.2
2026-07-17T12:45:21.582815+00:00 tilloGPT-hermes kernel: hub 6-0:1.0: USB hub found
2026-07-17T12:45:21.582816+00:00 tilloGPT-hermes kernel: hub 6-0:1.0: 4 ports detected
2026-07-17T12:45:21.582816+00:00 tilloGPT-hermes kernel: xhci_hcd 0000:05:00.0: xHCI Host Controller
2026-07-17T12:45:21.582825+00:00 tilloGPT-hermes kernel: xhci_hcd 0000:05:00.0: new USB bus registered, assigned bus number 7
2026-07-17T12:45:21.582833+00:00 tilloGPT-hermes kernel: usb 1-4: new high-speed USB device number 2 using xhci_hcd
2026-07-17T12:45:21.582833+00:00 tilloGPT-hermes kernel: xhci_hcd 0000:05:00.0: hcc params 0x0200ef80 hci version 0x110 quirks 0x0000000000800010
2026-07-17T12:45:21.582835+00:00 tilloGPT-hermes kernel: workqueue: drm_fb_helper_damage_work hogged CPU for >10000us 16 times, consider switching to WQ_UNBOUND
2026-07-17T12:45:21.582835+00:00 tilloGPT-hermes kernel: xhci_hcd 0000:05:00.0: xHCI Host Controller
2026-07-17T12:45:21.582836+00:00 tilloGPT-hermes kernel: xhci_hcd 0000:05:00.0: new USB bus registered, assigned bus number 8
2026-07-17T12:45:21.582837+00:00 tilloGPT-hermes kernel: xhci_hcd 0000:05:00.0: Host supports USB 3.2 Enhanced SuperSpeed
2026-07-17T12:45:21.582840+00:00 tilloGPT-hermes kernel: usb usb7: New USB device found, idVendor=1d6b, idProduct=0002, bcdDevice= 6.08
2026-07-17T12:45:21.582841+00:00 tilloGPT-hermes kernel: usb usb7: New USB device strings: Mfr=3, Product=2, SerialNumber=1
2026-07-17T12:45:21.582842+00:00 tilloGPT-hermes kernel: usb usb7: Product: xHCI Host Controller
2026-07-17T12:45:21.582842+00:00 tilloGPT-hermes kernel: usb usb7: Manufacturer: Linux 6.8.0-136-generic xhci-hcd
2026-07-17T12:45:21.582843+00:00 tilloGPT-hermes kernel: usb usb7: SerialNumber: 0000:05:00.0
2026-07-17T12:45:21.582844+00:00 tilloGPT-hermes kernel: hub 7-0:1.0: USB hub found
2026-07-17T12:45:21.582844+00:00 tilloGPT-hermes kernel: hub 7-0:1.0: 1 port detected
2026-07-17T12:45:21.582852+00:00 tilloGPT-hermes kernel: usb usb8: We don't know the algorithms for LPM for this host, disabling LPM.
2026-07-17T12:45:21.582860+00:00 tilloGPT-hermes kernel: usb usb8: New USB device found, idVendor=1d6b, idProduct=0003, bcdDevice= 6.08
2026-07-17T12:45:21.582861+00:00 tilloGPT-hermes kernel: usb usb8: New USB device strings: Mfr=3, Product=2, SerialNumber=1
2026-07-17T12:45:21.582948+00:00 tilloGPT-hermes kernel: usb usb8: Product: xHCI Host Controller
2026-07-17T12:45:21.582951+00:00 tilloGPT-hermes kernel: usb usb8: Manufacturer: Linux 6.8.0-136-generic xhci-hcd
2026-07-17T12:45:21.582951+00:00 tilloGPT-hermes kernel: usb usb8: SerialNumber: 0000:05:00.0
2026-07-17T12:45:21.582952+00:00 tilloGPT-hermes kernel: hub 8-0:1.0: USB hub found
2026-07-17T12:45:21.582952+00:00 tilloGPT-hermes kernel: hub 8-0:1.0: 1 port detected
2026-07-17T12:45:21.582953+00:00 tilloGPT-hermes kernel: xhci_hcd 0000:06:00.2: xHCI Host Controller
2026-07-17T12:45:21.582954+00:00 tilloGPT-hermes kernel: xhci_hcd 0000:06:00.2: new USB bus registered, assigned bus number 9
2026-07-17T12:45:21.582955+00:00 tilloGPT-hermes kernel: xhci_hcd 0000:06:00.2: hcc params 0x0180ff05 hci version 0x110 quirks 0x0000000000000010
2026-07-17T12:45:21.582956+00:00 tilloGPT-hermes kernel: xhci_hcd 0000:06:00.2: xHCI Host Controller
2026-07-17T12:45:21.582956+00:00 tilloGPT-hermes kernel: xhci_hcd 0000:06:00.2: new USB bus registered, assigned bus number 10
2026-07-17T12:45:21.582957+00:00 tilloGPT-hermes kernel: xhci_hcd 0000:06:00.2: Host supports USB 3.1 Enhanced SuperSpeed
2026-07-17T12:45:21.582957+00:00 tilloGPT-hermes kernel: usb usb9: New USB device found, idVendor=1d6b, idProduct=0002, bcdDevice= 6.08
2026-07-17T12:45:21.582958+00:00 tilloGPT-hermes kernel: usb usb9: New USB device strings: Mfr=3, Product=2, SerialNumber=1
2026-07-17T12:45:21.582958+00:00 tilloGPT-hermes kernel: usb usb9: Product: xHCI Host Controller
2026-07-17T12:45:21.582959+00:00 tilloGPT-hermes kernel: usb usb9: Manufacturer: Linux 6.8.0-136-generic xhci-hcd
2026-07-17T12:45:21.582959+00:00 tilloGPT-hermes kernel: usb usb9: SerialNumber: 0000:06:00.2
2026-07-17T12:45:21.582960+00:00 tilloGPT-hermes kernel: hub 9-0:1.0: USB hub found
2026-07-17T12:45:21.582960+00:00 tilloGPT-hermes kernel: hub 9-0:1.0: 2 ports detected
2026-07-17T12:45:21.582960+00:00 tilloGPT-hermes kernel: usb usb10: We don't know the algorithms for LPM for this host, disabling LPM.
2026-07-17T12:45:21.582961+00:00 tilloGPT-hermes kernel: usb usb10: New USB device found, idVendor=1d6b, idProduct=0003, bcdDevice= 6.08
2026-07-17T12:45:21.582963+00:00 tilloGPT-hermes kernel: usb usb10: New USB device strings: Mfr=3, Product=2, SerialNumber=1
2026-07-17T12:45:21.582969+00:00 tilloGPT-hermes kernel: usb usb10: Product: xHCI Host Controller
2026-07-17T12:45:21.582969+00:00 tilloGPT-hermes kernel: usb usb10: Manufacturer: Linux 6.8.0-136-generic xhci-hcd
2026-07-17T12:45:21.582970+00:00 tilloGPT-hermes kernel: usb usb10: SerialNumber: 0000:06:00.2
2026-07-17T12:45:21.582970+00:00 tilloGPT-hermes kernel: hub 10-0:1.0: USB hub found
2026-07-17T12:45:21.582971+00:00 tilloGPT-hermes kernel: hub 10-0:1.0: 4 ports detected
2026-07-17T12:45:21.582971+00:00 tilloGPT-hermes kernel: xhci_hcd 0000:b3:00.2: xHCI Host Controller
2026-07-17T12:45:21.582972+00:00 tilloGPT-hermes kernel: xhci_hcd 0000:b3:00.2: new USB bus registered, assigned bus number 11
2026-07-17T12:45:21.582972+00:00 tilloGPT-hermes kernel: xhci_hcd 0000:b3:00.2: hcc params 0x0180ff05 hci version 0x110 quirks 0x0000000000000010
2026-07-17T12:45:21.582973+00:00 tilloGPT-hermes kernel: xhci_hcd 0000:b3:00.2: xHCI Host Controller
2026-07-17T12:45:21.582973+00:00 tilloGPT-hermes kernel: xhci_hcd 0000:b3:00.2: new USB bus registered, assigned bus number 12
2026-07-17T12:45:21.582973+00:00 tilloGPT-hermes kernel: xhci_hcd 0000:b3:00.2: Host supports USB 3.1 Enhanced SuperSpeed
2026-07-17T12:45:21.582974+00:00 tilloGPT-hermes kernel: usb usb11: New USB device found, idVendor=1d6b, idProduct=0002, bcdDevice= 6.08
2026-07-17T12:45:21.582974+00:00 tilloGPT-hermes kernel: usb usb11: New USB device strings: Mfr=3, Product=2, SerialNumber=1
2026-07-17T12:45:21.582974+00:00 tilloGPT-hermes kernel: usb usb11: Product: xHCI Host Controller
2026-07-17T12:45:21.582980+00:00 tilloGPT-hermes kernel: usb usb11: Manufacturer: Linux 6.8.0-136-generic xhci-hcd
2026-07-17T12:45:21.582981+00:00 tilloGPT-hermes kernel: usb usb11: SerialNumber: 0000:b3:00.2
2026-07-17T12:45:21.582982+00:00 tilloGPT-hermes kernel: hub 11-0:1.0: USB hub found
2026-07-17T12:45:21.582982+00:00 tilloGPT-hermes kernel: hub 11-0:1.0: 2 ports detected
2026-07-17T12:45:21.582983+00:00 tilloGPT-hermes kernel: usb usb12: We don't know the algorithms for LPM for this host, disabling LPM.
2026-07-17T12:45:21.582983+00:00 tilloGPT-hermes kernel: usb usb12: New USB device found, idVendor=1d6b, idProduct=0003, bcdDevice= 6.08
2026-07-17T12:45:21.582983+00:00 tilloGPT-hermes kernel: usb usb12: New USB device strings: Mfr=3, Product=2, SerialNumber=1
2026-07-17T12:45:21.582984+00:00 tilloGPT-hermes kernel: usb usb12: Product: xHCI Host Controller
2026-07-17T12:45:21.582984+00:00 tilloGPT-hermes kernel: usb usb12: Manufacturer: Linux 6.8.0-136-generic xhci-hcd
2026-07-17T12:45:21.582985+00:00 tilloGPT-hermes kernel: usb usb12: SerialNumber: 0000:b3:00.2
2026-07-17T12:45:21.582985+00:00 tilloGPT-hermes kernel: hub 12-0:1.0: USB hub found
2026-07-17T12:45:21.582985+00:00 tilloGPT-hermes kernel: hub 12-0:1.0: 4 ports detected
2026-07-17T12:45:21.582986+00:00 tilloGPT-hermes kernel: e1000e 0000:00:1f.6 0000:00:1f.6 (uninitialized): registered PHC clock
2026-07-17T12:45:21.582986+00:00 tilloGPT-hermes kernel: ata6: SATA link up 6.0 Gbps (SStatus 133 SControl 300)
2026-07-17T12:45:21.582986+00:00 tilloGPT-hermes kernel: ata4: SATA link down (SStatus 4 SControl 300)
2026-07-17T12:45:21.582993+00:00 tilloGPT-hermes kernel: ata3: SATA link up 6.0 Gbps (SStatus 133 SControl 300)
2026-07-17T12:45:21.582993+00:00 tilloGPT-hermes kernel: ata1: SATA link down (SStatus 4 SControl 300)
2026-07-17T12:45:21.582994+00:00 tilloGPT-hermes kernel: ata5: SATA link up 3.0 Gbps (SStatus 123 SControl 300)
2026-07-17T12:45:21.582994+00:00 tilloGPT-hermes kernel: ata3.00: ATA-11: PNY CS900 120GB SSD, CS900615, max UDMA/133
2026-07-17T12:45:21.582995+00:00 tilloGPT-hermes kernel: ata2: SATA link down (SStatus 4 SControl 300)
2026-07-17T12:45:21.582995+00:00 tilloGPT-hermes kernel: ata3.00: 234441648 sectors, multi 16: LBA48 NCQ (depth 32), AA
2026-07-17T12:45:21.582996+00:00 tilloGPT-hermes kernel: ata3.00: configured for UDMA/133
2026-07-17T12:45:21.582996+00:00 tilloGPT-hermes kernel: scsi 2:0:0:0: Direct-Access     ATA      PNY CS900 120GB  0615 PQ: 0 ANSI: 5
2026-07-17T12:45:21.582996+00:00 tilloGPT-hermes kernel: sd 2:0:0:0: Attached scsi generic sg0 type 0
2026-07-17T12:45:21.582997+00:00 tilloGPT-hermes kernel: sd 2:0:0:0: [sda] 234441648 512-byte logical blocks: (120 GB/112 GiB)
2026-07-17T12:45:21.582997+00:00 tilloGPT-hermes kernel: sd 2:0:0:0: [sda] Write Protect is off
2026-07-17T12:45:21.582997+00:00 tilloGPT-hermes kernel: sd 2:0:0:0: [sda] Mode Sense: 00 3a 00 00
2026-07-17T12:45:21.582997+00:00 tilloGPT-hermes kernel: sd 2:0:0:0: [sda] Write cache: enabled, read cache: enabled, doesn't support DPO or FUA
2026-07-17T12:45:21.582998+00:00 tilloGPT-hermes kernel: ata6.00: ATA-8: OCZ-AGILITY3, 2.22, max UDMA/133
2026-07-17T12:45:21.582998+00:00 tilloGPT-hermes kernel: sd 2:0:0:0: [sda] Preferred minimum I/O size 512 bytes
2026-07-17T12:45:21.582999+00:00 tilloGPT-hermes kernel: ata6.00: 234441648 sectors, multi 16: LBA48 NCQ (depth 32), AA
2026-07-17T12:45:21.583005+00:00 tilloGPT-hermes kernel:  sda: sda1 sda2 sda3 sda4
2026-07-17T12:45:21.583006+00:00 tilloGPT-hermes kernel: sd 2:0:0:0: [sda] Attached SCSI disk
2026-07-17T12:45:21.583006+00:00 tilloGPT-hermes kernel: e1000e 0000:00:1f.6 eth0: (PCI Express:2.5GT/s:Width x1) 2c:f0:5d:56:08:bc
2026-07-17T12:45:21.583007+00:00 tilloGPT-hermes kernel: e1000e 0000:00:1f.6 eth0: Intel(R) PRO/1000 Network Connection
2026-07-17T12:45:21.583007+00:00 tilloGPT-hermes kernel: e1000e 0000:00:1f.6 eth0: MAC: 12, PHY: 12, PBA No: FFFFFF-0FF
2026-07-17T12:45:21.583008+00:00 tilloGPT-hermes kernel: ata6.00: configured for UDMA/133
2026-07-17T12:45:21.583008+00:00 tilloGPT-hermes kernel: tsc: Refined TSC clocksource calibration: 3695.999 MHz
2026-07-17T12:45:21.583009+00:00 tilloGPT-hermes kernel: clocksource: tsc: mask: 0xffffffffffffffff max_cycles: 0x6a8d2284b57, max_idle_ns: 881590451434 ns
2026-07-17T12:45:21.583009+00:00 tilloGPT-hermes kernel: clocksource: Switched to clocksource tsc
2026-07-17T12:45:21.583010+00:00 tilloGPT-hermes kernel: usb 8-1: new SuperSpeed USB device number 2 using xhci_hcd
2026-07-17T12:45:21.583010+00:00 tilloGPT-hermes kernel: usb 8-1: New USB device found, idVendor=0bda, idProduct=9220, bcdDevice=21.59
2026-07-17T12:45:21.583010+00:00 tilloGPT-hermes kernel: usb 8-1: New USB device strings: Mfr=1, Product=2, SerialNumber=3
2026-07-17T12:45:21.583010+00:00 tilloGPT-hermes kernel: usb 8-1: Product: Ugreen Storage Device
2026-07-17T12:45:21.583011+00:00 tilloGPT-hermes kernel: usb 8-1: Manufacturer: Ugreen
2026-07-17T12:45:21.583011+00:00 tilloGPT-hermes kernel: usb 8-1: SerialNumber: 133890720300
2026-07-17T12:45:21.583011+00:00 tilloGPT-hermes kernel: ata5.00: ATA-8: WDC WD1600BEVT-22ZCT0, 11.01A11, max UDMA/133
2026-07-17T12:45:21.583017+00:00 tilloGPT-hermes kernel: ata5.00: 312581808 sectors, multi 16: LBA48 NCQ (depth 32), AA
2026-07-17T12:45:21.583018+00:00 tilloGPT-hermes kernel: ata5.00: configured for UDMA/133
2026-07-17T12:45:21.583018+00:00 tilloGPT-hermes kernel: scsi 4:0:0:0: Direct-Access     ATA      WDC WD1600BEVT-2 1A11 PQ: 0 ANSI: 5
2026-07-17T12:45:21.583019+00:00 tilloGPT-hermes kernel: sd 4:0:0:0: Attached scsi generic sg1 type 0
2026-07-17T12:45:21.583019+00:00 tilloGPT-hermes kernel: sd 4:0:0:0: [sdb] 312581808 512-byte logical blocks: (160 GB/149 GiB)
2026-07-17T12:45:21.583020+00:00 tilloGPT-hermes kernel: scsi 5:0:0:0: Direct-Access     ATA      OCZ-AGILITY3     2.22 PQ: 0 ANSI: 5
2026-07-17T12:45:21.583020+00:00 tilloGPT-hermes kernel: sd 4:0:0:0: [sdb] Write Protect is off
2026-07-17T12:45:21.583021+00:00 tilloGPT-hermes kernel: sd 4:0:0:0: [sdb] Mode Sense: 00 3a 00 00
2026-07-17T12:45:21.583021+00:00 tilloGPT-hermes kernel: sd 4:0:0:0: [sdb] Write cache: enabled, read cache: enabled, doesn't support DPO or FUA
2026-07-17T12:45:21.583021+00:00 tilloGPT-hermes kernel: sd 5:0:0:0: [sdc] 234441648 512-byte logical blocks: (120 GB/112 GiB)
2026-07-17T12:45:21.583022+00:00 tilloGPT-hermes kernel: sd 5:0:0:0: Attached scsi generic sg2 type 0
2026-07-17T12:45:21.583022+00:00 tilloGPT-hermes kernel: sd 4:0:0:0: [sdb] Preferred minimum I/O size 512 bytes
2026-07-17T12:45:21.583022+00:00 tilloGPT-hermes kernel: sd 5:0:0:0: [sdc] Write Protect is off
2026-07-17T12:45:21.583022+00:00 tilloGPT-hermes kernel: sd 5:0:0:0: [sdc] Mode Sense: 00 3a 00 00
2026-07-17T12:45:21.583023+00:00 tilloGPT-hermes kernel: sd 5:0:0:0: [sdc] Write cache: enabled, read cache: enabled, doesn't support DPO or FUA
2026-07-17T12:45:21.583023+00:00 tilloGPT-hermes kernel: sd 5:0:0:0: [sdc] Preferred minimum I/O size 512 bytes
2026-07-17T12:45:21.583023+00:00 tilloGPT-hermes kernel:  sdc: sdc1 sdc2 sdc3 sdc4
2026-07-17T12:45:21.583024+00:00 tilloGPT-hermes kernel: sd 5:0:0:0: [sdc] Attached SCSI disk
2026-07-17T12:45:21.583030+00:00 tilloGPT-hermes kernel: workqueue: drm_fb_helper_damage_work hogged CPU for >10000us 32 times, consider switching to WQ_UNBOUND
2026-07-17T12:45:21.583031+00:00 tilloGPT-hermes kernel:  sdb: sdb1
2026-07-17T12:45:21.583032+00:00 tilloGPT-hermes kernel: sd 4:0:0:0: [sdb] Attached SCSI disk
2026-07-17T12:45:21.583032+00:00 tilloGPT-hermes kernel: e1000e 0000:00:1f.6 eno1: renamed from eth0
2026-07-17T12:45:21.583033+00:00 tilloGPT-hermes kernel: usbcore: registered new interface driver usb-storage
2026-07-17T12:45:21.583033+00:00 tilloGPT-hermes kernel: scsi host6: uas
2026-07-17T12:45:21.583034+00:00 tilloGPT-hermes kernel: usbcore: registered new interface driver uas
2026-07-17T12:45:21.583034+00:00 tilloGPT-hermes kernel: scsi 6:0:0:0: Direct-Access     Saichi G 800 NVME 2TB     1.01 PQ: 0 ANSI: 6
2026-07-17T12:45:21.583035+00:00 tilloGPT-hermes kernel: sd 6:0:0:0: Attached scsi generic sg3 type 0
2026-07-17T12:45:21.583035+00:00 tilloGPT-hermes kernel: sd 6:0:0:0: [sdd] 4000797360 512-byte logical blocks: (2.05 TB/1.86 TiB)
2026-07-17T12:45:21.583035+00:00 tilloGPT-hermes kernel: sd 6:0:0:0: [sdd] Write Protect is off
2026-07-17T12:45:21.583036+00:00 tilloGPT-hermes kernel: sd 6:0:0:0: [sdd] Mode Sense: 37 00 00 08
2026-07-17T12:45:21.583071+00:00 tilloGPT-hermes kernel: sd 6:0:0:0: [sdd] Write cache: enabled, read cache: enabled, doesn't support DPO or FUA
2026-07-17T12:45:21.583073+00:00 tilloGPT-hermes kernel: sd 6:0:0:0: [sdd] Preferred minimum I/O size 512 bytes
2026-07-17T12:45:21.583073+00:00 tilloGPT-hermes kernel: sd 6:0:0:0: [sdd] Optimal transfer size 33553920 bytes
2026-07-17T12:45:21.583073+00:00 tilloGPT-hermes kernel:  sdd: sdd1
2026-07-17T12:45:21.583074+00:00 tilloGPT-hermes kernel: sd 6:0:0:0: [sdd] Attached SCSI disk
2026-07-17T12:45:21.583074+00:00 tilloGPT-hermes kernel: usb 1-4: device descriptor read/64, error -110
2026-07-17T12:45:21.583074+00:00 tilloGPT-hermes kernel: usb 1-4: New USB device found, idVendor=048d, idProduct=04d2, bcdDevice= 1.00
2026-07-17T12:45:21.583075+00:00 tilloGPT-hermes kernel: usb 1-4: New USB device strings: Mfr=1, Product=2, SerialNumber=3
2026-07-17T12:45:21.583079+00:00 tilloGPT-hermes kernel: usb 1-4: Product: UDisk           
2026-07-17T12:45:21.583080+00:00 tilloGPT-hermes kernel: usb 1-4: Manufacturer: General 
2026-07-17T12:45:21.583080+00:00 tilloGPT-hermes kernel: usb 1-4: SerialNumber: 2308201826123733718726
2026-07-17T12:45:21.583081+00:00 tilloGPT-hermes kernel: usb-storage 1-4:1.0: USB Mass Storage device detected
2026-07-17T12:45:21.583081+00:00 tilloGPT-hermes kernel: scsi host7: usb-storage 1-4:1.0
2026-07-17T12:45:21.583081+00:00 tilloGPT-hermes kernel: usb 1-9: new high-speed USB device number 3 using xhci_hcd
2026-07-17T12:45:21.583082+00:00 tilloGPT-hermes kernel: usb 1-9: New USB device found, idVendor=152d, idProduct=0578, bcdDevice= 2.15
2026-07-17T12:45:21.583082+00:00 tilloGPT-hermes kernel: usb 1-9: New USB device strings: Mfr=1, Product=2, SerialNumber=3
2026-07-17T12:45:21.583082+00:00 tilloGPT-hermes kernel: usb 1-9: Product: MING
2026-07-17T12:45:21.583082+00:00 tilloGPT-hermes kernel: usb 1-9: Manufacturer: JMicron
2026-07-17T12:45:21.583083+00:00 tilloGPT-hermes kernel: usb 1-9: SerialNumber: 740100010214
2026-07-17T12:45:21.583083+00:00 tilloGPT-hermes kernel: scsi host8: uas
2026-07-17T12:45:21.583083+00:00 tilloGPT-hermes kernel: scsi 8:0:0:0: Direct-Access     WDC WD40 EZRZ-00WN9B0     0215 PQ: 0 ANSI: 6
2026-07-17T12:45:21.583084+00:00 tilloGPT-hermes kernel: sd 8:0:0:0: Attached scsi generic sg4 type 0
2026-07-17T12:45:21.583089+00:00 tilloGPT-hermes kernel: usb 1-12: new low-speed USB device number 4 using xhci_hcd
2026-07-17T12:45:21.583090+00:00 tilloGPT-hermes kernel: usb 1-12: New USB device found, idVendor=c0f4, idProduct=01e0, bcdDevice= 1.10
2026-07-17T12:45:21.583090+00:00 tilloGPT-hermes kernel: usb 1-12: New USB device strings: Mfr=1, Product=2, SerialNumber=0
2026-07-17T12:45:21.583091+00:00 tilloGPT-hermes kernel: usb 1-12: Product: usb keyboard
2026-07-17T12:45:21.583091+00:00 tilloGPT-hermes kernel: usb 1-12: Manufacturer: USB
2026-07-17T12:45:21.583092+00:00 tilloGPT-hermes kernel: usb 1-13: new high-speed USB device number 5 using xhci_hcd
2026-07-17T12:45:21.583092+00:00 tilloGPT-hermes kernel: usb 1-13: New USB device found, idVendor=05e3, idProduct=0608, bcdDevice=88.32
2026-07-17T12:45:21.583093+00:00 tilloGPT-hermes kernel: usb 1-13: New USB device strings: Mfr=0, Product=1, SerialNumber=0
2026-07-17T12:45:21.583093+00:00 tilloGPT-hermes kernel: usb 1-13: Product: USB2.0 Hub
2026-07-17T12:45:21.583093+00:00 tilloGPT-hermes kernel: hub 1-13:1.0: USB hub found
2026-07-17T12:45:21.583094+00:00 tilloGPT-hermes kernel: hub 1-13:1.0: 4 ports detected
2026-07-17T12:45:21.583094+00:00 tilloGPT-hermes kernel: scsi 7:0:0:0: Direct-Access     General  UDisk            5.00 PQ: 0 ANSI: 2
2026-07-17T12:45:21.583095+00:00 tilloGPT-hermes kernel: sd 7:0:0:0: Attached scsi generic sg5 type 0
2026-07-17T12:45:21.583096+00:00 tilloGPT-hermes kernel: usb 1-14: new full-speed USB device number 6 using xhci_hcd
2026-07-17T12:45:21.583096+00:00 tilloGPT-hermes kernel: sd 7:0:0:0: [sdf] 122880000 512-byte logical blocks: (62.9 GB/58.6 GiB)
2026-07-17T12:45:21.583096+00:00 tilloGPT-hermes kernel: sd 7:0:0:0: [sdf] Write Protect is off
2026-07-17T12:45:21.583097+00:00 tilloGPT-hermes kernel: sd 7:0:0:0: [sdf] Mode Sense: 0b 00 00 08
2026-07-17T12:45:21.583097+00:00 tilloGPT-hermes kernel: sd 7:0:0:0: [sdf] No Caching mode page found
2026-07-17T12:45:21.583097+00:00 tilloGPT-hermes kernel: sd 7:0:0:0: [sdf] Assuming drive cache: write through
2026-07-17T12:45:21.583102+00:00 tilloGPT-hermes kernel:  sdf: sdf1 sdf2 sdf3 sdf4
2026-07-17T12:45:21.583103+00:00 tilloGPT-hermes kernel: sd 7:0:0:0: [sdf] Attached SCSI removable disk
2026-07-17T12:45:21.583103+00:00 tilloGPT-hermes kernel: workqueue: drm_fb_helper_damage_work hogged CPU for >10000us 64 times, consider switching to WQ_UNBOUND
2026-07-17T12:45:21.583104+00:00 tilloGPT-hermes kernel: usb 1-14: New USB device found, idVendor=1462, idProduct=7b94, bcdDevice= 0.01
2026-07-17T12:45:21.583104+00:00 tilloGPT-hermes kernel: usb 1-14: New USB device strings: Mfr=1, Product=2, SerialNumber=3
2026-07-17T12:45:21.583105+00:00 tilloGPT-hermes kernel: usb 1-14: Product: MYSTIC LIGHT 
2026-07-17T12:45:21.583105+00:00 tilloGPT-hermes kernel: usb 1-14: Manufacturer: MSI
2026-07-17T12:45:21.583106+00:00 tilloGPT-hermes kernel: usb 1-14: SerialNumber: A02019090302
2026-07-17T12:45:21.583106+00:00 tilloGPT-hermes kernel: hid: raw HID events driver (C) Jiri Kosina
2026-07-17T12:45:21.583106+00:00 tilloGPT-hermes kernel: sd 8:0:0:0: [sde] 7814037168 512-byte logical blocks: (4.00 TB/3.64 TiB)
2026-07-17T12:45:21.583107+00:00 tilloGPT-hermes kernel: sd 8:0:0:0: [sde] 4096-byte physical blocks
2026-07-17T12:45:21.583107+00:00 tilloGPT-hermes kernel: sd 8:0:0:0: [sde] Write Protect is off
2026-07-17T12:45:21.583107+00:00 tilloGPT-hermes kernel: sd 8:0:0:0: [sde] Mode Sense: 5f 00 00 08
2026-07-17T12:45:21.583108+00:00 tilloGPT-hermes kernel: sd 8:0:0:0: [sde] Disabling FUA
2026-07-17T12:45:21.583108+00:00 tilloGPT-hermes kernel: sd 8:0:0:0: [sde] Write cache: enabled, read cache: enabled, doesn't support DPO or FUA
2026-07-17T12:45:21.583109+00:00 tilloGPT-hermes kernel: sd 8:0:0:0: [sde] Preferred minimum I/O size 4096 bytes
2026-07-17T12:45:21.583109+00:00 tilloGPT-hermes kernel: sd 8:0:0:0: [sde] Optimal transfer size 33553920 bytes not a multiple of preferred minimum block size (4096 bytes)
2026-07-17T12:45:21.583110+00:00 tilloGPT-hermes kernel:  sde: sde1
2026-07-17T12:45:21.583110+00:00 tilloGPT-hermes kernel: sd 8:0:0:0: [sde] Attached SCSI disk
2026-07-17T12:45:21.583110+00:00 tilloGPT-hermes kernel: usbcore: registered new interface driver usbhid
2026-07-17T12:45:21.583111+00:00 tilloGPT-hermes kernel: usbhid: USB HID core driver
2026-07-17T12:45:21.583111+00:00 tilloGPT-hermes kernel: input: USB usb keyboard as /devices/pci0000:00/0000:00:14.0/usb1/1-12/1-12:1.0/0003:C0F4:01E0.0001/input/input2
2026-07-17T12:45:21.583111+00:00 tilloGPT-hermes kernel: hid-generic 0003:C0F4:01E0.0001: input,hidraw0: USB HID v1.10 Keyboard [USB usb keyboard] on usb-0000:00:14.0-12/input0
2026-07-17T12:45:21.583112+00:00 tilloGPT-hermes kernel: input: USB usb keyboard Consumer Control as /devices/pci0000:00/0000:00:14.0/usb1/1-12/1-12:1.1/0003:C0F4:01E0.0002/input/input3
2026-07-17T12:45:21.583112+00:00 tilloGPT-hermes kernel: input: USB usb keyboard System Control as /devices/pci0000:00/0000:00:14.0/usb1/1-12/1-12:1.1/0003:C0F4:01E0.0002/input/input4
2026-07-17T12:45:21.583113+00:00 tilloGPT-hermes kernel: hid-generic 0003:C0F4:01E0.0002: input,hidraw1: USB HID v1.10 Device [USB usb keyboard] on usb-0000:00:14.0-12/input1
2026-07-17T12:45:21.583120+00:00 tilloGPT-hermes kernel: input: MSI MYSTIC LIGHT  as /devices/pci0000:00/0000:00:14.0/usb1/1-14/1-14:1.0/0003:1462:7B94.0003/input/input5
2026-07-17T12:45:21.583120+00:00 tilloGPT-hermes kernel: hid-generic 0003:1462:7B94.0003: input,hiddev0,hidraw2: USB HID v1.10 Device [MSI MYSTIC LIGHT ] on usb-0000:00:14.0-14/input0
2026-07-17T12:45:21.583121+00:00 tilloGPT-hermes kernel: raid6: avx512x4 gen() 37491 MB/s
2026-07-17T12:45:21.583122+00:00 tilloGPT-hermes kernel: raid6: avx512x2 gen() 40699 MB/s
2026-07-17T12:45:21.583122+00:00 tilloGPT-hermes kernel: raid6: avx512x1 gen() 43661 MB/s
2026-07-17T12:45:21.583122+00:00 tilloGPT-hermes kernel: raid6: avx2x4   gen() 41891 MB/s
2026-07-17T12:45:21.583123+00:00 tilloGPT-hermes kernel: raid6: avx2x2   gen() 40596 MB/s
2026-07-17T12:45:21.583123+00:00 tilloGPT-hermes kernel: raid6: avx2x1   gen() 34000 MB/s
2026-07-17T12:45:21.583124+00:00 tilloGPT-hermes kernel: raid6: using algorithm avx512x1 gen() 43661 MB/s
2026-07-17T12:45:21.583124+00:00 tilloGPT-hermes kernel: raid6: .... xor() 31952 MB/s, rmw enabled
2026-07-17T12:45:21.583125+00:00 tilloGPT-hermes kernel: raid6: using avx512x2 recovery algorithm
2026-07-17T12:45:21.583125+00:00 tilloGPT-hermes kernel: xor: automatically using best checksumming function   avx       
2026-07-17T12:45:21.583125+00:00 tilloGPT-hermes kernel: async_tx: api initialized (async)
2026-07-17T12:45:21.583126+00:00 tilloGPT-hermes kernel: Btrfs loaded, zoned=yes, fsverity=yes
2026-07-17T12:45:21.583126+00:00 tilloGPT-hermes kernel: EXT4-fs (sdc4): mounted filesystem 5121ab6c-4335-442d-b2d0-7e8ab6140065 ro with ordered data mode. Quota mode: none.
2026-07-17T12:45:21.583286+00:00 tilloGPT-hermes kernel: pstore: Using crash dump compression: deflate
2026-07-17T12:45:21.583310+00:00 tilloGPT-hermes kernel: pstore: Registered efi_pstore as persistent store backend
2026-07-17T12:45:21.583332+00:00 tilloGPT-hermes kernel: EXT4-fs (sdc4): re-mounted 5121ab6c-4335-442d-b2d0-7e8ab6140065 r/w.
2026-07-17T12:45:21.583363+00:00 tilloGPT-hermes kernel: Adding 8388604k swap on /swap.img.  Priority:-2 extents:62 across:68943872k SS
2026-07-17T12:45:21.583370+00:00 tilloGPT-hermes kernel: dca service started, version 1.12.1
2026-07-17T12:45:21.583371+00:00 tilloGPT-hermes kernel: ioatdma: Intel(R) QuickData Technology Driver 5.00
2026-07-17T12:45:21.583371+00:00 tilloGPT-hermes kernel: ioatdma 0000:00:04.0: enabling device (0004 -> 0006)
2026-07-17T12:45:21.583371+00:00 tilloGPT-hermes kernel: mei_me 0000:00:16.0: enabling device (0004 -> 0006)
2026-07-17T12:45:21.583371+00:00 tilloGPT-hermes kernel: i801_smbus 0000:00:1f.4: SMBus using PCI interrupt
2026-07-17T12:45:21.583372+00:00 tilloGPT-hermes kernel: ioatdma 0000:00:04.1: enabling device (0004 -> 0006)
2026-07-17T12:45:21.583372+00:00 tilloGPT-hermes kernel: i2c i2c-0: 4/8 memory slots populated (from DMI)
2026-07-17T12:45:21.583372+00:00 tilloGPT-hermes kernel: ioatdma 0000:00:04.2: enabling device (0004 -> 0006)
2026-07-17T12:45:21.583402+00:00 tilloGPT-hermes kernel: i2c i2c-0: Successfully instantiated SPD at 0x51
2026-07-17T12:45:21.583404+00:00 tilloGPT-hermes kernel: ioatdma 0000:00:04.3: enabling device (0004 -> 0006)
2026-07-17T12:45:21.583405+00:00 tilloGPT-hermes kernel: ioatdma 0000:00:04.4: enabling device (0004 -> 0006)
2026-07-17T12:45:21.583405+00:00 tilloGPT-hermes kernel: RAPL PMU: API unit is 2^-32 Joules, 2 fixed counters, 655360 ms ovfl timer
2026-07-17T12:45:21.583408+00:00 tilloGPT-hermes kernel: RAPL PMU: hw unit of domain package 2^-14 Joules
2026-07-17T12:45:21.583408+00:00 tilloGPT-hermes kernel: RAPL PMU: hw unit of domain dram 2^-16 Joules
2026-07-17T12:45:21.583409+00:00 tilloGPT-hermes kernel: nvidia-gpu 0000:03:00.3: enabling device (0000 -> 0002)
2026-07-17T12:45:21.583409+00:00 tilloGPT-hermes kernel: ioatdma 0000:00:04.5: enabling device (0004 -> 0006)
2026-07-17T12:45:21.583410+00:00 tilloGPT-hermes kernel: nvidia-gpu 0000:06:00.3: enabling device (0000 -> 0002)
2026-07-17T12:45:21.583414+00:00 tilloGPT-hermes kernel: ioatdma 0000:00:04.6: enabling device (0004 -> 0006)
2026-07-17T12:45:21.583414+00:00 tilloGPT-hermes kernel: nvidia-gpu 0000:b3:00.3: enabling device (0100 -> 0102)
2026-07-17T12:45:21.583415+00:00 tilloGPT-hermes kernel: ioatdma 0000:00:04.7: enabling device (0004 -> 0006)
2026-07-17T12:45:21.583415+00:00 tilloGPT-hermes kernel: ee1004 0-0051: Failed to select page 0 (-6)
2026-07-17T12:45:21.583416+00:00 tilloGPT-hermes kernel: ee1004 0-0051: 512 byte EE1004-compliant SPD EEPROM, read-only
2026-07-17T12:45:21.583416+00:00 tilloGPT-hermes kernel: snd_hda_intel 0000:03:00.1: enabling device (0000 -> 0002)
2026-07-17T12:45:21.583416+00:00 tilloGPT-hermes kernel: snd_hda_intel 0000:03:00.1: Disabling MSI
2026-07-17T12:45:21.583416+00:00 tilloGPT-hermes kernel: snd_hda_intel 0000:03:00.1: Handle vga_switcheroo audio client
2026-07-17T12:45:21.583417+00:00 tilloGPT-hermes kernel: snd_hda_intel 0000:06:00.1: enabling device (0000 -> 0002)
2026-07-17T12:45:21.583417+00:00 tilloGPT-hermes kernel: snd_hda_intel 0000:06:00.1: Disabling MSI
2026-07-17T12:45:21.583417+00:00 tilloGPT-hermes kernel: snd_hda_intel 0000:06:00.1: Handle vga_switcheroo audio client
2026-07-17T12:45:21.583418+00:00 tilloGPT-hermes kernel: snd_hda_intel 0000:17:00.1: enabling device (0100 -> 0102)
2026-07-17T12:45:21.583418+00:00 tilloGPT-hermes kernel: snd_hda_intel 0000:17:00.1: Disabling MSI
2026-07-17T12:45:21.583418+00:00 tilloGPT-hermes kernel: snd_hda_intel 0000:17:00.1: Handle vga_switcheroo audio client
2026-07-17T12:45:21.583419+00:00 tilloGPT-hermes kernel: snd_hda_intel 0000:65:00.1: enabling device (0100 -> 0102)
2026-07-17T12:45:21.583419+00:00 tilloGPT-hermes kernel: snd_hda_intel 0000:65:00.1: Disabling MSI
2026-07-17T12:45:21.583419+00:00 tilloGPT-hermes kernel: snd_hda_intel 0000:65:00.1: Handle vga_switcheroo audio client
2026-07-17T12:45:21.583419+00:00 tilloGPT-hermes kernel: snd_hda_intel 0000:66:00.1: enabling device (0100 -> 0102)
2026-07-17T12:45:21.583425+00:00 tilloGPT-hermes kernel: snd_hda_intel 0000:66:00.1: Disabling MSI
2026-07-17T12:45:21.583425+00:00 tilloGPT-hermes kernel: snd_hda_intel 0000:66:00.1: Handle vga_switcheroo audio client
2026-07-17T12:45:21.583426+00:00 tilloGPT-hermes kernel: snd_hda_intel 0000:b3:00.1: enabling device (0100 -> 0102)
2026-07-17T12:45:21.583426+00:00 tilloGPT-hermes kernel: snd_hda_intel 0000:b3:00.1: Disabling MSI
2026-07-17T12:45:21.583427+00:00 tilloGPT-hermes kernel: snd_hda_intel 0000:b3:00.1: Handle vga_switcheroo audio client
2026-07-17T12:45:21.583427+00:00 tilloGPT-hermes kernel: snd_hda_intel 0000:b4:00.1: enabling device (0100 -> 0102)
2026-07-17T12:45:21.583428+00:00 tilloGPT-hermes kernel: snd_hda_intel 0000:b4:00.1: Disabling MSI
2026-07-17T12:45:21.583428+00:00 tilloGPT-hermes kernel: snd_hda_intel 0000:b4:00.1: Handle vga_switcheroo audio client
2026-07-17T12:45:21.583429+00:00 tilloGPT-hermes kernel: EXT4-fs (sdc3): mounted filesystem 8523d3ce-2ffa-461e-aeb6-35bdc750b407 r/w with ordered data mode. Quota mode: none.
2026-07-17T12:45:21.583429+00:00 tilloGPT-hermes kernel: audit: type=1400 audit(1784292316.477:2): apparmor="STATUS" operation="profile_load" profile="unconfined" name="epiphany" pid=1029 comm="apparmor_parser"
2026-07-17T12:45:21.583430+00:00 tilloGPT-hermes kernel: audit: type=1400 audit(1784292316.477:3): apparmor="STATUS" operation="profile_load" profile="unconfined" name="ch-run" pid=1023 comm="apparmor_parser"
2026-07-17T12:45:21.583431+00:00 tilloGPT-hermes kernel: audit: type=1400 audit(1784292316.477:4): apparmor="STATUS" operation="profile_load" profile="unconfined" name="chrome" pid=1024 comm="apparmor_parser"
2026-07-17T12:45:21.583431+00:00 tilloGPT-hermes kernel: audit: type=1400 audit(1784292316.477:5): apparmor="STATUS" operation="profile_load" profile="unconfined" name="crun" pid=1026 comm="apparmor_parser"
2026-07-17T12:45:21.583431+00:00 tilloGPT-hermes kernel: audit: type=1400 audit(1784292316.477:6): apparmor="STATUS" operation="profile_load" profile="unconfined" name="Discord" pid=1014 comm="apparmor_parser"
2026-07-17T12:45:21.583432+00:00 tilloGPT-hermes kernel: audit: type=1400 audit(1784292316.477:7): apparmor="STATUS" operation="profile_load" profile="unconfined" name="cam" pid=1021 comm="apparmor_parser"
2026-07-17T12:45:21.583432+00:00 tilloGPT-hermes kernel: audit: type=1400 audit(1784292316.477:8): apparmor="STATUS" operation="profile_load" profile="unconfined" name="vscode" pid=1025 comm="apparmor_parser"
2026-07-17T12:45:21.583433+00:00 tilloGPT-hermes kernel: audit: type=1400 audit(1784292316.477:9): apparmor="STATUS" operation="profile_load" profile="unconfined" name="busybox" pid=1020 comm="apparmor_parser"
2026-07-17T12:45:21.583438+00:00 tilloGPT-hermes kernel: audit: type=1400 audit(1784292316.477:10): apparmor="STATUS" operation="profile_load" profile="unconfined" name="brave" pid=1018 comm="apparmor_parser"
2026-07-17T12:45:21.583439+00:00 tilloGPT-hermes kernel: audit: type=1400 audit(1784292316.477:11): apparmor="STATUS" operation="profile_load" profile="unconfined" name="ch-checkns" pid=1022 comm="apparmor_parser"
2026-07-17T12:45:21.583440+00:00 tilloGPT-hermes kernel: MXM: GUID detected in BIOS
2026-07-17T12:45:21.583440+00:00 tilloGPT-hermes kernel: input: HDA NVidia HDMI/DP,pcm=3 as /devices/pci0000:64/0000:64:00.0/0000:65:00.1/sound/card3/input22
2026-07-17T12:45:21.583441+00:00 tilloGPT-hermes kernel: input: HDA NVidia HDMI/DP,pcm=7 as /devices/pci0000:64/0000:64:00.0/0000:65:00.1/sound/card3/input23
2026-07-17T12:45:21.583441+00:00 tilloGPT-hermes kernel: input: HDA NVidia HDMI/DP,pcm=8 as /devices/pci0000:64/0000:64:00.0/0000:65:00.1/sound/card3/input24
2026-07-17T12:45:21.583442+00:00 tilloGPT-hermes kernel: input: HDA NVidia HDMI/DP,pcm=9 as /devices/pci0000:64/0000:64:00.0/0000:65:00.1/sound/card3/input25
2026-07-17T12:45:21.583442+00:00 tilloGPT-hermes kernel: input: HDA NVidia HDMI/DP,pcm=3 as /devices/pci0000:64/0000:64:02.0/0000:66:00.1/sound/card4/input30
2026-07-17T12:45:21.583443+00:00 tilloGPT-hermes kernel: input: HDA NVidia HDMI/DP,pcm=7 as /devices/pci0000:64/0000:64:02.0/0000:66:00.1/sound/card4/input31
2026-07-17T12:45:21.583443+00:00 tilloGPT-hermes kernel: input: HDA NVidia HDMI/DP,pcm=8 as /devices/pci0000:64/0000:64:02.0/0000:66:00.1/sound/card4/input32
2026-07-17T12:45:21.583444+00:00 tilloGPT-hermes kernel: input: HDA NVidia HDMI/DP,pcm=3 as /devices/pci0000:b2/0000:b2:02.0/0000:b4:00.1/sound/card6/input26
2026-07-17T12:45:21.583444+00:00 tilloGPT-hermes kernel: Console: switching to colour dummy device 80x25
2026-07-17T12:45:21.583444+00:00 tilloGPT-hermes kernel: input: HDA NVidia HDMI/DP,pcm=9 as /devices/pci0000:64/0000:64:02.0/0000:66:00.1/sound/card4/input33
2026-07-17T12:45:21.583445+00:00 tilloGPT-hermes kernel: input: HDA NVidia HDMI/DP,pcm=7 as /devices/pci0000:b2/0000:b2:02.0/0000:b4:00.1/sound/card6/input27
2026-07-17T12:45:21.583445+00:00 tilloGPT-hermes kernel: input: HDA NVidia HDMI/DP,pcm=3 as /devices/pci0000:00/0000:00:1d.0/0000:06:00.1/sound/card1/input18
2026-07-17T12:45:21.583446+00:00 tilloGPT-hermes kernel: input: HDA NVidia HDMI/DP,pcm=8 as /devices/pci0000:b2/0000:b2:02.0/0000:b4:00.1/sound/card6/input28
2026-07-17T12:45:21.583446+00:00 tilloGPT-hermes kernel: input: HDA NVidia HDMI/DP,pcm=3 as /devices/pci0000:b2/0000:b2:00.0/0000:b3:00.1/sound/card5/input6
2026-07-17T12:45:21.583446+00:00 tilloGPT-hermes kernel: input: HDA NVidia HDMI/DP,pcm=3 as /devices/pci0000:00/0000:00:1b.4/0000:03:00.1/sound/card0/input10
2026-07-17T12:45:21.583447+00:00 tilloGPT-hermes kernel: input: HDA NVidia HDMI/DP,pcm=3 as /devices/pci0000:16/0000:16:00.0/0000:17:00.1/sound/card2/input14
2026-07-17T12:45:21.583447+00:00 tilloGPT-hermes kernel: input: HDA NVidia HDMI/DP,pcm=9 as /devices/pci0000:b2/0000:b2:02.0/0000:b4:00.1/sound/card6/input29
2026-07-17T12:45:21.583447+00:00 tilloGPT-hermes kernel: input: HDA NVidia HDMI/DP,pcm=7 as /devices/pci0000:00/0000:00:1d.0/0000:06:00.1/sound/card1/input19
2026-07-17T12:45:21.583448+00:00 tilloGPT-hermes kernel: EDAC skx: ECC is disabled on imc 0
2026-07-17T12:45:21.583454+00:00 tilloGPT-hermes kernel: input: HDA NVidia HDMI/DP,pcm=8 as /devices/pci0000:00/0000:00:1d.0/0000:06:00.1/sound/card1/input20
2026-07-17T12:45:21.583455+00:00 tilloGPT-hermes kernel: input: HDA NVidia HDMI/DP,pcm=7 as /devices/pci0000:b2/0000:b2:00.0/0000:b3:00.1/sound/card5/input7
2026-07-17T12:45:21.583455+00:00 tilloGPT-hermes kernel: input: HDA NVidia HDMI/DP,pcm=8 as /devices/pci0000:b2/0000:b2:00.0/0000:b3:00.1/sound/card5/input8
2026-07-17T12:45:21.583456+00:00 tilloGPT-hermes kernel: input: HDA NVidia HDMI/DP,pcm=7 as /devices/pci0000:00/0000:00:1b.4/0000:03:00.1/sound/card0/input11
2026-07-17T12:45:21.583457+00:00 tilloGPT-hermes kernel: input: HDA NVidia HDMI/DP,pcm=8 as /devices/pci0000:00/0000:00:1b.4/0000:03:00.1/sound/card0/input12
2026-07-17T12:45:21.583457+00:00 tilloGPT-hermes kernel: input: HDA NVidia HDMI/DP,pcm=7 as /devices/pci0000:16/0000:16:00.0/0000:17:00.1/sound/card2/input15
2026-07-17T12:45:21.583458+00:00 tilloGPT-hermes kernel: input: HDA NVidia HDMI/DP,pcm=8 as /devices/pci0000:16/0000:16:00.0/0000:17:00.1/sound/card2/input16
2026-07-17T12:45:21.583458+00:00 tilloGPT-hermes kernel: input: HDA NVidia HDMI/DP,pcm=9 as /devices/pci0000:b2/0000:b2:00.0/0000:b3:00.1/sound/card5/input9
2026-07-17T12:45:21.583459+00:00 tilloGPT-hermes kernel: input: HDA NVidia HDMI/DP,pcm=9 as /devices/pci0000:00/0000:00:1d.0/0000:06:00.1/sound/card1/input21
2026-07-17T12:45:21.583459+00:00 tilloGPT-hermes kernel: input: HDA NVidia HDMI/DP,pcm=9 as /devices/pci0000:00/0000:00:1b.4/0000:03:00.1/sound/card0/input13
2026-07-17T12:45:21.583460+00:00 tilloGPT-hermes kernel: input: HDA NVidia HDMI/DP,pcm=9 as /devices/pci0000:16/0000:16:00.0/0000:17:00.1/sound/card2/input17
2026-07-17T12:45:21.583460+00:00 tilloGPT-hermes kernel: nouveau 0000:03:00.0: vgaarb: deactivate vga console
2026-07-17T12:45:21.583461+00:00 tilloGPT-hermes kernel: nouveau 0000:03:00.0: NVIDIA TU116 (168000a1)
2026-07-17T12:45:21.583496+00:00 tilloGPT-hermes kernel: workqueue: work_for_cpu_fn hogged CPU for >10000us 4 times, consider switching to WQ_UNBOUND
2026-07-17T12:45:21.583498+00:00 tilloGPT-hermes kernel: nouveau 0000:03:00.0: bios: version 90.16.4f.00.df
2026-07-17T12:45:21.583498+00:00 tilloGPT-hermes kernel: intel_rapl_common: Found RAPL domain package
2026-07-17T12:45:21.583499+00:00 tilloGPT-hermes kernel: intel_rapl_common: Found RAPL domain dram
2026-07-17T12:45:21.583499+00:00 tilloGPT-hermes kernel: intel_rapl_common: package-0:dram:long_term locked by BIOS
2026-07-17T12:45:21.583499+00:00 tilloGPT-hermes kernel: nouveau 0000:03:00.0: pmu: firmware unavailable
2026-07-17T12:45:21.583499+00:00 tilloGPT-hermes kernel: nouveau 0000:03:00.0: fb: 6144 MiB GDDR6
2026-07-17T12:45:21.583500+00:00 tilloGPT-hermes kernel: nouveau 0000:03:00.0: DRM: VRAM: 6144 MiB
2026-07-17T12:45:21.583504+00:00 tilloGPT-hermes kernel: nouveau 0000:03:00.0: DRM: GART: 536870912 MiB
2026-07-17T12:45:21.583504+00:00 tilloGPT-hermes kernel: nouveau 0000:03:00.0: DRM: BIT table 'A' not found
2026-07-17T12:45:21.583505+00:00 tilloGPT-hermes kernel: nouveau 0000:03:00.0: DRM: BIT table 'L' not found
2026-07-17T12:45:21.583505+00:00 tilloGPT-hermes kernel: nouveau 0000:03:00.0: DRM: TMDS table version 2.0
2026-07-17T12:45:21.583506+00:00 tilloGPT-hermes kernel: nouveau 0000:03:00.0: DRM: MM: using COPY for buffer copies
2026-07-17T12:45:21.583506+00:00 tilloGPT-hermes kernel: snd_hda_intel 0000:03:00.1: bound 0000:03:00.0 (ops nv50_audio_component_bind_ops [nouveau])
2026-07-17T12:45:21.583506+00:00 tilloGPT-hermes kernel: [drm] Initialized nouveau 1.4.0 20120801 for 0000:03:00.0 on minor 0
2026-07-17T12:45:21.583507+00:00 tilloGPT-hermes kernel: fbcon: nouveaudrmfb (fb0) is primary device
2026-07-17T12:45:21.583507+00:00 tilloGPT-hermes kernel: Console: switching to colour frame buffer device 240x67
2026-07-17T12:45:21.583507+00:00 tilloGPT-hermes kernel: nouveau 0000:03:00.0: [drm] fb0: nouveaudrmfb frame buffer device
2026-07-17T12:45:21.583508+00:00 tilloGPT-hermes kernel: nouveau 0000:06:00.0: NVIDIA TU116 (168000a1)
2026-07-17T12:45:21.583513+00:00 tilloGPT-hermes kernel: nvidia-gpu 0000:03:00.3: i2c timeout error e0000000
2026-07-17T12:45:21.583513+00:00 tilloGPT-hermes kernel: ucsi_ccg 1-0008: i2c_transfer failed -110
2026-07-17T12:45:21.583514+00:00 tilloGPT-hermes kernel: ucsi_ccg 1-0008: ucsi_ccg_init failed - -110
2026-07-17T12:45:21.583514+00:00 tilloGPT-hermes kernel: ucsi_ccg: probe of 1-0008 failed with error -110
2026-07-17T12:45:21.583514+00:00 tilloGPT-hermes kernel: nouveau 0000:06:00.0: bios: version 90.16.48.00.3a
2026-07-17T12:45:21.583515+00:00 tilloGPT-hermes kernel: nouveau 0000:06:00.0: pmu: firmware unavailable
2026-07-17T12:45:21.583515+00:00 tilloGPT-hermes kernel: nouveau 0000:06:00.0: fb: 6144 MiB GDDR6
2026-07-17T12:45:21.583515+00:00 tilloGPT-hermes kernel: workqueue: drm_fb_helper_damage_work hogged CPU for >10000us 128 times, consider switching to WQ_UNBOUND
2026-07-17T12:45:21.583516+00:00 tilloGPT-hermes kernel: nouveau 0000:06:00.0: DRM: VRAM: 6144 MiB
2026-07-17T12:45:21.583516+00:00 tilloGPT-hermes kernel: nouveau 0000:06:00.0: DRM: GART: 536870912 MiB
2026-07-17T12:45:21.583516+00:00 tilloGPT-hermes kernel: nouveau 0000:06:00.0: DRM: BIT table 'A' not found
2026-07-17T12:45:21.583517+00:00 tilloGPT-hermes kernel: nouveau 0000:06:00.0: DRM: BIT table 'L' not found
2026-07-17T12:45:21.583517+00:00 tilloGPT-hermes kernel: nouveau 0000:06:00.0: DRM: TMDS table version 2.0
2026-07-17T12:45:21.583517+00:00 tilloGPT-hermes kernel: nouveau 0000:06:00.0: DRM: MM: using COPY for buffer copies
2026-07-17T12:45:21.583518+00:00 tilloGPT-hermes kernel: snd_hda_intel 0000:06:00.1: bound 0000:06:00.0 (ops nv50_audio_component_bind_ops [nouveau])
2026-07-17T12:45:21.583518+00:00 tilloGPT-hermes kernel: [drm] Initialized nouveau 1.4.0 20120801 for 0000:06:00.0 on minor 1
2026-07-17T12:45:21.583518+00:00 tilloGPT-hermes kernel: nouveau 0000:06:00.0: [drm] Cannot find any crtc or sizes
2026-07-17T12:45:21.583523+00:00 tilloGPT-hermes kernel: message repeated 2 times: [ nouveau 0000:06:00.0: [drm] Cannot find any crtc or sizes]
2026-07-17T12:45:21.583525+00:00 tilloGPT-hermes kernel: nouveau 0000:17:00.0: NVIDIA GP102 (132000a1)
2026-07-17T12:45:21.583530+00:00 tilloGPT-hermes kernel: nouveau 0000:17:00.0: bios: version 86.02.39.00.01
2026-07-17T12:45:21.583530+00:00 tilloGPT-hermes kernel: nouveau 0000:17:00.0: pmu: firmware unavailable
2026-07-17T12:45:21.583531+00:00 tilloGPT-hermes kernel: nouveau 0000:17:00.0: fb: 11264 MiB GDDR5X
2026-07-17T12:45:21.583531+00:00 tilloGPT-hermes kernel: nouveau 0000:17:00.0: DRM: VRAM: 11264 MiB
2026-07-17T12:45:21.583532+00:00 tilloGPT-hermes kernel: nouveau 0000:17:00.0: DRM: GART: 536870912 MiB
2026-07-17T12:45:21.583532+00:00 tilloGPT-hermes kernel: nouveau 0000:17:00.0: DRM: BIT table 'A' not found
2026-07-17T12:45:21.583533+00:00 tilloGPT-hermes kernel: nouveau 0000:17:00.0: DRM: BIT table 'L' not found
2026-07-17T12:45:21.583533+00:00 tilloGPT-hermes kernel: nouveau 0000:17:00.0: DRM: TMDS table version 2.0
2026-07-17T12:45:21.583533+00:00 tilloGPT-hermes kernel: nouveau 0000:17:00.0: DRM: MM: using COPY for buffer copies
2026-07-17T12:45:21.583534+00:00 tilloGPT-hermes kernel: snd_hda_intel 0000:17:00.1: bound 0000:17:00.0 (ops nv50_audio_component_bind_ops [nouveau])
2026-07-17T12:45:21.583534+00:00 tilloGPT-hermes kernel: [drm] Initialized nouveau 1.4.0 20120801 for 0000:17:00.0 on minor 2
2026-07-17T12:45:21.583534+00:00 tilloGPT-hermes kernel: nouveau 0000:17:00.0: DRM: DDC responded, but no EDID for DP-5
2026-07-17T12:45:21.583535+00:00 tilloGPT-hermes kernel: nouveau 0000:17:00.0: [drm] Cannot find any crtc or sizes
2026-07-17T12:45:21.583535+00:00 tilloGPT-hermes kernel: nouveau 0000:65:00.0: NVIDIA GP104 (134000a1)
2026-07-17T12:45:21.583536+00:00 tilloGPT-hermes kernel: nouveau 0000:17:00.0: DRM: DDC responded, but no EDID for DP-5
2026-07-17T12:45:21.583536+00:00 tilloGPT-hermes kernel: nouveau 0000:17:00.0: [drm] Cannot find any crtc or sizes
2026-07-17T12:45:21.583536+00:00 tilloGPT-hermes kernel: cfg80211: Loading compiled-in X.509 certificates for regulatory database
2026-07-17T12:45:21.583537+00:00 tilloGPT-hermes kernel: Loaded X.509 cert 'sforshee: 00b28ddf47aef9cea7'
2026-07-17T12:45:21.583537+00:00 tilloGPT-hermes kernel: Loaded X.509 cert 'wens: 61c038651aabdcf94bd0ac7ff06c7248db18c600'
2026-07-17T12:45:21.583537+00:00 tilloGPT-hermes kernel: nouveau 0000:17:00.0: DRM: DDC responded, but no EDID for DP-5
2026-07-17T12:45:21.583538+00:00 tilloGPT-hermes kernel: nouveau 0000:17:00.0: [drm] Cannot find any crtc or sizes
2026-07-17T12:45:21.583538+00:00 tilloGPT-hermes kernel: workqueue: output_poll_execute hogged CPU for >10000us 4 times, consider switching to WQ_UNBOUND
2026-07-17T12:45:21.583538+00:00 tilloGPT-hermes kernel: nouveau 0000:65:00.0: bios: version 86.04.60.00.5b
2026-07-17T12:45:21.583538+00:00 tilloGPT-hermes kernel: nvidia-gpu 0000:06:00.3: i2c timeout error e0000000
2026-07-17T12:45:21.583539+00:00 tilloGPT-hermes kernel: ucsi_ccg 2-0008: i2c_transfer failed -110
2026-07-17T12:45:21.583539+00:00 tilloGPT-hermes kernel: ucsi_ccg 2-0008: ucsi_ccg_init failed - -110
2026-07-17T12:45:21.583539+00:00 tilloGPT-hermes kernel: ucsi_ccg: probe of 2-0008 failed with error -110
2026-07-17T12:45:21.583540+00:00 tilloGPT-hermes kernel: nouveau 0000:17:00.0: DRM: DDC responded, but no EDID for DP-5
2026-07-17T12:45:21.583546+00:00 tilloGPT-hermes kernel: nouveau 0000:17:00.0: [drm] Cannot find any crtc or sizes
2026-07-17T12:45:21.583546+00:00 tilloGPT-hermes kernel: nouveau 0000:65:00.0: pmu: firmware unavailable
2026-07-17T12:45:21.583546+00:00 tilloGPT-hermes kernel: nouveau 0000:65:00.0: fb: 8192 MiB GDDR5X
2026-07-17T12:45:21.583547+00:00 tilloGPT-hermes kernel: nouveau 0000:65:00.0: DRM: VRAM: 8192 MiB
2026-07-17T12:45:21.583547+00:00 tilloGPT-hermes kernel: nouveau 0000:65:00.0: DRM: GART: 536870912 MiB
2026-07-17T12:45:21.583548+00:00 tilloGPT-hermes kernel: nouveau 0000:65:00.0: DRM: BIT table 'A' not found
2026-07-17T12:45:21.583548+00:00 tilloGPT-hermes kernel: nouveau 0000:65:00.0: DRM: BIT table 'L' not found
2026-07-17T12:45:21.583548+00:00 tilloGPT-hermes kernel: nouveau 0000:65:00.0: DRM: TMDS table version 2.0
2026-07-17T12:45:21.583548+00:00 tilloGPT-hermes kernel: nouveau 0000:65:00.0: DRM: MM: using COPY for buffer copies
2026-07-17T12:45:21.583549+00:00 tilloGPT-hermes kernel: nouveau 0000:17:00.0: DRM: DDC responded, but no EDID for DP-5
2026-07-17T12:45:21.583549+00:00 tilloGPT-hermes kernel: snd_hda_intel 0000:65:00.1: bound 0000:65:00.0 (ops nv50_audio_component_bind_ops [nouveau])
2026-07-17T12:45:21.583549+00:00 tilloGPT-hermes kernel: nouveau 0000:17:00.0: [drm] Cannot find any crtc or sizes
2026-07-17T12:45:21.583550+00:00 tilloGPT-hermes kernel: nouveau 0000:65:00.0: Led nvidia-logo renamed to nvidia-logo_1 due to name collision
2026-07-17T12:45:21.583550+00:00 tilloGPT-hermes kernel: [drm] Initialized nouveau 1.4.0 20120801 for 0000:65:00.0 on minor 3
2026-07-17T12:45:21.583550+00:00 tilloGPT-hermes kernel: nouveau 0000:65:00.0: [drm] Cannot find any crtc or sizes
2026-07-17T12:45:21.583552+00:00 tilloGPT-hermes kernel: message repeated 4 times: [ nouveau 0000:65:00.0: [drm] Cannot find any crtc or sizes]
2026-07-17T12:45:21.583553+00:00 tilloGPT-hermes kernel: nouveau 0000:66:00.0: NVIDIA GP104 (134000a1)
2026-07-17T12:45:21.583553+00:00 tilloGPT-hermes kernel: workqueue: work_for_cpu_fn hogged CPU for >10000us 8 times, consider switching to WQ_UNBOUND
2026-07-17T12:45:21.583554+00:00 tilloGPT-hermes kernel: nouveau 0000:66:00.0: bios: version 86.04.60.00.5b
2026-07-17T12:45:21.583554+00:00 tilloGPT-hermes kernel: nouveau 0000:66:00.0: pmu: firmware unavailable
2026-07-17T12:45:21.583554+00:00 tilloGPT-hermes kernel: nouveau 0000:66:00.0: fb: 8192 MiB GDDR5X
2026-07-17T12:45:21.583555+00:00 tilloGPT-hermes kernel: nouveau 0000:66:00.0: DRM: VRAM: 8192 MiB
2026-07-17T12:45:21.583555+00:00 tilloGPT-hermes kernel: nouveau 0000:66:00.0: DRM: GART: 536870912 MiB
2026-07-17T12:45:21.583555+00:00 tilloGPT-hermes kernel: nouveau 0000:66:00.0: DRM: BIT table 'A' not found
2026-07-17T12:45:21.583556+00:00 tilloGPT-hermes kernel: nouveau 0000:66:00.0: DRM: BIT table 'L' not found
2026-07-17T12:45:21.583556+00:00 tilloGPT-hermes kernel: nouveau 0000:66:00.0: DRM: TMDS table version 2.0
2026-07-17T12:45:21.583556+00:00 tilloGPT-hermes kernel: nouveau 0000:66:00.0: DRM: MM: using COPY for buffer copies
2026-07-17T12:45:21.583557+00:00 tilloGPT-hermes kernel: snd_hda_intel 0000:66:00.1: bound 0000:66:00.0 (ops nv50_audio_component_bind_ops [nouveau])
2026-07-17T12:45:21.583558+00:00 tilloGPT-hermes kernel: nouveau 0000:66:00.0: Led nvidia-logo renamed to nvidia-logo_2 due to name collision
2026-07-17T12:45:21.583558+00:00 tilloGPT-hermes kernel: [drm] Initialized nouveau 1.4.0 20120801 for 0000:66:00.0 on minor 4
2026-07-17T12:45:21.583559+00:00 tilloGPT-hermes kernel: nouveau 0000:66:00.0: [drm] Cannot find any crtc or sizes
2026-07-17T12:45:21.583562+00:00 tilloGPT-hermes kernel: message repeated 4 times: [ nouveau 0000:66:00.0: [drm] Cannot find any crtc or sizes]
2026-07-17T12:45:21.583562+00:00 tilloGPT-hermes kernel: nouveau 0000:b3:00.0: NVIDIA TU116 (168000a1)
2026-07-17T12:45:21.583571+00:00 tilloGPT-hermes kernel: nouveau 0000:b3:00.0: bios: version 90.16.29.00.d7
2026-07-17T12:45:21.583572+00:00 tilloGPT-hermes kernel: nouveau 0000:b3:00.0: pmu: firmware unavailable
2026-07-17T12:45:21.583583+00:00 tilloGPT-hermes kernel: nouveau 0000:b3:00.0: fb: 6144 MiB GDDR6
2026-07-17T12:45:21.583584+00:00 tilloGPT-hermes kernel: nouveau 0000:b3:00.0: DRM: VRAM: 6144 MiB
2026-07-17T12:45:21.583584+00:00 tilloGPT-hermes kernel: nouveau 0000:b3:00.0: DRM: GART: 536870912 MiB
2026-07-17T12:45:21.583584+00:00 tilloGPT-hermes kernel: nouveau 0000:b3:00.0: DRM: BIT table 'A' not found
2026-07-17T12:45:21.583585+00:00 tilloGPT-hermes kernel: nouveau 0000:b3:00.0: DRM: BIT table 'L' not found
2026-07-17T12:45:21.583585+00:00 tilloGPT-hermes kernel: nouveau 0000:b3:00.0: DRM: TMDS table version 2.0
2026-07-17T12:45:21.583585+00:00 tilloGPT-hermes kernel: nouveau 0000:b3:00.0: DRM: MM: using COPY for buffer copies
2026-07-17T12:45:21.583586+00:00 tilloGPT-hermes kernel: snd_hda_intel 0000:b3:00.1: bound 0000:b3:00.0 (ops nv50_audio_component_bind_ops [nouveau])
2026-07-17T12:45:21.583586+00:00 tilloGPT-hermes kernel: nvidia-gpu 0000:b3:00.3: i2c timeout error e0000000
2026-07-17T12:45:21.583586+00:00 tilloGPT-hermes kernel: ucsi_ccg 3-0008: i2c_transfer failed -110
2026-07-17T12:45:21.583587+00:00 tilloGPT-hermes kernel: ucsi_ccg 3-0008: ucsi_ccg_init failed - -110
2026-07-17T12:45:21.583587+00:00 tilloGPT-hermes kernel: ucsi_ccg: probe of 3-0008 failed with error -110
2026-07-17T12:45:21.583587+00:00 tilloGPT-hermes kernel: [drm] Initialized nouveau 1.4.0 20120801 for 0000:b3:00.0 on minor 5
2026-07-17T12:45:21.583587+00:00 tilloGPT-hermes kernel: nouveau 0000:b3:00.0: [drm] Cannot find any crtc or sizes
2026-07-17T12:45:21.583595+00:00 tilloGPT-hermes kernel: message repeated 2 times: [ nouveau 0000:b3:00.0: [drm] Cannot find any crtc or sizes]
2026-07-17T12:45:21.583596+00:00 tilloGPT-hermes kernel: nouveau 0000:b4:00.0: NVIDIA GA106 (b76000a1)
2026-07-17T12:45:21.583597+00:00 tilloGPT-hermes kernel: nouveau 0000:b4:00.0: bios: version 94.06.2c.00.01
2026-07-17T12:45:21.583597+00:00 tilloGPT-hermes kernel: nouveau 0000:b4:00.0: fb: 6138 MiB GDDR6
2026-07-17T12:45:21.583597+00:00 tilloGPT-hermes kernel: nouveau 0000:b4:00.0: DRM: VRAM: 6138 MiB
2026-07-17T12:45:21.583598+00:00 tilloGPT-hermes kernel: nouveau 0000:b4:00.0: DRM: GART: 536870912 MiB
2026-07-17T12:45:21.583598+00:00 tilloGPT-hermes kernel: nouveau 0000:b4:00.0: DRM: BIT table 'A' not found
2026-07-17T12:45:21.583598+00:00 tilloGPT-hermes kernel: nouveau 0000:b4:00.0: DRM: BIT table 'L' not found
2026-07-17T12:45:21.583599+00:00 tilloGPT-hermes kernel: nouveau 0000:b4:00.0: DRM: TMDS table version 2.0
2026-07-17T12:45:21.583599+00:00 tilloGPT-hermes kernel: nouveau 0000:b4:00.0: DRM: MM: using COPY for buffer copies
2026-07-17T12:45:21.583599+00:00 tilloGPT-hermes kernel: snd_hda_intel 0000:b4:00.1: bound 0000:b4:00.0 (ops nv50_audio_component_bind_ops [nouveau])
2026-07-17T12:45:21.583600+00:00 tilloGPT-hermes kernel: [drm] Initialized nouveau 1.4.0 20120801 for 0000:b4:00.0 on minor 6
2026-07-17T12:45:21.583600+00:00 tilloGPT-hermes kernel: nouveau 0000:b4:00.0: [drm] Cannot find any crtc or sizes
2026-07-17T12:45:21.583601+00:00 tilloGPT-hermes kernel: message repeated 4 times: [ nouveau 0000:b4:00.0: [drm] Cannot find any crtc or sizes]
2026-07-17T12:45:21.583602+00:00 tilloGPT-hermes kernel: loop0: detected capacity change from 0 to 8
2026-07-17T12:45:22.159932+00:00 tilloGPT-hermes kernel: e1000e 0000:00:1f.6 ai-rig-lan: renamed from eno1 (while UP)
2026-07-17T12:45:22.253932+00:00 tilloGPT-hermes kernel: NET: Registered PF_QIPCRTR protocol family
2026-07-17T12:45:22.418939+00:00 tilloGPT-hermes kernel: e1000e 0000:00:1f.6 ai-rig-lan: NIC Link is Up 1000 Mbps Full Duplex, Flow Control: None
2026-07-17T12:45:22.825933+00:00 tilloGPT-hermes kernel: kauditd_printk_skb: 112 callbacks suppressed
2026-07-17T12:45:22.825942+00:00 tilloGPT-hermes kernel: audit: type=1400 audit(1784292322.824:124): apparmor="STATUS" operation="profile_load" profile="unconfined" name="docker-default" pid=3371 comm="apparmor_parser"
2026-07-17T12:45:23.006945+00:00 tilloGPT-hermes kernel: Initializing XFRM netlink socket
2026-07-17T12:45:23.039938+00:00 tilloGPT-hermes kernel: bridge: filtering via arp/ip/ip6tables is no longer available by default. Update your scripts to load br_netfilter if you need this.
2026-07-17T12:46:58.868721+00:00 tilloGPT-hermes kernel: Linux version 6.8.0-136-generic (buildd@lcy02-amd64-041) (x86_64-linux-gnu-gcc-13 (Ubuntu 13.3.0-6ubuntu2~24.04.1) 13.3.0, GNU ld (GNU Binutils for Ubuntu) 2.42) #136-Ubuntu SMP PREEMPT_DYNAMIC Wed Jul  1 21:53:05 UTC 2026 (Ubuntu 6.8.0-136.136-generic 6.8.12)
2026-07-17T12:46:58.868889+00:00 tilloGPT-hermes kernel: Command line: BOOT_IMAGE=/vmlinuz-6.8.0-136-generic root=UUID=5121ab6c-4335-442d-b2d0-7e8ab6140065 ro
2026-07-17T12:46:58.868890+00:00 tilloGPT-hermes kernel: KERNEL supported cpus:
2026-07-17T12:46:58.868891+00:00 tilloGPT-hermes kernel:   Intel GenuineIntel
2026-07-17T12:46:58.868891+00:00 tilloGPT-hermes kernel:   AMD AuthenticAMD
2026-07-17T12:46:58.868891+00:00 tilloGPT-hermes kernel:   Hygon HygonGenuine
2026-07-17T12:46:58.868892+00:00 tilloGPT-hermes kernel:   Centaur CentaurHauls
2026-07-17T12:46:58.868893+00:00 tilloGPT-hermes kernel:   zhaoxin   Shanghai  
2026-07-17T12:46:58.868894+00:00 tilloGPT-hermes kernel: BIOS-provided physical RAM map:
2026-07-17T12:46:58.868895+00:00 tilloGPT-hermes kernel: BIOS-e820: [mem 0x0000000000000000-0x000000000003efff] usable
2026-07-17T12:46:58.868895+00:00 tilloGPT-hermes kernel: BIOS-e820: [mem 0x000000000003f000-0x000000000003ffff] reserved
2026-07-17T12:46:58.868895+00:00 tilloGPT-hermes kernel: BIOS-e820: [mem 0x0000000000040000-0x000000000009ffff] usable
2026-07-17T12:46:58.868896+00:00 tilloGPT-hermes kernel: BIOS-e820: [mem 0x00000000000a0000-0x00000000000fffff] reserved
2026-07-17T12:46:58.868897+00:00 tilloGPT-hermes kernel: BIOS-e820: [mem 0x0000000000100000-0x000000004be55fff] usable
2026-07-17T12:46:58.868898+00:00 tilloGPT-hermes kernel: BIOS-e820: [mem 0x000000004be56000-0x000000004ce55fff] reserved
2026-07-17T12:46:58.868898+00:00 tilloGPT-hermes kernel: BIOS-e820: [mem 0x000000004ce56000-0x000000004cfcffff] ACPI data
2026-07-17T12:46:58.868899+00:00 tilloGPT-hermes kernel: BIOS-e820: [mem 0x000000004cfd0000-0x000000004ddd5fff] ACPI NVS
2026-07-17T12:46:58.868899+00:00 tilloGPT-hermes kernel: BIOS-e820: [mem 0x000000004ddd6000-0x000000004ddd6fff] reserved
2026-07-17T12:46:58.868899+00:00 tilloGPT-hermes kernel: BIOS-e820: [mem 0x000000004ddd7000-0x000000004e1cffff] ACPI NVS
2026-07-17T12:46:58.868900+00:00 tilloGPT-hermes kernel: BIOS-e820: [mem 0x000000004e1d0000-0x000000004fb77fff] reserved
2026-07-17T12:46:58.868903+00:00 tilloGPT-hermes kernel: BIOS-e820: [mem 0x000000004fb78000-0x000000004fffffff] usable
2026-07-17T12:46:58.868903+00:00 tilloGPT-hermes kernel: BIOS-e820: [mem 0x0000000050000000-0x000000006fffffff] reserved
2026-07-17T12:46:58.868904+00:00 tilloGPT-hermes kernel: BIOS-e820: [mem 0x00000000fd000000-0x00000000fe010fff] reserved
2026-07-17T12:46:58.868904+00:00 tilloGPT-hermes kernel: BIOS-e820: [mem 0x00000000fec00000-0x00000000fec00fff] reserved
2026-07-17T12:46:58.868904+00:00 tilloGPT-hermes kernel: BIOS-e820: [mem 0x00000000fed00000-0x00000000fed00fff] reserved
2026-07-17T12:46:58.868943+00:00 tilloGPT-hermes kernel: BIOS-e820: [mem 0x00000000fee00000-0x00000000fee00fff] reserved
2026-07-17T12:46:58.868946+00:00 tilloGPT-hermes kernel: BIOS-e820: [mem 0x00000000ff000000-0x00000000ffffffff] reserved
2026-07-17T12:46:58.868946+00:00 tilloGPT-hermes kernel: BIOS-e820: [mem 0x0000000100000000-0x000000089fffffff] usable
2026-07-17T12:46:58.868946+00:00 tilloGPT-hermes kernel: NX (Execute Disable) protection: active
2026-07-17T12:46:58.868947+00:00 tilloGPT-hermes kernel: APIC: Static calls initialized
2026-07-17T12:46:58.868947+00:00 tilloGPT-hermes kernel: e820: update [mem 0x3143a018-0x3145a057] usable ==> usable
2026-07-17T12:46:58.868948+00:00 tilloGPT-hermes kernel: e820: update [mem 0x3143a018-0x3145a057] usable ==> usable
2026-07-17T12:46:58.868951+00:00 tilloGPT-hermes kernel: e820: update [mem 0x31419018-0x31439057] usable ==> usable
2026-07-17T12:46:58.868952+00:00 tilloGPT-hermes kernel: e820: update [mem 0x31419018-0x31439057] usable ==> usable
2026-07-17T12:46:58.868952+00:00 tilloGPT-hermes kernel: e820: update [mem 0x31408018-0x31418e57] usable ==> usable
2026-07-17T12:46:58.868953+00:00 tilloGPT-hermes kernel: e820: update [mem 0x31408018-0x31418e57] usable ==> usable
2026-07-17T12:46:58.868954+00:00 tilloGPT-hermes kernel: e820: update [mem 0x313e8018-0x31407a57] usable ==> usable
2026-07-17T12:46:58.868954+00:00 tilloGPT-hermes kernel: e820: update [mem 0x313e8018-0x31407a57] usable ==> usable
2026-07-17T12:46:58.868956+00:00 tilloGPT-hermes kernel: e820: update [mem 0x313c8018-0x313e7a57] usable ==> usable
2026-07-17T12:46:58.868957+00:00 tilloGPT-hermes kernel: e820: update [mem 0x313c8018-0x313e7a57] usable ==> usable
2026-07-17T12:46:58.868957+00:00 tilloGPT-hermes kernel: e820: update [mem 0x313a8018-0x313c7a57] usable ==> usable
2026-07-17T12:46:58.868960+00:00 tilloGPT-hermes kernel: e820: update [mem 0x313a8018-0x313c7a57] usable ==> usable
2026-07-17T12:46:58.868960+00:00 tilloGPT-hermes kernel: e820: update [mem 0x31388018-0x313a7a57] usable ==> usable
2026-07-17T12:46:58.868961+00:00 tilloGPT-hermes kernel: e820: update [mem 0x31388018-0x313a7a57] usable ==> usable
2026-07-17T12:46:58.868963+00:00 tilloGPT-hermes kernel: e820: update [mem 0x31363018-0x31387657] usable ==> usable
2026-07-17T12:46:58.868964+00:00 tilloGPT-hermes kernel: e820: update [mem 0x31363018-0x31387657] usable ==> usable
2026-07-17T12:46:58.868964+00:00 tilloGPT-hermes kernel: extended physical RAM map:
2026-07-17T12:46:58.868965+00:00 tilloGPT-hermes kernel: reserve setup_data: [mem 0x0000000000000000-0x000000000003efff] usable
2026-07-17T12:46:58.868965+00:00 tilloGPT-hermes kernel: reserve setup_data: [mem 0x000000000003f000-0x000000000003ffff] reserved
2026-07-17T12:46:58.868967+00:00 tilloGPT-hermes kernel: reserve setup_data: [mem 0x0000000000040000-0x000000000009ffff] usable
2026-07-17T12:46:58.868969+00:00 tilloGPT-hermes kernel: reserve setup_data: [mem 0x00000000000a0000-0x00000000000fffff] reserved
2026-07-17T12:46:58.868970+00:00 tilloGPT-hermes kernel: reserve setup_data: [mem 0x0000000000100000-0x0000000031363017] usable
2026-07-17T12:46:58.868970+00:00 tilloGPT-hermes kernel: reserve setup_data: [mem 0x0000000031363018-0x0000000031387657] usable
2026-07-17T12:46:58.868971+00:00 tilloGPT-hermes kernel: reserve setup_data: [mem 0x0000000031387658-0x0000000031388017] usable
2026-07-17T12:46:58.868972+00:00 tilloGPT-hermes kernel: reserve setup_data: [mem 0x0000000031388018-0x00000000313a7a57] usable
2026-07-17T12:46:58.868972+00:00 tilloGPT-hermes kernel: reserve setup_data: [mem 0x00000000313a7a58-0x00000000313a8017] usable
2026-07-17T12:46:58.868973+00:00 tilloGPT-hermes kernel: reserve setup_data: [mem 0x00000000313a8018-0x00000000313c7a57] usable
2026-07-17T12:46:58.868974+00:00 tilloGPT-hermes kernel: reserve setup_data: [mem 0x00000000313c7a58-0x00000000313c8017] usable
2026-07-17T12:46:58.868976+00:00 tilloGPT-hermes kernel: reserve setup_data: [mem 0x00000000313c8018-0x00000000313e7a57] usable
2026-07-17T12:46:58.868976+00:00 tilloGPT-hermes kernel: reserve setup_data: [mem 0x00000000313e7a58-0x00000000313e8017] usable
2026-07-17T12:46:58.868978+00:00 tilloGPT-hermes kernel: reserve setup_data: [mem 0x00000000313e8018-0x0000000031407a57] usable
2026-07-17T12:46:58.868978+00:00 tilloGPT-hermes kernel: reserve setup_data: [mem 0x0000000031407a58-0x0000000031408017] usable
2026-07-17T12:46:58.868979+00:00 tilloGPT-hermes kernel: reserve setup_data: [mem 0x0000000031408018-0x0000000031418e57] usable
2026-07-17T12:46:58.868980+00:00 tilloGPT-hermes kernel: reserve setup_data: [mem 0x0000000031418e58-0x0000000031419017] usable
2026-07-17T12:46:58.868981+00:00 tilloGPT-hermes kernel: reserve setup_data: [mem 0x0000000031419018-0x0000000031439057] usable
2026-07-17T12:46:58.868982+00:00 tilloGPT-hermes kernel: reserve setup_data: [mem 0x0000000031439058-0x000000003143a017] usable
2026-07-17T12:46:58.868982+00:00 tilloGPT-hermes kernel: reserve setup_data: [mem 0x000000003143a018-0x000000003145a057] usable
2026-07-17T12:46:58.868983+00:00 tilloGPT-hermes kernel: reserve setup_data: [mem 0x000000003145a058-0x000000004be55fff] usable
2026-07-17T12:46:58.868983+00:00 tilloGPT-hermes kernel: reserve setup_data: [mem 0x000000004be56000-0x000000004ce55fff] reserved
2026-07-17T12:46:58.868985+00:00 tilloGPT-hermes kernel: reserve setup_data: [mem 0x000000004ce56000-0x000000004cfcffff] ACPI data
2026-07-17T12:46:58.868986+00:00 tilloGPT-hermes kernel: reserve setup_data: [mem 0x000000004cfd0000-0x000000004ddd5fff] ACPI NVS
2026-07-17T12:46:58.868987+00:00 tilloGPT-hermes kernel: reserve setup_data: [mem 0x000000004ddd6000-0x000000004ddd6fff] reserved
2026-07-17T12:46:58.868988+00:00 tilloGPT-hermes kernel: reserve setup_data: [mem 0x000000004ddd7000-0x000000004e1cffff] ACPI NVS
2026-07-17T12:46:58.868988+00:00 tilloGPT-hermes kernel: reserve setup_data: [mem 0x000000004e1d0000-0x000000004fb77fff] reserved
2026-07-17T12:46:58.868989+00:00 tilloGPT-hermes kernel: reserve setup_data: [mem 0x000000004fb78000-0x000000004fffffff] usable
2026-07-17T12:46:58.868989+00:00 tilloGPT-hermes kernel: reserve setup_data: [mem 0x0000000050000000-0x000000006fffffff] reserved
2026-07-17T12:46:58.868991+00:00 tilloGPT-hermes kernel: reserve setup_data: [mem 0x00000000fd000000-0x00000000fe010fff] reserved
2026-07-17T12:46:58.868992+00:00 tilloGPT-hermes kernel: reserve setup_data: [mem 0x00000000fec00000-0x00000000fec00fff] reserved
2026-07-17T12:46:58.868992+00:00 tilloGPT-hermes kernel: reserve setup_data: [mem 0x00000000fed00000-0x00000000fed00fff] reserved
2026-07-17T12:46:58.868993+00:00 tilloGPT-hermes kernel: reserve setup_data: [mem 0x00000000fee00000-0x00000000fee00fff] reserved
2026-07-17T12:46:58.868993+00:00 tilloGPT-hermes kernel: reserve setup_data: [mem 0x00000000ff000000-0x00000000ffffffff] reserved
2026-07-17T12:46:58.868994+00:00 tilloGPT-hermes kernel: reserve setup_data: [mem 0x0000000100000000-0x000000089fffffff] usable
2026-07-17T12:46:58.868996+00:00 tilloGPT-hermes kernel: efi: EFI v2.7 by American Megatrends
2026-07-17T12:46:58.868996+00:00 tilloGPT-hermes kernel: efi: TPMFinalLog=0x4e15b000 ACPI=0x4e15a000 ACPI 2.0=0x4e15a014 SMBIOS=0x4f7f4000 MEMATTR=0x47bb0098 ESRT=0x48d0c798 MOKvar=0x4f80b000 INITRD=0x37f96098 RNG=0x4cea1018 TPMEventLog=0x4ce9c018 
2026-07-17T12:46:58.868997+00:00 tilloGPT-hermes kernel: random: crng init done
2026-07-17T12:46:58.868997+00:00 tilloGPT-hermes kernel: efi: Remove mem58: MMIO range=[0x60000000-0x6fffffff] (256MB) from e820 map
2026-07-17T12:46:58.868999+00:00 tilloGPT-hermes kernel: e820: remove [mem 0x60000000-0x6fffffff] reserved
2026-07-17T12:46:58.869000+00:00 tilloGPT-hermes kernel: efi: Remove mem59: MMIO range=[0xfd000000-0xfe010fff] (16MB) from e820 map
2026-07-17T12:46:58.869001+00:00 tilloGPT-hermes kernel: e820: remove [mem 0xfd000000-0xfe010fff] reserved
2026-07-17T12:46:58.869002+00:00 tilloGPT-hermes kernel: efi: Not removing mem60: MMIO range=[0xfec00000-0xfec00fff] (4KB) from e820 map
2026-07-17T12:46:58.869002+00:00 tilloGPT-hermes kernel: efi: Not removing mem61: MMIO range=[0xfed00000-0xfed00fff] (4KB) from e820 map
2026-07-17T12:46:58.869003+00:00 tilloGPT-hermes kernel: efi: Not removing mem62: MMIO range=[0xfee00000-0xfee00fff] (4KB) from e820 map
2026-07-17T12:46:58.869003+00:00 tilloGPT-hermes kernel: efi: Remove mem63: MMIO range=[0xff000000-0xffffffff] (16MB) from e820 map
2026-07-17T12:46:58.869004+00:00 tilloGPT-hermes kernel: e820: remove [mem 0xff000000-0xffffffff] reserved
2026-07-17T12:46:58.869004+00:00 tilloGPT-hermes kernel: secureboot: Secure boot disabled
2026-07-17T12:46:58.869007+00:00 tilloGPT-hermes kernel: SMBIOS 2.8 present.
2026-07-17T12:46:58.869008+00:00 tilloGPT-hermes kernel: DMI: Micro-Star International Co., Ltd. MS-7B94/X299 PRO (MS-7B94), BIOS 1.42 09/07/2022
2026-07-17T12:46:58.869054+00:00 tilloGPT-hermes kernel: tsc: Detected 3700.000 MHz processor
2026-07-17T12:46:58.869055+00:00 tilloGPT-hermes kernel: tsc: Detected 3699.850 MHz TSC
2026-07-17T12:46:58.869056+00:00 tilloGPT-hermes kernel: [Firmware Bug]: TSC ADJUST: CPU0: -2729084187060 force to 0
2026-07-17T12:46:58.869056+00:00 tilloGPT-hermes kernel: e820: update [mem 0x00000000-0x00000fff] usable ==> reserved
2026-07-17T12:46:58.869058+00:00 tilloGPT-hermes kernel: e820: remove [mem 0x000a0000-0x000fffff] usable
2026-07-17T12:46:58.869058+00:00 tilloGPT-hermes kernel: last_pfn = 0x8a0000 max_arch_pfn = 0x400000000
2026-07-17T12:46:58.869059+00:00 tilloGPT-hermes kernel: total RAM covered: 32752M
2026-07-17T12:46:58.869059+00:00 tilloGPT-hermes kernel: Found optimal setting for mtrr clean up
2026-07-17T12:46:58.869060+00:00 tilloGPT-hermes kernel:  gran_size: 64K 	chunk_size: 32M 	num_reg: 8  	lose cover RAM: 0G
2026-07-17T12:46:58.869061+00:00 tilloGPT-hermes kernel: MTRR map: 5 entries (2 fixed + 3 variable; max 22), built from 10 variable MTRRs
2026-07-17T12:46:58.869061+00:00 tilloGPT-hermes kernel: x86/PAT: Configuration [0-7]: WB  WC  UC- UC  WB  WP  UC- WT  
2026-07-17T12:46:58.869063+00:00 tilloGPT-hermes kernel: e820: update [mem 0x5f000000-0xffffffff] usable ==> reserved
2026-07-17T12:46:58.869063+00:00 tilloGPT-hermes kernel: last_pfn = 0x50000 max_arch_pfn = 0x400000000
2026-07-17T12:46:58.869063+00:00 tilloGPT-hermes kernel: esrt: Reserving ESRT space from 0x0000000048d0c798 to 0x0000000048d0c7d0.
2026-07-17T12:46:58.869064+00:00 tilloGPT-hermes kernel: e820: update [mem 0x48d0c000-0x48d0cfff] usable ==> reserved
2026-07-17T12:46:58.869064+00:00 tilloGPT-hermes kernel: Using GB pages for direct mapping
2026-07-17T12:46:58.869064+00:00 tilloGPT-hermes kernel: secureboot: Secure boot disabled
2026-07-17T12:46:58.869067+00:00 tilloGPT-hermes kernel: RAMDISK: [mem 0x3145c000-0x35d5cfff]
2026-07-17T12:46:58.869068+00:00 tilloGPT-hermes kernel: ACPI: Early table checksum verification disabled
2026-07-17T12:46:58.869069+00:00 tilloGPT-hermes kernel: ACPI: RSDP 0x000000004E15A014 000024 (v02 ALASKA)
2026-07-17T12:46:58.869069+00:00 tilloGPT-hermes kernel: ACPI: XSDT 0x000000004E159728 000114 (v01 ALASKA A M I    01072009 AMI  01000013)
2026-07-17T12:46:58.869070+00:00 tilloGPT-hermes kernel: ACPI: FACP 0x000000004CFCF000 000114 (v06 ALASKA A M I    01072009 AMI  00010013)
2026-07-17T12:46:58.869070+00:00 tilloGPT-hermes kernel: ACPI: DSDT 0x000000004CF14000 0BA0AF (v02 ALASKA A M I    01072009 INTL 20160422)
2026-07-17T12:46:58.869072+00:00 tilloGPT-hermes kernel: ACPI: FACS 0x000000004E158000 000040
2026-07-17T12:46:58.869072+00:00 tilloGPT-hermes kernel: ACPI: FIDT 0x000000004CF13000 00009C (v01 ALASKA A M I    01072009 AMI  00010013)
2026-07-17T12:46:58.869073+00:00 tilloGPT-hermes kernel: ACPI: MCFG 0x000000004CF12000 00003C (v01 ALASKA A M I    01072009 MSFT 00000097)
2026-07-17T12:46:58.869074+00:00 tilloGPT-hermes kernel: ACPI: HPET 0x000000004CF11000 000038 (v01 ALASKA A M I    00000001 INTL 20091013)
2026-07-17T12:46:58.869074+00:00 tilloGPT-hermes kernel: ACPI: APIC 0x000000004CF10000 00071E (v03 ALASKA A M I    00000000 INTL 20091013)
2026-07-17T12:46:58.869076+00:00 tilloGPT-hermes kernel: ACPI: MIGT 0x000000004CF0F000 000040 (v01 ALASKA A M I    00000000 INTL 20091013)
2026-07-17T12:46:58.869076+00:00 tilloGPT-hermes kernel: ACPI: MSCT 0x000000004CF0E000 00004E (v01 ALASKA A M I    00000001 INTL 20091013)
2026-07-17T12:46:58.869079+00:00 tilloGPT-hermes kernel: ACPI: PCAT 0x000000004CF0D000 000068 (v02 ALASKA A M I    00000002 INTL 20091013)
2026-07-17T12:46:58.869080+00:00 tilloGPT-hermes kernel: ACPI: PCCT 0x000000004CF0C000 00006E (v01 ALASKA A M I    00000002 INTL 20091013)
2026-07-17T12:46:58.869080+00:00 tilloGPT-hermes kernel: ACPI: RASF 0x000000004CF0B000 000030 (v01 ALASKA A M I    00000001 INTL 20091013)
2026-07-17T12:46:58.869080+00:00 tilloGPT-hermes kernel: ACPI: SLIT 0x000000004CF0A000 00006C (v01 ALASKA A M I    00000001 INTL 20091013)
2026-07-17T12:46:58.869081+00:00 tilloGPT-hermes kernel: ACPI: SRAT 0x000000004CF09000 000B70 (v03 ALASKA A M I    00000002 INTL 20091013)
2026-07-17T12:46:58.869081+00:00 tilloGPT-hermes kernel: ACPI: SVOS 0x000000004CF08000 000032 (v01 ALASKA A M I    00000000 INTL 20091013)
2026-07-17T12:46:58.869083+00:00 tilloGPT-hermes kernel: ACPI: WDDT 0x000000004CF07000 000040 (v01 ALASKA A M I    00000000 INTL 20091013)
2026-07-17T12:46:58.869083+00:00 tilloGPT-hermes kernel: ACPI: OEM4 0x000000004CEDD000 029A72 (v02 INTEL  CPU  CST 00003000 INTL 20160422)
2026-07-17T12:46:58.869084+00:00 tilloGPT-hermes kernel: ACPI: OEM1 0x000000004CED2000 00ABCB (v02 INTEL  CPU EIST 00003000 INTL 20160422)
2026-07-17T12:46:58.869085+00:00 tilloGPT-hermes kernel: ACPI: OEM2 0x000000004CEBF000 0125B8 (v02 INTEL  CPU  HWP 00003000 INTL 20160422)
2026-07-17T12:46:58.869086+00:00 tilloGPT-hermes kernel: ACPI: SSDT 0x000000004CEB1000 00D427 (v02 INTEL  SSDT  PM 00004000 INTL 20160422)
2026-07-17T12:46:58.869086+00:00 tilloGPT-hermes kernel: ACPI: NITR 0x000000004CEB0000 000071 (v02 ALASKA A M I    00000001 INTL 20091013)
2026-07-17T12:46:58.869086+00:00 tilloGPT-hermes kernel: ACPI: SSDT 0x000000004CEAF000 000E7C (v02 ALASKA A M I    00000000 INTL 20091013)
2026-07-17T12:46:58.869088+00:00 tilloGPT-hermes kernel: ACPI: LPIT 0x000000004CEAE000 000094 (v01 INTEL  SKL      00000000 MSFT 0000005F)
2026-07-17T12:46:58.869088+00:00 tilloGPT-hermes kernel: ACPI: WDAT 0x000000004CEAC000 000134 (v01 INTEL  SKL      00000000 MSFT 0000005F)
2026-07-17T12:46:58.869089+00:00 tilloGPT-hermes kernel: ACPI: SSDT 0x000000004CEA8000 003002 (v02 INTEL  PtidDevc 00001000 INTL 20160422)
2026-07-17T12:46:58.869089+00:00 tilloGPT-hermes kernel: ACPI: DBGP 0x000000004CEA7000 000034 (v01 INTEL           01072009 MSFT 0000005F)
2026-07-17T12:46:58.869089+00:00 tilloGPT-hermes kernel: ACPI: DBG2 0x000000004CEA6000 000061 (v00 INTEL           01072009 MSFT 0000005F)
2026-07-17T12:46:58.869090+00:00 tilloGPT-hermes kernel: ACPI: TPM2 0x000000004CEA5000 00004C (v04 ALASKA A M I    00000001 AMI  00000000)
2026-07-17T12:46:58.869091+00:00 tilloGPT-hermes kernel: ACPI: BGRT 0x000000004CEA4000 000038 (v01 ALASKA A M I    01072009 AMI  00010013)
2026-07-17T12:46:58.869092+00:00 tilloGPT-hermes kernel: ACPI: WSMT 0x000000004CEAD000 000028 (v01 ALASKA A M I    01072009 AMI  00010013)
2026-07-17T12:46:58.869092+00:00 tilloGPT-hermes kernel: ACPI: APIC 0x000000004CEA3000 000194 (v03 ALASKA A M I    01072009 AMI  00010013)
2026-07-17T12:46:58.869093+00:00 tilloGPT-hermes kernel: ACPI: FPDT 0x000000004CEA2000 000044 (v01 ALASKA A M I    01072009 AMI  01000013)
2026-07-17T12:46:58.869093+00:00 tilloGPT-hermes kernel: ACPI: Reserving FACP table memory at [mem 0x4cfcf000-0x4cfcf113]
2026-07-17T12:46:58.869094+00:00 tilloGPT-hermes kernel: ACPI: Reserving DSDT table memory at [mem 0x4cf14000-0x4cfce0ae]
2026-07-17T12:46:58.869095+00:00 tilloGPT-hermes kernel: ACPI: Reserving FACS table memory at [mem 0x4e158000-0x4e15803f]
2026-07-17T12:46:58.869096+00:00 tilloGPT-hermes kernel: ACPI: Reserving FIDT table memory at [mem 0x4cf13000-0x4cf1309b]
2026-07-17T12:46:58.869096+00:00 tilloGPT-hermes kernel: ACPI: Reserving MCFG table memory at [mem 0x4cf12000-0x4cf1203b]
2026-07-17T12:46:58.869097+00:00 tilloGPT-hermes kernel: ACPI: Reserving HPET table memory at [mem 0x4cf11000-0x4cf11037]
2026-07-17T12:46:58.869097+00:00 tilloGPT-hermes kernel: ACPI: Reserving APIC table memory at [mem 0x4cf10000-0x4cf1071d]
2026-07-17T12:46:58.869098+00:00 tilloGPT-hermes kernel: ACPI: Reserving MIGT table memory at [mem 0x4cf0f000-0x4cf0f03f]
2026-07-17T12:46:58.869098+00:00 tilloGPT-hermes kernel: ACPI: Reserving MSCT table memory at [mem 0x4cf0e000-0x4cf0e04d]
2026-07-17T12:46:58.869099+00:00 tilloGPT-hermes kernel: ACPI: Reserving PCAT table memory at [mem 0x4cf0d000-0x4cf0d067]
2026-07-17T12:46:58.869100+00:00 tilloGPT-hermes kernel: ACPI: Reserving PCCT table memory at [mem 0x4cf0c000-0x4cf0c06d]
2026-07-17T12:46:58.869100+00:00 tilloGPT-hermes kernel: ACPI: Reserving RASF table memory at [mem 0x4cf0b000-0x4cf0b02f]
2026-07-17T12:46:58.869101+00:00 tilloGPT-hermes kernel: ACPI: Reserving SLIT table memory at [mem 0x4cf0a000-0x4cf0a06b]
2026-07-17T12:46:58.869101+00:00 tilloGPT-hermes kernel: ACPI: Reserving SRAT table memory at [mem 0x4cf09000-0x4cf09b6f]
2026-07-17T12:46:58.869102+00:00 tilloGPT-hermes kernel: ACPI: Reserving SVOS table memory at [mem 0x4cf08000-0x4cf08031]
2026-07-17T12:46:58.869103+00:00 tilloGPT-hermes kernel: ACPI: Reserving WDDT table memory at [mem 0x4cf07000-0x4cf0703f]
2026-07-17T12:46:58.869104+00:00 tilloGPT-hermes kernel: ACPI: Reserving OEM4 table memory at [mem 0x4cedd000-0x4cf06a71]
2026-07-17T12:46:58.869104+00:00 tilloGPT-hermes kernel: ACPI: Reserving OEM1 table memory at [mem 0x4ced2000-0x4cedcbca]
2026-07-17T12:46:58.869105+00:00 tilloGPT-hermes kernel: ACPI: Reserving OEM2 table memory at [mem 0x4cebf000-0x4ced15b7]
2026-07-17T12:46:58.869105+00:00 tilloGPT-hermes kernel: ACPI: Reserving SSDT table memory at [mem 0x4ceb1000-0x4cebe426]
2026-07-17T12:46:58.869105+00:00 tilloGPT-hermes kernel: ACPI: Reserving NITR table memory at [mem 0x4ceb0000-0x4ceb0070]
2026-07-17T12:46:58.869106+00:00 tilloGPT-hermes kernel: ACPI: Reserving SSDT table memory at [mem 0x4ceaf000-0x4ceafe7b]
2026-07-17T12:46:58.869107+00:00 tilloGPT-hermes kernel: ACPI: Reserving LPIT table memory at [mem 0x4ceae000-0x4ceae093]
2026-07-17T12:46:58.869108+00:00 tilloGPT-hermes kernel: ACPI: Reserving WDAT table memory at [mem 0x4ceac000-0x4ceac133]
2026-07-17T12:46:58.869108+00:00 tilloGPT-hermes kernel: ACPI: Reserving SSDT table memory at [mem 0x4cea8000-0x4ceab001]
2026-07-17T12:46:58.869109+00:00 tilloGPT-hermes kernel: ACPI: Reserving DBGP table memory at [mem 0x4cea7000-0x4cea7033]
2026-07-17T12:46:58.869110+00:00 tilloGPT-hermes kernel: ACPI: Reserving DBG2 table memory at [mem 0x4cea6000-0x4cea6060]
2026-07-17T12:46:58.869111+00:00 tilloGPT-hermes kernel: ACPI: Reserving TPM2 table memory at [mem 0x4cea5000-0x4cea504b]
2026-07-17T12:46:58.869112+00:00 tilloGPT-hermes kernel: ACPI: Reserving BGRT table memory at [mem 0x4cea4000-0x4cea4037]
2026-07-17T12:46:58.869113+00:00 tilloGPT-hermes kernel: ACPI: Reserving WSMT table memory at [mem 0x4cead000-0x4cead027]
2026-07-17T12:46:58.869113+00:00 tilloGPT-hermes kernel: ACPI: Reserving APIC table memory at [mem 0x4cea3000-0x4cea3193]
2026-07-17T12:46:58.869114+00:00 tilloGPT-hermes kernel: ACPI: Reserving FPDT table memory at [mem 0x4cea2000-0x4cea2043]
2026-07-17T12:46:58.869114+00:00 tilloGPT-hermes kernel: ACPI: BIOS bug: multiple APIC/MADT found, using 0
2026-07-17T12:46:58.869114+00:00 tilloGPT-hermes kernel: ACPI: If "acpi_apic_instance=2" works better, notify linux-acpi@vger.kernel.org
2026-07-17T12:46:58.869116+00:00 tilloGPT-hermes kernel: SRAT: PXM 0 -> APIC 0x00 -> Node 0
2026-07-17T12:46:58.869117+00:00 tilloGPT-hermes kernel: SRAT: PXM 0 -> APIC 0x04 -> Node 0
2026-07-17T12:46:58.869117+00:00 tilloGPT-hermes kernel: SRAT: PXM 0 -> APIC 0x06 -> Node 0
2026-07-17T12:46:58.869118+00:00 tilloGPT-hermes kernel: SRAT: PXM 0 -> APIC 0x08 -> Node 0
2026-07-17T12:46:58.869118+00:00 tilloGPT-hermes kernel: SRAT: PXM 0 -> APIC 0x0a -> Node 0
2026-07-17T12:46:58.869119+00:00 tilloGPT-hermes kernel: SRAT: PXM 0 -> APIC 0x10 -> Node 0
2026-07-17T12:46:58.869119+00:00 tilloGPT-hermes kernel: SRAT: PXM 0 -> APIC 0x12 -> Node 0
2026-07-17T12:46:58.869121+00:00 tilloGPT-hermes kernel: SRAT: PXM 0 -> APIC 0x16 -> Node 0
2026-07-17T12:46:58.869121+00:00 tilloGPT-hermes kernel: SRAT: PXM 0 -> APIC 0x18 -> Node 0
2026-07-17T12:46:58.869121+00:00 tilloGPT-hermes kernel: SRAT: PXM 0 -> APIC 0x1c -> Node 0
2026-07-17T12:46:58.869122+00:00 tilloGPT-hermes kernel: SRAT: PXM 0 -> APIC 0x01 -> Node 0
2026-07-17T12:46:58.869122+00:00 tilloGPT-hermes kernel: SRAT: PXM 0 -> APIC 0x05 -> Node 0
2026-07-17T12:46:58.869171+00:00 tilloGPT-hermes kernel: SRAT: PXM 0 -> APIC 0x07 -> Node 0
2026-07-17T12:46:58.869173+00:00 tilloGPT-hermes kernel: SRAT: PXM 0 -> APIC 0x09 -> Node 0
2026-07-17T12:46:58.869173+00:00 tilloGPT-hermes kernel: SRAT: PXM 0 -> APIC 0x0b -> Node 0
2026-07-17T12:46:58.869174+00:00 tilloGPT-hermes kernel: SRAT: PXM 0 -> APIC 0x11 -> Node 0
2026-07-17T12:46:58.869174+00:00 tilloGPT-hermes kernel: SRAT: PXM 0 -> APIC 0x13 -> Node 0
2026-07-17T12:46:58.869175+00:00 tilloGPT-hermes kernel: SRAT: PXM 0 -> APIC 0x17 -> Node 0
2026-07-17T12:46:58.869175+00:00 tilloGPT-hermes kernel: SRAT: PXM 0 -> APIC 0x19 -> Node 0
2026-07-17T12:46:58.869175+00:00 tilloGPT-hermes kernel: SRAT: PXM 0 -> APIC 0x1d -> Node 0
2026-07-17T12:46:58.869180+00:00 tilloGPT-hermes kernel: ACPI: SRAT: Node 0 PXM 0 [mem 0x00000000-0x5fffffff]
2026-07-17T12:46:58.869181+00:00 tilloGPT-hermes kernel: ACPI: SRAT: Node 0 PXM 0 [mem 0x100000000-0x89fffffff]
2026-07-17T12:46:58.869181+00:00 tilloGPT-hermes kernel: NUMA: Initialized distance table, cnt=1
2026-07-17T12:46:58.869182+00:00 tilloGPT-hermes kernel: NUMA: Node 0 [mem 0x00000000-0x5fffffff] + [mem 0x100000000-0x89fffffff] -> [mem 0x00000000-0x89fffffff]
2026-07-17T12:46:58.869182+00:00 tilloGPT-hermes kernel: NODE_DATA(0) allocated [mem 0x89ffd4000-0x89fffefff]
2026-07-17T12:46:58.869183+00:00 tilloGPT-hermes kernel: Zone ranges:
2026-07-17T12:46:58.869187+00:00 tilloGPT-hermes kernel:   DMA      [mem 0x0000000000001000-0x0000000000ffffff]
2026-07-17T12:46:58.869188+00:00 tilloGPT-hermes kernel:   DMA32    [mem 0x0000000001000000-0x00000000ffffffff]
2026-07-17T12:46:58.869188+00:00 tilloGPT-hermes kernel:   Normal   [mem 0x0000000100000000-0x000000089fffffff]
2026-07-17T12:46:58.869188+00:00 tilloGPT-hermes kernel:   Device   empty
2026-07-17T12:46:58.869189+00:00 tilloGPT-hermes kernel: Movable zone start for each node
2026-07-17T12:46:58.869189+00:00 tilloGPT-hermes kernel: Early memory node ranges
2026-07-17T12:46:58.869192+00:00 tilloGPT-hermes kernel:   node   0: [mem 0x0000000000001000-0x000000000003efff]
2026-07-17T12:46:58.869193+00:00 tilloGPT-hermes kernel:   node   0: [mem 0x0000000000040000-0x000000000009ffff]
2026-07-17T12:46:58.869193+00:00 tilloGPT-hermes kernel:   node   0: [mem 0x0000000000100000-0x000000004be55fff]
2026-07-17T12:46:58.869194+00:00 tilloGPT-hermes kernel:   node   0: [mem 0x000000004fb78000-0x000000004fffffff]
2026-07-17T12:46:58.869194+00:00 tilloGPT-hermes kernel:   node   0: [mem 0x0000000100000000-0x000000089fffffff]
2026-07-17T12:46:58.869194+00:00 tilloGPT-hermes kernel: Initmem setup node 0 [mem 0x0000000000001000-0x000000089fffffff]
2026-07-17T12:46:58.869195+00:00 tilloGPT-hermes kernel: On node 0, zone DMA: 1 pages in unavailable ranges
2026-07-17T12:46:58.869197+00:00 tilloGPT-hermes kernel: On node 0, zone DMA: 1 pages in unavailable ranges
2026-07-17T12:46:58.869198+00:00 tilloGPT-hermes kernel: On node 0, zone DMA: 96 pages in unavailable ranges
2026-07-17T12:46:58.869199+00:00 tilloGPT-hermes kernel: On node 0, zone DMA32: 15650 pages in unavailable ranges
2026-07-17T12:46:58.869199+00:00 tilloGPT-hermes kernel: ACPI: PM-Timer IO Port: 0x1808
2026-07-17T12:46:58.869200+00:00 tilloGPT-hermes kernel: ACPI: X2APIC_NMI (uid[0xffffffff] high level lint[0x1])
2026-07-17T12:46:58.869200+00:00 tilloGPT-hermes kernel: ACPI: LAPIC_NMI (acpi_id[0xff] high level lint[0x1])
2026-07-17T12:46:58.869203+00:00 tilloGPT-hermes kernel: IOAPIC[0]: apic_id 8, version 32, address 0xfec00000, GSI 0-23
2026-07-17T12:46:58.869204+00:00 tilloGPT-hermes kernel: IOAPIC[1]: apic_id 9, version 32, address 0xfec01000, GSI 24-31
2026-07-17T12:46:58.869204+00:00 tilloGPT-hermes kernel: IOAPIC[2]: apic_id 10, version 32, address 0xfec08000, GSI 32-39
2026-07-17T12:46:58.869206+00:00 tilloGPT-hermes kernel: IOAPIC[3]: apic_id 11, version 32, address 0xfec10000, GSI 40-47
2026-07-17T12:46:58.869206+00:00 tilloGPT-hermes kernel: IOAPIC[4]: apic_id 12, version 32, address 0xfec18000, GSI 48-55
2026-07-17T12:46:58.869207+00:00 tilloGPT-hermes kernel: ACPI: INT_SRC_OVR (bus 0 bus_irq 0 global_irq 2 dfl dfl)
2026-07-17T12:46:58.869209+00:00 tilloGPT-hermes kernel: ACPI: INT_SRC_OVR (bus 0 bus_irq 9 global_irq 9 high level)
2026-07-17T12:46:58.869210+00:00 tilloGPT-hermes kernel: ACPI: Using ACPI (MADT) for SMP configuration information
2026-07-17T12:46:58.869210+00:00 tilloGPT-hermes kernel: ACPI: HPET id: 0x8086a701 base: 0xfed00000
2026-07-17T12:46:58.869210+00:00 tilloGPT-hermes kernel: e820: update [mem 0x4786f000-0x478b0fff] usable ==> reserved
2026-07-17T12:46:58.869211+00:00 tilloGPT-hermes kernel: TSC deadline timer available
2026-07-17T12:46:58.869211+00:00 tilloGPT-hermes kernel: smpboot: Allowing 20 CPUs, 0 hotplug CPUs
2026-07-17T12:46:58.869213+00:00 tilloGPT-hermes kernel: PM: hibernation: Registered nosave memory: [mem 0x00000000-0x00000fff]
2026-07-17T12:46:58.869215+00:00 tilloGPT-hermes kernel: PM: hibernation: Registered nosave memory: [mem 0x0003f000-0x0003ffff]
2026-07-17T12:46:58.869216+00:00 tilloGPT-hermes kernel: PM: hibernation: Registered nosave memory: [mem 0x000a0000-0x000fffff]
2026-07-17T12:46:58.869216+00:00 tilloGPT-hermes kernel: PM: hibernation: Registered nosave memory: [mem 0x4786f000-0x478b0fff]
2026-07-17T12:46:58.869217+00:00 tilloGPT-hermes kernel: PM: hibernation: Registered nosave memory: [mem 0x48d0c000-0x48d0cfff]
2026-07-17T12:46:58.869217+00:00 tilloGPT-hermes kernel: PM: hibernation: Registered nosave memory: [mem 0x4be56000-0x4fb77fff]
2026-07-17T12:46:58.869217+00:00 tilloGPT-hermes kernel: PM: hibernation: Registered nosave memory: [mem 0x50000000-0xffffffff]
2026-07-17T12:46:58.869220+00:00 tilloGPT-hermes kernel: [mem 0x60000000-0xfebfffff] available for PCI devices
2026-07-17T12:46:58.869220+00:00 tilloGPT-hermes kernel: Booting paravirtualized kernel on bare hardware
2026-07-17T12:46:58.869221+00:00 tilloGPT-hermes kernel: clocksource: refined-jiffies: mask: 0xffffffff max_cycles: 0xffffffff, max_idle_ns: 1910969940391419 ns
2026-07-17T12:46:58.869221+00:00 tilloGPT-hermes kernel: setup_percpu: NR_CPUS:8192 nr_cpumask_bits:20 nr_cpu_ids:20 nr_node_ids:1
2026-07-17T12:46:58.869222+00:00 tilloGPT-hermes kernel: percpu: Embedded 86 pages/cpu s229376 r8192 d114688 u524288
2026-07-17T12:46:58.869222+00:00 tilloGPT-hermes kernel: pcpu-alloc: s229376 r8192 d114688 u524288 alloc=1*2097152
2026-07-17T12:46:58.869225+00:00 tilloGPT-hermes kernel: pcpu-alloc: [0] 00 01 02 03 [0] 04 05 06 07 
2026-07-17T12:46:58.869225+00:00 tilloGPT-hermes kernel: pcpu-alloc: [0] 08 09 10 11 [0] 12 13 14 15 
2026-07-17T12:46:58.869226+00:00 tilloGPT-hermes kernel: pcpu-alloc: [0] 16 17 18 19 
2026-07-17T12:46:58.869226+00:00 tilloGPT-hermes kernel: Kernel command line: BOOT_IMAGE=/vmlinuz-6.8.0-136-generic root=UUID=5121ab6c-4335-442d-b2d0-7e8ab6140065 ro
2026-07-17T12:46:58.869227+00:00 tilloGPT-hermes kernel: Dentry cache hash table entries: 4194304 (order: 13, 33554432 bytes, linear)
2026-07-17T12:46:58.869227+00:00 tilloGPT-hermes kernel: Inode-cache hash table entries: 2097152 (order: 12, 16777216 bytes, linear)
2026-07-17T12:46:58.869229+00:00 tilloGPT-hermes kernel: Fallback order for Node 0: 0 
2026-07-17T12:46:58.869231+00:00 tilloGPT-hermes kernel: Built 1 zonelists, mobility grouping on.  Total pages: 8177362
2026-07-17T12:46:58.869231+00:00 tilloGPT-hermes kernel: Policy zone: Normal
2026-07-17T12:46:58.869232+00:00 tilloGPT-hermes kernel: mem auto-init: stack:all(zero), heap alloc:on, heap free:off
2026-07-17T12:46:58.869232+00:00 tilloGPT-hermes kernel: software IO TLB: area num 32.
2026-07-17T12:46:58.869233+00:00 tilloGPT-hermes kernel: Memory: 32378728K/33229296K available (22528K kernel code, 4441K rwdata, 14428K rodata, 4932K init, 4776K bss, 850308K reserved, 0K cma-reserved)
2026-07-17T12:46:58.869234+00:00 tilloGPT-hermes kernel: SLUB: HWalign=64, Order=0-3, MinObjects=0, CPUs=20, Nodes=1
2026-07-17T12:46:58.869236+00:00 tilloGPT-hermes kernel: ftrace: allocating 58332 entries in 228 pages
2026-07-17T12:46:58.869236+00:00 tilloGPT-hermes kernel: ftrace: allocated 228 pages with 4 groups
2026-07-17T12:46:58.869238+00:00 tilloGPT-hermes kernel: Dynamic Preempt: voluntary
2026-07-17T12:46:58.869239+00:00 tilloGPT-hermes kernel: rcu: Preemptible hierarchical RCU implementation.
2026-07-17T12:46:58.869239+00:00 tilloGPT-hermes kernel: rcu: 	RCU restricting CPUs from NR_CPUS=8192 to nr_cpu_ids=20.
2026-07-17T12:46:58.869239+00:00 tilloGPT-hermes kernel: 	Trampoline variant of Tasks RCU enabled.
2026-07-17T12:46:58.869242+00:00 tilloGPT-hermes kernel: 	Rude variant of Tasks RCU enabled.
2026-07-17T12:46:58.869242+00:00 tilloGPT-hermes kernel: 	Tracing variant of Tasks RCU enabled.
2026-07-17T12:46:58.869243+00:00 tilloGPT-hermes kernel: rcu: RCU calculated value of scheduler-enlistment delay is 100 jiffies.
2026-07-17T12:46:58.869243+00:00 tilloGPT-hermes kernel: rcu: Adjusting geometry for rcu_fanout_leaf=16, nr_cpu_ids=20
2026-07-17T12:46:58.869244+00:00 tilloGPT-hermes kernel: RCU Tasks: Setting shift to 5 and lim to 1 rcu_task_cb_adjust=1 rcu_task_cpu_ids=20.
2026-07-17T12:46:58.869245+00:00 tilloGPT-hermes kernel: RCU Tasks Rude: Setting shift to 5 and lim to 1 rcu_task_cb_adjust=1 rcu_task_cpu_ids=20.
2026-07-17T12:46:58.869248+00:00 tilloGPT-hermes kernel: RCU Tasks Trace: Setting shift to 5 and lim to 1 rcu_task_cb_adjust=1 rcu_task_cpu_ids=20.
2026-07-17T12:46:58.869249+00:00 tilloGPT-hermes kernel: NR_IRQS: 524544, nr_irqs: 1128, preallocated irqs: 16
2026-07-17T12:46:58.869249+00:00 tilloGPT-hermes kernel: rcu: srcu_init: Setting srcu_struct sizes based on contention.
2026-07-17T12:46:58.869250+00:00 tilloGPT-hermes kernel: Console: colour dummy device 80x25
2026-07-17T12:46:58.869250+00:00 tilloGPT-hermes kernel: printk: legacy console [tty0] enabled
2026-07-17T12:46:58.869250+00:00 tilloGPT-hermes kernel: ACPI: Core revision 20230628
2026-07-17T12:46:58.869251+00:00 tilloGPT-hermes kernel: clocksource: hpet: mask: 0xffffffff max_cycles: 0xffffffff, max_idle_ns: 79635855245 ns
2026-07-17T12:46:58.869253+00:00 tilloGPT-hermes kernel: APIC: Switch to symmetric I/O mode setup
2026-07-17T12:46:58.869254+00:00 tilloGPT-hermes kernel: x2apic: IRQ remapping doesn't support X2APIC mode
2026-07-17T12:46:58.869255+00:00 tilloGPT-hermes kernel: ..TIMER: vector=0x30 apic1=0 pin1=2 apic2=-1 pin2=-1
2026-07-17T12:46:58.869255+00:00 tilloGPT-hermes kernel: clocksource: tsc-early: mask: 0xffffffffffffffff max_cycles: 0x6aa99074b1c, max_idle_ns: 881590506587 ns
2026-07-17T12:46:58.869255+00:00 tilloGPT-hermes kernel: Calibrating delay loop (skipped), value calculated using timer frequency.. 7399.70 BogoMIPS (lpj=3699850)
2026-07-17T12:46:58.869256+00:00 tilloGPT-hermes kernel: CPU0: Thermal monitoring enabled (TM1)
2026-07-17T12:46:58.869258+00:00 tilloGPT-hermes kernel: process: using mwait in idle threads
2026-07-17T12:46:58.869259+00:00 tilloGPT-hermes kernel: Last level iTLB entries: 4KB 64, 2MB 8, 4MB 8
2026-07-17T12:46:58.869260+00:00 tilloGPT-hermes kernel: Last level dTLB entries: 4KB 64, 2MB 32, 4MB 32, 1GB 4
2026-07-17T12:46:58.869261+00:00 tilloGPT-hermes kernel: Spectre V1 : Mitigation: usercopy/swapgs barriers and __user pointer sanitization
2026-07-17T12:46:58.869262+00:00 tilloGPT-hermes kernel: Spectre V2 : Spectre BHI mitigation: SW BHB clearing on vm exit
2026-07-17T12:46:58.869263+00:00 tilloGPT-hermes kernel: Spectre V2 : Spectre BHI mitigation: SW BHB clearing on syscall
2026-07-17T12:46:58.869266+00:00 tilloGPT-hermes kernel: Spectre V2 : Mitigation: Enhanced / Automatic IBRS
2026-07-17T12:46:58.869266+00:00 tilloGPT-hermes kernel: Spectre V2 : Spectre v2 / PBRSB-eIBRS: Retire a single CALL on VMEXIT
2026-07-17T12:46:58.869267+00:00 tilloGPT-hermes kernel: RETBleed: Mitigation: Enhanced IBRS
2026-07-17T12:46:58.869267+00:00 tilloGPT-hermes kernel: Spectre V2 : mitigation: Enabling conditional Indirect Branch Prediction Barrier
2026-07-17T12:46:58.869267+00:00 tilloGPT-hermes kernel: Speculative Store Bypass: Mitigation: Speculative Store Bypass disabled via prctl
2026-07-17T12:46:58.869268+00:00 tilloGPT-hermes kernel: TAA: Mitigation: TSX disabled
2026-07-17T12:46:58.869269+00:00 tilloGPT-hermes kernel: MMIO Stale Data: Mitigation: Clear CPU buffers
2026-07-17T12:46:58.869273+00:00 tilloGPT-hermes kernel: GDS: Mitigation: Microcode
2026-07-17T12:46:58.869321+00:00 tilloGPT-hermes kernel: active return thunk: its_return_thunk
2026-07-17T12:46:58.869323+00:00 tilloGPT-hermes kernel: ITS: Mitigation: Aligned branch/return thunks
2026-07-17T12:46:58.869325+00:00 tilloGPT-hermes kernel: VMSCAPE: Mitigation: IBPB before exit to userspace
2026-07-17T12:46:58.869325+00:00 tilloGPT-hermes kernel: x86/fpu: Supporting XSAVE feature 0x001: 'x87 floating point registers'
2026-07-17T12:46:58.869325+00:00 tilloGPT-hermes kernel: x86/fpu: Supporting XSAVE feature 0x002: 'SSE registers'
2026-07-17T12:46:58.869328+00:00 tilloGPT-hermes kernel: x86/fpu: Supporting XSAVE feature 0x004: 'AVX registers'
2026-07-17T12:46:58.869329+00:00 tilloGPT-hermes kernel: x86/fpu: Supporting XSAVE feature 0x008: 'MPX bounds registers'
2026-07-17T12:46:58.869329+00:00 tilloGPT-hermes kernel: x86/fpu: Supporting XSAVE feature 0x010: 'MPX CSR'
2026-07-17T12:46:58.869329+00:00 tilloGPT-hermes kernel: x86/fpu: Supporting XSAVE feature 0x020: 'AVX-512 opmask'
2026-07-17T12:46:58.869331+00:00 tilloGPT-hermes kernel: x86/fpu: Supporting XSAVE feature 0x040: 'AVX-512 Hi256'
2026-07-17T12:46:58.869331+00:00 tilloGPT-hermes kernel: x86/fpu: Supporting XSAVE feature 0x080: 'AVX-512 ZMM_Hi256'
2026-07-17T12:46:58.869334+00:00 tilloGPT-hermes kernel: x86/fpu: xstate_offset[2]:  576, xstate_sizes[2]:  256
2026-07-17T12:46:58.869335+00:00 tilloGPT-hermes kernel: x86/fpu: xstate_offset[3]:  832, xstate_sizes[3]:   64
2026-07-17T12:46:58.869335+00:00 tilloGPT-hermes kernel: x86/fpu: xstate_offset[4]:  896, xstate_sizes[4]:   64
2026-07-17T12:46:58.869336+00:00 tilloGPT-hermes kernel: x86/fpu: xstate_offset[5]:  960, xstate_sizes[5]:   64
2026-07-17T12:46:58.869336+00:00 tilloGPT-hermes kernel: x86/fpu: xstate_offset[6]: 1024, xstate_sizes[6]:  512
2026-07-17T12:46:58.869337+00:00 tilloGPT-hermes kernel: x86/fpu: xstate_offset[7]: 1536, xstate_sizes[7]: 1024
2026-07-17T12:46:58.869337+00:00 tilloGPT-hermes kernel: x86/fpu: Enabled xstate features 0xff, context size is 2560 bytes, using 'compacted' format.
2026-07-17T12:46:58.869339+00:00 tilloGPT-hermes kernel: Freeing SMP alternatives memory: 48K
2026-07-17T12:46:58.869341+00:00 tilloGPT-hermes kernel: pid_max: default: 32768 minimum: 301
2026-07-17T12:46:58.869342+00:00 tilloGPT-hermes kernel: LSM: initializing lsm=lockdown,capability,landlock,yama,apparmor,integrity
2026-07-17T12:46:58.869342+00:00 tilloGPT-hermes kernel: landlock: Up and running.
2026-07-17T12:46:58.869343+00:00 tilloGPT-hermes kernel: Yama: becoming mindful.
2026-07-17T12:46:58.869343+00:00 tilloGPT-hermes kernel: AppArmor: AppArmor initialized
2026-07-17T12:46:58.869345+00:00 tilloGPT-hermes kernel: Mount-cache hash table entries: 65536 (order: 7, 524288 bytes, linear)
2026-07-17T12:46:58.869346+00:00 tilloGPT-hermes kernel: Mountpoint-cache hash table entries: 65536 (order: 7, 524288 bytes, linear)
2026-07-17T12:46:58.869346+00:00 tilloGPT-hermes kernel: smpboot: CPU0: Intel(R) Core(TM) i9-10900X CPU @ 3.70GHz (family: 0x6, model: 0x55, stepping: 0x7)
2026-07-17T12:46:58.869346+00:00 tilloGPT-hermes kernel: Performance Events: PEBS fmt3+, Skylake events, 32-deep LBR, full-width counters, Intel PMU driver.
2026-07-17T12:46:58.869347+00:00 tilloGPT-hermes kernel: ... version:                4
2026-07-17T12:46:58.869347+00:00 tilloGPT-hermes kernel: ... bit width:              48
2026-07-17T12:46:58.869350+00:00 tilloGPT-hermes kernel: ... generic registers:      4
2026-07-17T12:46:58.869352+00:00 tilloGPT-hermes kernel: ... value mask:             0000ffffffffffff
2026-07-17T12:46:58.869352+00:00 tilloGPT-hermes kernel: ... max period:             00007fffffffffff
2026-07-17T12:46:58.869352+00:00 tilloGPT-hermes kernel: ... fixed-purpose events:   3
2026-07-17T12:46:58.869353+00:00 tilloGPT-hermes kernel: ... event mask:             000000070000000f
2026-07-17T12:46:58.869353+00:00 tilloGPT-hermes kernel: signal: max sigframe size: 3632
2026-07-17T12:46:58.869353+00:00 tilloGPT-hermes kernel: Estimated ratio of average max frequency by base frequency (times 1024): 1273
2026-07-17T12:46:58.869356+00:00 tilloGPT-hermes kernel: rcu: Hierarchical SRCU implementation.
2026-07-17T12:46:58.869356+00:00 tilloGPT-hermes kernel: rcu: 	Max phase no-delay instances is 400.
2026-07-17T12:46:58.869357+00:00 tilloGPT-hermes kernel: NMI watchdog: Enabled. Permanently consumes one hw-PMU counter.
2026-07-17T12:46:58.869357+00:00 tilloGPT-hermes kernel: smp: Bringing up secondary CPUs ...
2026-07-17T12:46:58.869357+00:00 tilloGPT-hermes kernel: smpboot: x86: Booting SMP configuration:
2026-07-17T12:46:58.869358+00:00 tilloGPT-hermes kernel: .... node  #0, CPUs:        #1  #2  #3  #4  #5  #6  #7  #8  #9
2026-07-17T12:46:58.869360+00:00 tilloGPT-hermes kernel: [Firmware Bug]: TSC ADJUST differs within socket(s), fixing all errors
2026-07-17T12:46:58.869361+00:00 tilloGPT-hermes kernel:  #10 #11 #12 #13 #14 #15 #16 #17 #18 #19
2026-07-17T12:46:58.869362+00:00 tilloGPT-hermes kernel: Transient Scheduler Attacks: MMIO Stale Data CPU bug present and SMT on, data leak possible. See https://www.kernel.org/doc/html/latest/admin-guide/hw-vuln/processor_mmio_stale_data.html for more details.
2026-07-17T12:46:58.869362+00:00 tilloGPT-hermes kernel: smp: Brought up 1 node, 20 CPUs
2026-07-17T12:46:58.869362+00:00 tilloGPT-hermes kernel: smpboot: Max logical packages: 1
2026-07-17T12:46:58.869363+00:00 tilloGPT-hermes kernel: smpboot: Total of 20 processors activated (147994.00 BogoMIPS)
2026-07-17T12:46:58.869365+00:00 tilloGPT-hermes kernel: devtmpfs: initialized
2026-07-17T12:46:58.869367+00:00 tilloGPT-hermes kernel: x86/mm: Memory block size: 128MB
2026-07-17T12:46:58.869367+00:00 tilloGPT-hermes kernel: ACPI: PM: Registering ACPI NVS region [mem 0x4cfd0000-0x4ddd5fff] (14704640 bytes)
2026-07-17T12:46:58.869368+00:00 tilloGPT-hermes kernel: ACPI: PM: Registering ACPI NVS region [mem 0x4ddd7000-0x4e1cffff] (4165632 bytes)
2026-07-17T12:46:58.869368+00:00 tilloGPT-hermes kernel: clocksource: jiffies: mask: 0xffffffff max_cycles: 0xffffffff, max_idle_ns: 1911260446275000 ns
2026-07-17T12:46:58.869369+00:00 tilloGPT-hermes kernel: futex hash table entries: 8192 (order: 7, 524288 bytes, linear)
2026-07-17T12:46:58.869369+00:00 tilloGPT-hermes kernel: pinctrl core: initialized pinctrl subsystem
2026-07-17T12:46:58.869371+00:00 tilloGPT-hermes kernel: PM: RTC time: 12:46:34, date: 2026-07-17
2026-07-17T12:46:58.869372+00:00 tilloGPT-hermes kernel: NET: Registered PF_NETLINK/PF_ROUTE protocol family
2026-07-17T12:46:58.869372+00:00 tilloGPT-hermes kernel: DMA: preallocated 4096 KiB GFP_KERNEL pool for atomic allocations
2026-07-17T12:46:58.869373+00:00 tilloGPT-hermes kernel: DMA: preallocated 4096 KiB GFP_KERNEL|GFP_DMA pool for atomic allocations
2026-07-17T12:46:58.869374+00:00 tilloGPT-hermes kernel: DMA: preallocated 4096 KiB GFP_KERNEL|GFP_DMA32 pool for atomic allocations
2026-07-17T12:46:58.869375+00:00 tilloGPT-hermes kernel: audit: initializing netlink subsys (disabled)
2026-07-17T12:46:58.869377+00:00 tilloGPT-hermes kernel: audit: type=2000 audit(1784292394.065:1): state=initialized audit_enabled=0 res=1
2026-07-17T12:46:58.869378+00:00 tilloGPT-hermes kernel: thermal_sys: Registered thermal governor 'fair_share'
2026-07-17T12:46:58.869378+00:00 tilloGPT-hermes kernel: thermal_sys: Registered thermal governor 'bang_bang'
2026-07-17T12:46:58.869379+00:00 tilloGPT-hermes kernel: thermal_sys: Registered thermal governor 'step_wise'
2026-07-17T12:46:58.869379+00:00 tilloGPT-hermes kernel: thermal_sys: Registered thermal governor 'user_space'
2026-07-17T12:46:58.869379+00:00 tilloGPT-hermes kernel: thermal_sys: Registered thermal governor 'power_allocator'
2026-07-17T12:46:58.869380+00:00 tilloGPT-hermes kernel: cpuidle: using governor ladder
2026-07-17T12:46:58.869382+00:00 tilloGPT-hermes kernel: cpuidle: using governor menu
2026-07-17T12:46:58.869383+00:00 tilloGPT-hermes kernel: Detected 1 PCC Subspaces
2026-07-17T12:46:58.869384+00:00 tilloGPT-hermes kernel: Registering PCC driver as Mailbox controller
2026-07-17T12:46:58.869384+00:00 tilloGPT-hermes kernel: efi: Freeing EFI boot services memory: 77384K
2026-07-17T12:46:58.869385+00:00 tilloGPT-hermes kernel: acpiphp: ACPI Hot Plug PCI Controller Driver version: 0.5
2026-07-17T12:46:58.869385+00:00 tilloGPT-hermes kernel: PCI: ECAM [mem 0x60000000-0x6fffffff] (base 0x60000000) for domain 0000 [bus 00-ff]
2026-07-17T12:46:58.869387+00:00 tilloGPT-hermes kernel: PCI: Using configuration type 1 for base access
2026-07-17T12:46:58.869388+00:00 tilloGPT-hermes kernel: kprobes: kprobe jump-optimization is enabled. All kprobes are optimized if possible.
2026-07-17T12:46:58.869394+00:00 tilloGPT-hermes kernel: HugeTLB: registered 1.00 GiB page size, pre-allocated 0 pages
2026-07-17T12:46:58.869395+00:00 tilloGPT-hermes kernel: HugeTLB: 16380 KiB vmemmap can be freed for a 1.00 GiB page
2026-07-17T12:46:58.869395+00:00 tilloGPT-hermes kernel: HugeTLB: registered 2.00 MiB page size, pre-allocated 0 pages
2026-07-17T12:46:58.869395+00:00 tilloGPT-hermes kernel: HugeTLB: 28 KiB vmemmap can be freed for a 2.00 MiB page
2026-07-17T12:46:58.869398+00:00 tilloGPT-hermes kernel: fbcon: Taking over console
2026-07-17T12:46:58.869399+00:00 tilloGPT-hermes kernel: ACPI: Added _OSI(Module Device)
2026-07-17T12:46:58.869399+00:00 tilloGPT-hermes kernel: ACPI: Added _OSI(Processor Device)
2026-07-17T12:46:58.869399+00:00 tilloGPT-hermes kernel: ACPI: Added _OSI(Processor Aggregator Device)
2026-07-17T12:46:58.869400+00:00 tilloGPT-hermes kernel: ACPI: 4 ACPI AML tables successfully acquired and loaded
2026-07-17T12:46:58.869400+00:00 tilloGPT-hermes kernel: ACPI: Dynamic OEM Table Load:
2026-07-17T12:46:58.869403+00:00 tilloGPT-hermes kernel: message repeated 2 times: [ ACPI: Dynamic OEM Table Load:]
2026-07-17T12:46:58.869405+00:00 tilloGPT-hermes kernel: ACPI: _OSC evaluated successfully for all CPUs
2026-07-17T12:46:58.869409+00:00 tilloGPT-hermes kernel: ACPI: Interpreter enabled
2026-07-17T12:46:58.869410+00:00 tilloGPT-hermes kernel: ACPI: PM: (supports S0 S3 S4 S5)
2026-07-17T12:46:58.869410+00:00 tilloGPT-hermes kernel: ACPI: Using IOAPIC for interrupt routing
2026-07-17T12:46:58.869410+00:00 tilloGPT-hermes kernel: PCI: Using host bridge windows from ACPI; if necessary, use "pci=nocrs" and report a bug
2026-07-17T12:46:58.869411+00:00 tilloGPT-hermes kernel: PCI: Using E820 reservations for host bridge windows
2026-07-17T12:46:58.869415+00:00 tilloGPT-hermes kernel: ACPI: Enabled 8 GPEs in block 00 to 7F
2026-07-17T12:46:58.869424+00:00 tilloGPT-hermes kernel: ACPI: PCI Root Bridge [PC00] (domain 0000 [bus 00-15])
2026-07-17T12:46:58.869425+00:00 tilloGPT-hermes kernel: acpi PNP0A08:00: _OSC: OS supports [ExtendedConfig ASPM ClockPM Segments MSI EDR HPX-Type3]
2026-07-17T12:46:58.869425+00:00 tilloGPT-hermes kernel: acpi PNP0A08:00: _OSC: platform does not support [SHPCHotplug AER LTR DPC]
2026-07-17T12:46:58.869426+00:00 tilloGPT-hermes kernel: acpi PNP0A08:00: _OSC: OS now controls [PCIeHotplug PME PCIeCapability]
2026-07-17T12:46:58.869426+00:00 tilloGPT-hermes kernel: acpi PNP0A08:00: host bridge window expanded to [mem 0xfd000000-0xfe7fffff window]; [mem 0xfd000000-0xfe7fffff window] ignored
2026-07-17T12:46:58.869429+00:00 tilloGPT-hermes kernel: PCI host bridge to bus 0000:00
2026-07-17T12:46:58.869429+00:00 tilloGPT-hermes kernel: pci_bus 0000:00: root bus resource [io  0x0000-0x0cf7 window]
2026-07-17T12:46:58.869430+00:00 tilloGPT-hermes kernel: pci_bus 0000:00: root bus resource [io  0x1000-0x47ff window]
2026-07-17T12:46:58.869430+00:00 tilloGPT-hermes kernel: pci_bus 0000:00: root bus resource [mem 0x000c4000-0x000c7fff window]
2026-07-17T12:46:58.869432+00:00 tilloGPT-hermes kernel: pci_bus 0000:00: root bus resource [mem 0xfd000000-0xfe7fffff window]
2026-07-17T12:46:58.869432+00:00 tilloGPT-hermes kernel: pci_bus 0000:00: root bus resource [mem 0x70000000-0x733fffff window]
2026-07-17T12:46:58.869435+00:00 tilloGPT-hermes kernel: pci_bus 0000:00: root bus resource [mem 0x380000000000-0x383fffffffff window]
2026-07-17T12:46:58.869435+00:00 tilloGPT-hermes kernel: pci_bus 0000:00: root bus resource [bus 00-15]
2026-07-17T12:46:58.869479+00:00 tilloGPT-hermes kernel: pci 0000:00:00.0: [8086:2020] type 00 class 0x060000 PCIe Root Port
2026-07-17T12:46:58.869480+00:00 tilloGPT-hermes kernel: pci 0000:00:04.0: [8086:2021] type 00 class 0x088000 PCIe Root Complex Integrated Endpoint
2026-07-17T12:46:58.869480+00:00 tilloGPT-hermes kernel: pci 0000:00:04.0: BAR 0 [mem 0x383ffff2c000-0x383ffff2ffff 64bit]
2026-07-17T12:46:58.869480+00:00 tilloGPT-hermes kernel: pci 0000:00:04.1: [8086:2021] type 00 class 0x088000 PCIe Root Complex Integrated Endpoint
2026-07-17T12:46:58.869481+00:00 tilloGPT-hermes kernel: pci 0000:00:04.1: BAR 0 [mem 0x383ffff28000-0x383ffff2bfff 64bit]
2026-07-17T12:46:58.869483+00:00 tilloGPT-hermes kernel: pci 0000:00:04.2: [8086:2021] type 00 class 0x088000 PCIe Root Complex Integrated Endpoint
2026-07-17T12:46:58.869484+00:00 tilloGPT-hermes kernel: pci 0000:00:04.2: BAR 0 [mem 0x383ffff24000-0x383ffff27fff 64bit]
2026-07-17T12:46:58.869485+00:00 tilloGPT-hermes kernel: pci 0000:00:04.3: [8086:2021] type 00 class 0x088000 PCIe Root Complex Integrated Endpoint
2026-07-17T12:46:58.869486+00:00 tilloGPT-hermes kernel: pci 0000:00:04.3: BAR 0 [mem 0x383ffff20000-0x383ffff23fff 64bit]
2026-07-17T12:46:58.869486+00:00 tilloGPT-hermes kernel: pci 0000:00:04.4: [8086:2021] type 00 class 0x088000 PCIe Root Complex Integrated Endpoint
2026-07-17T12:46:58.869486+00:00 tilloGPT-hermes kernel: pci 0000:00:04.4: BAR 0 [mem 0x383ffff1c000-0x383ffff1ffff 64bit]
2026-07-17T12:46:58.869489+00:00 tilloGPT-hermes kernel: pci 0000:00:04.5: [8086:2021] type 00 class 0x088000 PCIe Root Complex Integrated Endpoint
2026-07-17T12:46:58.869489+00:00 tilloGPT-hermes kernel: pci 0000:00:04.5: BAR 0 [mem 0x383ffff18000-0x383ffff1bfff 64bit]
2026-07-17T12:46:58.869490+00:00 tilloGPT-hermes kernel: pci 0000:00:04.6: [8086:2021] type 00 class 0x088000 PCIe Root Complex Integrated Endpoint
2026-07-17T12:46:58.869490+00:00 tilloGPT-hermes kernel: pci 0000:00:04.6: BAR 0 [mem 0x383ffff14000-0x383ffff17fff 64bit]
2026-07-17T12:46:58.869490+00:00 tilloGPT-hermes kernel: pci 0000:00:04.7: [8086:2021] type 00 class 0x088000 PCIe Root Complex Integrated Endpoint
2026-07-17T12:46:58.869491+00:00 tilloGPT-hermes kernel: pci 0000:00:04.7: BAR 0 [mem 0x383ffff10000-0x383ffff13fff 64bit]
2026-07-17T12:46:58.869492+00:00 tilloGPT-hermes kernel: pci 0000:00:05.0: [8086:2024] type 00 class 0x088000 PCIe Root Complex Integrated Endpoint
2026-07-17T12:46:58.869494+00:00 tilloGPT-hermes kernel: pci 0000:00:05.2: [8086:2025] type 00 class 0x088000 PCIe Root Complex Integrated Endpoint
2026-07-17T12:46:58.869495+00:00 tilloGPT-hermes kernel: pci 0000:00:05.4: [8086:2026] type 00 class 0x080020 PCIe Root Complex Integrated Endpoint
2026-07-17T12:46:58.869496+00:00 tilloGPT-hermes kernel: pci 0000:00:05.4: BAR 0 [mem 0x73328000-0x73328fff]
2026-07-17T12:46:58.869496+00:00 tilloGPT-hermes kernel: pci 0000:00:08.0: [8086:2014] type 00 class 0x088000 PCIe Root Complex Integrated Endpoint
2026-07-17T12:46:58.869497+00:00 tilloGPT-hermes kernel: pci 0000:00:08.1: [8086:2015] type 00 class 0x110100 conventional PCI endpoint
2026-07-17T12:46:58.869497+00:00 tilloGPT-hermes kernel: pci 0000:00:08.2: [8086:2016] type 00 class 0x088000 PCIe Root Complex Integrated Endpoint
2026-07-17T12:46:58.869499+00:00 tilloGPT-hermes kernel: pci 0000:00:14.0: [8086:a2af] type 00 class 0x0c0330 conventional PCI endpoint
2026-07-17T12:46:58.869500+00:00 tilloGPT-hermes kernel: pci 0000:00:14.0: BAR 0 [mem 0x383ffff00000-0x383ffff0ffff 64bit]
2026-07-17T12:46:58.869502+00:00 tilloGPT-hermes kernel: pci 0000:00:14.0: PME# supported from D3hot D3cold
2026-07-17T12:46:58.869503+00:00 tilloGPT-hermes kernel: pci 0000:00:14.2: [8086:a2b1] type 00 class 0x118000 conventional PCI endpoint
2026-07-17T12:46:58.869503+00:00 tilloGPT-hermes kernel: pci 0000:00:14.2: BAR 0 [mem 0x383ffff32000-0x383ffff32fff 64bit]
2026-07-17T12:46:58.869504+00:00 tilloGPT-hermes kernel: pci 0000:00:16.0: [8086:a2ba] type 00 class 0x078000 conventional PCI endpoint
2026-07-17T12:46:58.869506+00:00 tilloGPT-hermes kernel: pci 0000:00:16.0: BAR 0 [mem 0x383ffff31000-0x383ffff31fff 64bit]
2026-07-17T12:46:58.869507+00:00 tilloGPT-hermes kernel: pci 0000:00:16.0: PME# supported from D3hot
2026-07-17T12:46:58.869507+00:00 tilloGPT-hermes kernel: pci 0000:00:17.0: [8086:a282] type 00 class 0x010601 conventional PCI endpoint
2026-07-17T12:46:58.869508+00:00 tilloGPT-hermes kernel: pci 0000:00:17.0: BAR 0 [mem 0x73324000-0x73325fff]
2026-07-17T12:46:58.869508+00:00 tilloGPT-hermes kernel: pci 0000:00:17.0: BAR 1 [mem 0x73327000-0x733270ff]
2026-07-17T12:46:58.869509+00:00 tilloGPT-hermes kernel: pci 0000:00:17.0: BAR 2 [io  0x4050-0x4057]
2026-07-17T12:46:58.869509+00:00 tilloGPT-hermes kernel: pci 0000:00:17.0: BAR 3 [io  0x4040-0x4043]
2026-07-17T12:46:58.869511+00:00 tilloGPT-hermes kernel: pci 0000:00:17.0: BAR 4 [io  0x4020-0x403f]
2026-07-17T12:46:58.869512+00:00 tilloGPT-hermes kernel: pci 0000:00:17.0: BAR 5 [mem 0x73326000-0x733267ff]
2026-07-17T12:46:58.869513+00:00 tilloGPT-hermes kernel: pci 0000:00:17.0: PME# supported from D3hot
2026-07-17T12:46:58.869513+00:00 tilloGPT-hermes kernel: pci 0000:00:1b.0: [8086:a2e7] type 01 class 0x060400 PCIe Root Port
2026-07-17T12:46:58.869514+00:00 tilloGPT-hermes kernel: pci 0000:00:1b.0: PCI bridge to [bus 01]
2026-07-17T12:46:58.869514+00:00 tilloGPT-hermes kernel: pci 0000:00:1b.0: PME# supported from D0 D3hot D3cold
2026-07-17T12:46:58.869517+00:00 tilloGPT-hermes kernel: pci 0000:00:1b.2: [8086:a2e9] type 01 class 0x060400 PCIe Root Port
2026-07-17T12:46:58.869517+00:00 tilloGPT-hermes kernel: pci 0000:00:1b.2: PCI bridge to [bus 02]
2026-07-17T12:46:58.869517+00:00 tilloGPT-hermes kernel: pci 0000:00:1b.2:   bridge window [mem 0x73200000-0x732fffff]
2026-07-17T12:46:58.869518+00:00 tilloGPT-hermes kernel: pci 0000:00:1b.2: PME# supported from D0 D3hot D3cold
2026-07-17T12:46:58.869518+00:00 tilloGPT-hermes kernel: pci 0000:00:1b.4: [8086:a2eb] type 01 class 0x060400 PCIe Root Port
2026-07-17T12:46:58.869520+00:00 tilloGPT-hermes kernel: pci 0000:00:1b.4: PCI bridge to [bus 03]
2026-07-17T12:46:58.869520+00:00 tilloGPT-hermes kernel: pci 0000:00:1b.4:   bridge window [io  0x3000-0x3fff]
2026-07-17T12:46:58.869523+00:00 tilloGPT-hermes kernel: pci 0000:00:1b.4:   bridge window [mem 0x72000000-0x730fffff]
2026-07-17T12:46:58.869523+00:00 tilloGPT-hermes kernel: pci 0000:00:1b.4:   bridge window [mem 0x383fe0000000-0x383ff20fffff 64bit pref]
2026-07-17T12:46:58.869523+00:00 tilloGPT-hermes kernel: pci 0000:00:1b.4: PME# supported from D0 D3hot D3cold
2026-07-17T12:46:58.869524+00:00 tilloGPT-hermes kernel: pci 0000:00:1c.0: [8086:a290] type 01 class 0x060400 PCIe Root Port
2026-07-17T12:46:58.869524+00:00 tilloGPT-hermes kernel: pci 0000:00:1c.0: PCI bridge to [bus 04]
2026-07-17T12:46:58.869525+00:00 tilloGPT-hermes kernel: pci 0000:00:1c.0: PME# supported from D0 D3hot D3cold
2026-07-17T12:46:58.869527+00:00 tilloGPT-hermes kernel: pci 0000:00:1c.4: [8086:a294] type 01 class 0x060400 PCIe Root Port
2026-07-17T12:46:58.869528+00:00 tilloGPT-hermes kernel: pci 0000:00:1c.4: PCI bridge to [bus 05]
2026-07-17T12:46:58.869528+00:00 tilloGPT-hermes kernel: pci 0000:00:1c.4:   bridge window [mem 0x73100000-0x731fffff]
2026-07-17T12:46:58.869529+00:00 tilloGPT-hermes kernel: pci 0000:00:1c.4: PME# supported from D0 D3hot D3cold
2026-07-17T12:46:58.869529+00:00 tilloGPT-hermes kernel: pci 0000:00:1d.0: [8086:a298] type 01 class 0x060400 PCIe Root Port
2026-07-17T12:46:58.869529+00:00 tilloGPT-hermes kernel: pci 0000:00:1d.0: PCI bridge to [bus 06]
2026-07-17T12:46:58.869533+00:00 tilloGPT-hermes kernel: pci 0000:00:1d.0:   bridge window [io  0x2000-0x2fff]
2026-07-17T12:46:58.869533+00:00 tilloGPT-hermes kernel: pci 0000:00:1d.0:   bridge window [mem 0x70000000-0x710fffff]
2026-07-17T12:46:58.869534+00:00 tilloGPT-hermes kernel: pci 0000:00:1d.0:   bridge window [mem 0x383fc0000000-0x383fd20fffff 64bit pref]
2026-07-17T12:46:58.869534+00:00 tilloGPT-hermes kernel: pci 0000:00:1d.0: PME# supported from D0 D3hot D3cold
2026-07-17T12:46:58.869535+00:00 tilloGPT-hermes kernel: pci 0000:00:1f.0: [8086:a2d2] type 00 class 0x060100 conventional PCI endpoint
2026-07-17T12:46:58.869535+00:00 tilloGPT-hermes kernel: pci 0000:00:1f.2: [8086:a2a1] type 00 class 0x058000 conventional PCI endpoint
2026-07-17T12:46:58.869535+00:00 tilloGPT-hermes kernel: pci 0000:00:1f.2: BAR 0 [mem 0x73320000-0x73323fff]
2026-07-17T12:46:58.869538+00:00 tilloGPT-hermes kernel: pci 0000:00:1f.4: [8086:a2a3] type 00 class 0x0c0500 conventional PCI endpoint
2026-07-17T12:46:58.869539+00:00 tilloGPT-hermes kernel: pci 0000:00:1f.4: BAR 0 [mem 0x383ffff30000-0x383ffff300ff 64bit]
2026-07-17T12:46:58.869540+00:00 tilloGPT-hermes kernel: pci 0000:00:1f.4: BAR 4 [io  0x4000-0x401f]
2026-07-17T12:46:58.869540+00:00 tilloGPT-hermes kernel: pci 0000:00:1f.6: [8086:15b8] type 00 class 0x020000 conventional PCI endpoint
2026-07-17T12:46:58.869541+00:00 tilloGPT-hermes kernel: pci 0000:00:1f.6: BAR 0 [mem 0x73300000-0x7331ffff]
2026-07-17T12:46:58.869541+00:00 tilloGPT-hermes kernel: pci 0000:00:1f.6: PME# supported from D0 D3hot D3cold
2026-07-17T12:46:58.869545+00:00 tilloGPT-hermes kernel: pci 0000:00:1b.0: PCI bridge to [bus 01]
2026-07-17T12:46:58.869546+00:00 tilloGPT-hermes kernel: pci 0000:02:00.0: [1b21:2142] type 00 class 0x0c0330 PCIe Legacy Endpoint
2026-07-17T12:46:58.869546+00:00 tilloGPT-hermes kernel: pci 0000:02:00.0: BAR 0 [mem 0x73200000-0x73207fff 64bit]
2026-07-17T12:46:58.869547+00:00 tilloGPT-hermes kernel: pci 0000:02:00.0: enabling Extended Tags
2026-07-17T12:46:58.869548+00:00 tilloGPT-hermes kernel: pci 0000:02:00.0: PME# supported from D0 D3hot D3cold
2026-07-17T12:46:58.869549+00:00 tilloGPT-hermes kernel: pci 0000:00:1b.2: PCI bridge to [bus 02]
2026-07-17T12:46:58.869549+00:00 tilloGPT-hermes kernel: pci 0000:03:00.0: [10de:21c4] type 00 class 0x030000 PCIe Legacy Endpoint
2026-07-17T12:46:58.869551+00:00 tilloGPT-hermes kernel: pci 0000:03:00.0: BAR 0 [mem 0x72000000-0x72ffffff]
2026-07-17T12:46:58.869552+00:00 tilloGPT-hermes kernel: pci 0000:03:00.0: BAR 1 [mem 0x383fe0000000-0x383fefffffff 64bit pref]
2026-07-17T12:46:58.869552+00:00 tilloGPT-hermes kernel: pci 0000:03:00.0: BAR 3 [mem 0x383ff0000000-0x383ff1ffffff 64bit pref]
2026-07-17T12:46:58.869553+00:00 tilloGPT-hermes kernel: pci 0000:03:00.0: BAR 5 [io  0x3000-0x307f]
2026-07-17T12:46:58.869553+00:00 tilloGPT-hermes kernel: pci 0000:03:00.0: ROM [mem 0x73000000-0x7307ffff pref]
2026-07-17T12:46:58.869553+00:00 tilloGPT-hermes kernel: pci 0000:03:00.0: enabling Extended Tags
2026-07-17T12:46:58.869556+00:00 tilloGPT-hermes kernel: pci 0000:03:00.0: PME# supported from D0 D3hot D3cold
2026-07-17T12:46:58.869558+00:00 tilloGPT-hermes kernel: pci 0000:03:00.0: 8.000 Gb/s available PCIe bandwidth, limited by 2.5 GT/s PCIe x4 link at 0000:00:1b.4 (capable of 126.016 Gb/s with 8.0 GT/s PCIe x16 link)
2026-07-17T12:46:58.869558+00:00 tilloGPT-hermes kernel: pci 0000:03:00.1: [10de:1aeb] type 00 class 0x040300 PCIe Endpoint
2026-07-17T12:46:58.869559+00:00 tilloGPT-hermes kernel: pci 0000:03:00.1: BAR 0 [mem 0x73080000-0x73083fff]
2026-07-17T12:46:58.869559+00:00 tilloGPT-hermes kernel: pci 0000:03:00.1: enabling Extended Tags
2026-07-17T12:46:58.869560+00:00 tilloGPT-hermes kernel: pci 0000:03:00.2: [10de:1aec] type 00 class 0x0c0330 PCIe Endpoint
2026-07-17T12:46:58.869562+00:00 tilloGPT-hermes kernel: pci 0000:03:00.2: BAR 0 [mem 0x383ff2000000-0x383ff203ffff 64bit pref]
2026-07-17T12:46:58.869562+00:00 tilloGPT-hermes kernel: pci 0000:03:00.2: BAR 3 [mem 0x383ff2040000-0x383ff204ffff 64bit pref]
2026-07-17T12:46:58.869563+00:00 tilloGPT-hermes kernel: pci 0000:03:00.2: enabling Extended Tags
2026-07-17T12:46:58.869563+00:00 tilloGPT-hermes kernel: pci 0000:03:00.2: PME# supported from D0 D3hot D3cold
2026-07-17T12:46:58.869609+00:00 tilloGPT-hermes kernel: pci 0000:03:00.3: [10de:1aed] type 00 class 0x0c8000 PCIe Endpoint
2026-07-17T12:46:58.869610+00:00 tilloGPT-hermes kernel: pci 0000:03:00.3: BAR 0 [mem 0x73084000-0x73084fff]
2026-07-17T12:46:58.869610+00:00 tilloGPT-hermes kernel: pci 0000:03:00.3: enabling Extended Tags
2026-07-17T12:46:58.869613+00:00 tilloGPT-hermes kernel: pci 0000:03:00.3: PME# supported from D0 D3hot D3cold
2026-07-17T12:46:58.869614+00:00 tilloGPT-hermes kernel: pci 0000:00:1b.4: PCI bridge to [bus 03]
2026-07-17T12:46:58.869615+00:00 tilloGPT-hermes kernel: pci 0000:00:1c.0: PCI bridge to [bus 04]
2026-07-17T12:46:58.869615+00:00 tilloGPT-hermes kernel: pci 0000:05:00.0: [1b21:3242] type 00 class 0x0c0330 PCIe Legacy Endpoint
2026-07-17T12:46:58.869616+00:00 tilloGPT-hermes kernel: pci 0000:05:00.0: BAR 0 [mem 0x73100000-0x73107fff 64bit]
2026-07-17T12:46:58.869616+00:00 tilloGPT-hermes kernel: pci 0000:05:00.0: enabling Extended Tags
2026-07-17T12:46:58.869618+00:00 tilloGPT-hermes kernel: pci 0000:05:00.0: PME# supported from D0 D3hot D3cold
2026-07-17T12:46:58.869619+00:00 tilloGPT-hermes kernel: pci 0000:00:1c.4: PCI bridge to [bus 05]
2026-07-17T12:46:58.869619+00:00 tilloGPT-hermes kernel: pci 0000:06:00.0: [10de:21c4] type 00 class 0x030000 PCIe Legacy Endpoint
2026-07-17T12:46:58.869620+00:00 tilloGPT-hermes kernel: pci 0000:06:00.0: BAR 0 [mem 0x70000000-0x70ffffff]
2026-07-17T12:46:58.869620+00:00 tilloGPT-hermes kernel: pci 0000:06:00.0: BAR 1 [mem 0x383fc0000000-0x383fcfffffff 64bit pref]
2026-07-17T12:46:58.869620+00:00 tilloGPT-hermes kernel: pci 0000:06:00.0: BAR 3 [mem 0x383fd0000000-0x383fd1ffffff 64bit pref]
2026-07-17T12:46:58.869623+00:00 tilloGPT-hermes kernel: pci 0000:06:00.0: BAR 5 [io  0x2000-0x207f]
2026-07-17T12:46:58.869623+00:00 tilloGPT-hermes kernel: pci 0000:06:00.0: ROM [mem 0x71000000-0x7107ffff pref]
2026-07-17T12:46:58.869624+00:00 tilloGPT-hermes kernel: pci 0000:06:00.0: enabling Extended Tags
2026-07-17T12:46:58.869624+00:00 tilloGPT-hermes kernel: pci 0000:06:00.0: PME# supported from D0 D3hot D3cold
2026-07-17T12:46:58.869625+00:00 tilloGPT-hermes kernel: pci 0000:06:00.0: 8.000 Gb/s available PCIe bandwidth, limited by 2.5 GT/s PCIe x4 link at 0000:00:1d.0 (capable of 126.016 Gb/s with 8.0 GT/s PCIe x16 link)
2026-07-17T12:46:58.869625+00:00 tilloGPT-hermes kernel: pci 0000:06:00.1: [10de:1aeb] type 00 class 0x040300 PCIe Endpoint
2026-07-17T12:46:58.869627+00:00 tilloGPT-hermes kernel: pci 0000:06:00.1: BAR 0 [mem 0x71080000-0x71083fff]
2026-07-17T12:46:58.869628+00:00 tilloGPT-hermes kernel: pci 0000:06:00.1: enabling Extended Tags
2026-07-17T12:46:58.869629+00:00 tilloGPT-hermes kernel: pci 0000:06:00.2: [10de:1aec] type 00 class 0x0c0330 PCIe Endpoint
2026-07-17T12:46:58.869629+00:00 tilloGPT-hermes kernel: pci 0000:06:00.2: BAR 0 [mem 0x383fd2000000-0x383fd203ffff 64bit pref]
2026-07-17T12:46:58.869629+00:00 tilloGPT-hermes kernel: pci 0000:06:00.2: BAR 3 [mem 0x383fd2040000-0x383fd204ffff 64bit pref]
2026-07-17T12:46:58.869630+00:00 tilloGPT-hermes kernel: pci 0000:06:00.2: enabling Extended Tags
2026-07-17T12:46:58.869630+00:00 tilloGPT-hermes kernel: pci 0000:06:00.2: PME# supported from D0 D3hot D3cold
2026-07-17T12:46:58.869633+00:00 tilloGPT-hermes kernel: pci 0000:06:00.3: [10de:1aed] type 00 class 0x0c8000 PCIe Endpoint
2026-07-17T12:46:58.869633+00:00 tilloGPT-hermes kernel: pci 0000:06:00.3: BAR 0 [mem 0x71084000-0x71084fff]
2026-07-17T12:46:58.869634+00:00 tilloGPT-hermes kernel: pci 0000:06:00.3: enabling Extended Tags
2026-07-17T12:46:58.869635+00:00 tilloGPT-hermes kernel: pci 0000:06:00.3: PME# supported from D0 D3hot D3cold
2026-07-17T12:46:58.869636+00:00 tilloGPT-hermes kernel: pci 0000:00:1d.0: PCI bridge to [bus 06]
2026-07-17T12:46:58.869636+00:00 tilloGPT-hermes kernel: pci_bus 0000:00: on NUMA node 0
2026-07-17T12:46:58.869638+00:00 tilloGPT-hermes kernel: ACPI: PCI Root Bridge [PC01] (domain 0000 [bus 16-63])
2026-07-17T12:46:58.869639+00:00 tilloGPT-hermes kernel: acpi PNP0A08:01: _OSC: OS supports [ExtendedConfig ASPM ClockPM Segments MSI EDR HPX-Type3]
2026-07-17T12:46:58.869639+00:00 tilloGPT-hermes kernel: acpi PNP0A08:01: _OSC: platform does not support [SHPCHotplug AER LTR DPC]
2026-07-17T12:46:58.869640+00:00 tilloGPT-hermes kernel: acpi PNP0A08:01: _OSC: OS now controls [PCIeHotplug PME PCIeCapability]
2026-07-17T12:46:58.869640+00:00 tilloGPT-hermes kernel: PCI host bridge to bus 0000:16
2026-07-17T12:46:58.869640+00:00 tilloGPT-hermes kernel: pci_bus 0000:16: root bus resource [mem 0x000a0000-0x000bffff window]
2026-07-17T12:46:58.869641+00:00 tilloGPT-hermes kernel: pci_bus 0000:16: root bus resource [io  0x4800-0x7fff window]
2026-07-17T12:46:58.869644+00:00 tilloGPT-hermes kernel: pci_bus 0000:16: root bus resource [io  0x03b0-0x03bb window]
2026-07-17T12:46:58.869645+00:00 tilloGPT-hermes kernel: pci_bus 0000:16: root bus resource [io  0x03c0-0x03df window]
2026-07-17T12:46:58.869645+00:00 tilloGPT-hermes kernel: pci_bus 0000:16: root bus resource [mem 0x73400000-0x8f7fffff window]
2026-07-17T12:46:58.869646+00:00 tilloGPT-hermes kernel: pci_bus 0000:16: root bus resource [mem 0x384000000000-0x387fffffffff window]
2026-07-17T12:46:58.869646+00:00 tilloGPT-hermes kernel: pci_bus 0000:16: root bus resource [bus 16-63]
2026-07-17T12:46:58.869646+00:00 tilloGPT-hermes kernel: pci 0000:16:00.0: [8086:2030] type 01 class 0x060400 PCIe Root Port
2026-07-17T12:46:58.869649+00:00 tilloGPT-hermes kernel: pci 0000:16:00.0: PCI bridge to [bus 17]
2026-07-17T12:46:58.869650+00:00 tilloGPT-hermes kernel: pci 0000:16:00.0:   bridge window [io  0x7000-0x7fff]
2026-07-17T12:46:58.869651+00:00 tilloGPT-hermes kernel: pci 0000:16:00.0:   bridge window [mem 0x8e000000-0x8f0fffff]
2026-07-17T12:46:58.869651+00:00 tilloGPT-hermes kernel: pci 0000:16:00.0:   bridge window [mem 0x387fe0000000-0x387ff1ffffff 64bit pref]
2026-07-17T12:46:58.869652+00:00 tilloGPT-hermes kernel: pci 0000:16:00.0: enabling Extended Tags
2026-07-17T12:46:58.869652+00:00 tilloGPT-hermes kernel: pci 0000:16:00.0: PME# supported from D0 D3hot D3cold
2026-07-17T12:46:58.869654+00:00 tilloGPT-hermes kernel: pci 0000:16:05.0: [8086:2034] type 00 class 0x088000 PCIe Root Complex Integrated Endpoint
2026-07-17T12:46:58.869655+00:00 tilloGPT-hermes kernel: pci 0000:16:05.2: [8086:2035] type 00 class 0x088000 PCIe Root Complex Integrated Endpoint
2026-07-17T12:46:58.869656+00:00 tilloGPT-hermes kernel: pci 0000:16:05.4: [8086:2036] type 00 class 0x080020 PCIe Root Complex Integrated Endpoint
2026-07-17T12:46:58.869657+00:00 tilloGPT-hermes kernel: pci 0000:16:05.4: BAR 0 [mem 0x8f100000-0x8f100fff]
2026-07-17T12:46:58.869664+00:00 tilloGPT-hermes kernel: pci 0000:16:08.0: [8086:208d] type 00 class 0x088000 conventional PCI endpoint
2026-07-17T12:46:58.869664+00:00 tilloGPT-hermes kernel: pci 0000:16:08.1: [8086:208d] type 00 class 0x088000 conventional PCI endpoint
2026-07-17T12:46:58.869665+00:00 tilloGPT-hermes kernel: pci 0000:16:08.2: [8086:208d] type 00 class 0x088000 conventional PCI endpoint
2026-07-17T12:46:58.869668+00:00 tilloGPT-hermes kernel: pci 0000:16:08.3: [8086:208d] type 00 class 0x088000 conventional PCI endpoint
2026-07-17T12:46:58.869669+00:00 tilloGPT-hermes kernel: pci 0000:16:08.4: [8086:208d] type 00 class 0x088000 conventional PCI endpoint
2026-07-17T12:46:58.869669+00:00 tilloGPT-hermes kernel: pci 0000:16:08.5: [8086:208d] type 00 class 0x088000 conventional PCI endpoint
2026-07-17T12:46:58.869670+00:00 tilloGPT-hermes kernel: pci 0000:16:08.6: [8086:208d] type 00 class 0x088000 conventional PCI endpoint
2026-07-17T12:46:58.869670+00:00 tilloGPT-hermes kernel: pci 0000:16:08.7: [8086:208d] type 00 class 0x088000 conventional PCI endpoint
2026-07-17T12:46:58.869670+00:00 tilloGPT-hermes kernel: pci 0000:16:09.0: [8086:208d] type 00 class 0x088000 conventional PCI endpoint
2026-07-17T12:46:58.869673+00:00 tilloGPT-hermes kernel: pci 0000:16:09.1: [8086:208d] type 00 class 0x088000 conventional PCI endpoint
2026-07-17T12:46:58.869674+00:00 tilloGPT-hermes kernel: pci 0000:16:09.2: [8086:208d] type 00 class 0x088000 conventional PCI endpoint
2026-07-17T12:46:58.869674+00:00 tilloGPT-hermes kernel: pci 0000:16:09.3: [8086:208d] type 00 class 0x088000 conventional PCI endpoint
2026-07-17T12:46:58.869674+00:00 tilloGPT-hermes kernel: pci 0000:16:09.4: [8086:208d] type 00 class 0x088000 conventional PCI endpoint
2026-07-17T12:46:58.869675+00:00 tilloGPT-hermes kernel: pci 0000:16:09.5: [8086:208d] type 00 class 0x088000 conventional PCI endpoint
2026-07-17T12:46:58.869675+00:00 tilloGPT-hermes kernel: pci 0000:16:09.6: [8086:208d] type 00 class 0x088000 conventional PCI endpoint
2026-07-17T12:46:58.869675+00:00 tilloGPT-hermes kernel: pci 0000:16:09.7: [8086:208d] type 00 class 0x088000 conventional PCI endpoint
2026-07-17T12:46:58.869679+00:00 tilloGPT-hermes kernel: pci 0000:16:0a.0: [8086:208d] type 00 class 0x088000 conventional PCI endpoint
2026-07-17T12:46:58.869680+00:00 tilloGPT-hermes kernel: pci 0000:16:0a.1: [8086:208d] type 00 class 0x088000 conventional PCI endpoint
2026-07-17T12:46:58.869681+00:00 tilloGPT-hermes kernel: pci 0000:16:0e.0: [8086:208e] type 00 class 0x088000 conventional PCI endpoint
2026-07-17T12:46:58.869681+00:00 tilloGPT-hermes kernel: pci 0000:16:0e.1: [8086:208e] type 00 class 0x088000 conventional PCI endpoint
2026-07-17T12:46:58.869682+00:00 tilloGPT-hermes kernel: pci 0000:16:0e.2: [8086:208e] type 00 class 0x088000 conventional PCI endpoint
2026-07-17T12:46:58.869682+00:00 tilloGPT-hermes kernel: pci 0000:16:0e.3: [8086:208e] type 00 class 0x088000 conventional PCI endpoint
2026-07-17T12:46:58.869684+00:00 tilloGPT-hermes kernel: pci 0000:16:0e.4: [8086:208e] type 00 class 0x088000 conventional PCI endpoint
2026-07-17T12:46:58.869685+00:00 tilloGPT-hermes kernel: pci 0000:16:0e.5: [8086:208e] type 00 class 0x088000 conventional PCI endpoint
2026-07-17T12:46:58.869686+00:00 tilloGPT-hermes kernel: pci 0000:16:0e.6: [8086:208e] type 00 class 0x088000 conventional PCI endpoint
2026-07-17T12:46:58.869686+00:00 tilloGPT-hermes kernel: pci 0000:16:0e.7: [8086:208e] type 00 class 0x088000 conventional PCI endpoint
2026-07-17T12:46:58.869686+00:00 tilloGPT-hermes kernel: pci 0000:16:0f.0: [8086:208e] type 00 class 0x088000 conventional PCI endpoint
2026-07-17T12:46:58.869687+00:00 tilloGPT-hermes kernel: pci 0000:16:0f.1: [8086:208e] type 00 class 0x088000 conventional PCI endpoint
2026-07-17T12:46:58.869689+00:00 tilloGPT-hermes kernel: pci 0000:16:0f.2: [8086:208e] type 00 class 0x088000 conventional PCI endpoint
2026-07-17T12:46:58.869690+00:00 tilloGPT-hermes kernel: pci 0000:16:0f.3: [8086:208e] type 00 class 0x088000 conventional PCI endpoint
2026-07-17T12:46:58.869690+00:00 tilloGPT-hermes kernel: pci 0000:16:0f.4: [8086:208e] type 00 class 0x088000 conventional PCI endpoint
2026-07-17T12:46:58.869691+00:00 tilloGPT-hermes kernel: pci 0000:16:0f.5: [8086:208e] type 00 class 0x088000 conventional PCI endpoint
2026-07-17T12:46:58.869691+00:00 tilloGPT-hermes kernel: pci 0000:16:0f.6: [8086:208e] type 00 class 0x088000 conventional PCI endpoint
2026-07-17T12:46:58.869692+00:00 tilloGPT-hermes kernel: pci 0000:16:0f.7: [8086:208e] type 00 class 0x088000 conventional PCI endpoint
2026-07-17T12:46:58.869692+00:00 tilloGPT-hermes kernel: pci 0000:16:10.0: [8086:208e] type 00 class 0x088000 conventional PCI endpoint
2026-07-17T12:46:58.869694+00:00 tilloGPT-hermes kernel: pci 0000:16:10.1: [8086:208e] type 00 class 0x088000 conventional PCI endpoint
2026-07-17T12:46:58.869695+00:00 tilloGPT-hermes kernel: pci 0000:16:1d.0: [8086:2054] type 00 class 0x088000 conventional PCI endpoint
2026-07-17T12:46:58.869735+00:00 tilloGPT-hermes kernel: pci 0000:16:1d.1: [8086:2055] type 00 class 0x088000 conventional PCI endpoint
2026-07-17T12:46:58.869736+00:00 tilloGPT-hermes kernel: pci 0000:16:1d.2: [8086:2056] type 00 class 0x088000 conventional PCI endpoint
2026-07-17T12:46:58.869737+00:00 tilloGPT-hermes kernel: pci 0000:16:1d.3: [8086:2057] type 00 class 0x088000 conventional PCI endpoint
2026-07-17T12:46:58.869737+00:00 tilloGPT-hermes kernel: pci 0000:16:1e.0: [8086:2080] type 00 class 0x088000 conventional PCI endpoint
2026-07-17T12:46:58.869740+00:00 tilloGPT-hermes kernel: pci 0000:16:1e.1: [8086:2081] type 00 class 0x088000 conventional PCI endpoint
2026-07-17T12:46:58.869740+00:00 tilloGPT-hermes kernel: pci 0000:16:1e.2: [8086:2082] type 00 class 0x088000 conventional PCI endpoint
2026-07-17T12:46:58.869742+00:00 tilloGPT-hermes kernel: pci 0000:16:1e.3: [8086:2083] type 00 class 0x088000 conventional PCI endpoint
2026-07-17T12:46:58.869742+00:00 tilloGPT-hermes kernel: pci 0000:16:1e.4: [8086:2084] type 00 class 0x088000 conventional PCI endpoint
2026-07-17T12:46:58.869743+00:00 tilloGPT-hermes kernel: pci 0000:16:1e.5: [8086:2085] type 00 class 0x088000 conventional PCI endpoint
2026-07-17T12:46:58.869743+00:00 tilloGPT-hermes kernel: pci 0000:16:1e.6: [8086:2086] type 00 class 0x088000 conventional PCI endpoint
2026-07-17T12:46:58.869744+00:00 tilloGPT-hermes kernel: pci 0000:17:00.0: [10de:1b06] type 00 class 0x030000 PCIe Legacy Endpoint
2026-07-17T12:46:58.869746+00:00 tilloGPT-hermes kernel: pci 0000:17:00.0: BAR 0 [mem 0x8e000000-0x8effffff]
2026-07-17T12:46:58.869747+00:00 tilloGPT-hermes kernel: pci 0000:17:00.0: BAR 1 [mem 0x387fe0000000-0x387fefffffff 64bit pref]
2026-07-17T12:46:58.869747+00:00 tilloGPT-hermes kernel: pci 0000:17:00.0: BAR 3 [mem 0x387ff0000000-0x387ff1ffffff 64bit pref]
2026-07-17T12:46:58.869747+00:00 tilloGPT-hermes kernel: pci 0000:17:00.0: BAR 5 [io  0x7000-0x707f]
2026-07-17T12:46:58.869748+00:00 tilloGPT-hermes kernel: pci 0000:17:00.0: ROM [mem 0x8f000000-0x8f07ffff pref]
2026-07-17T12:46:58.869748+00:00 tilloGPT-hermes kernel: pci 0000:17:00.0: enabling Extended Tags
2026-07-17T12:46:58.869752+00:00 tilloGPT-hermes kernel: pci 0000:17:00.0: 32.000 Gb/s available PCIe bandwidth, limited by 2.5 GT/s PCIe x16 link at 0000:16:00.0 (capable of 126.016 Gb/s with 8.0 GT/s PCIe x16 link)
2026-07-17T12:46:58.869753+00:00 tilloGPT-hermes kernel: pci 0000:17:00.1: [10de:10ef] type 00 class 0x040300 PCIe Endpoint
2026-07-17T12:46:58.869753+00:00 tilloGPT-hermes kernel: pci 0000:17:00.1: BAR 0 [mem 0x8f080000-0x8f083fff]
2026-07-17T12:46:58.869754+00:00 tilloGPT-hermes kernel: pci 0000:17:00.1: enabling Extended Tags
2026-07-17T12:46:58.869754+00:00 tilloGPT-hermes kernel: pci 0000:16:00.0: PCI bridge to [bus 17]
2026-07-17T12:46:58.869754+00:00 tilloGPT-hermes kernel: pci_bus 0000:16: on NUMA node 0
2026-07-17T12:46:58.869757+00:00 tilloGPT-hermes kernel: ACPI: PCI Root Bridge [PC02] (domain 0000 [bus 64-b1])
2026-07-17T12:46:58.869757+00:00 tilloGPT-hermes kernel: acpi PNP0A08:02: _OSC: OS supports [ExtendedConfig ASPM ClockPM Segments MSI EDR HPX-Type3]
2026-07-17T12:46:58.869758+00:00 tilloGPT-hermes kernel: acpi PNP0A08:02: _OSC: platform does not support [SHPCHotplug AER LTR DPC]
2026-07-17T12:46:58.869758+00:00 tilloGPT-hermes kernel: acpi PNP0A08:02: _OSC: OS now controls [PCIeHotplug PME PCIeCapability]
2026-07-17T12:46:58.869758+00:00 tilloGPT-hermes kernel: PCI host bridge to bus 0000:64
2026-07-17T12:46:58.869759+00:00 tilloGPT-hermes kernel: pci_bus 0000:64: root bus resource [io  0x8000-0xbfff window]
2026-07-17T12:46:58.869759+00:00 tilloGPT-hermes kernel: pci_bus 0000:64: root bus resource [mem 0x8f800000-0x937fffff window]
2026-07-17T12:46:58.869763+00:00 tilloGPT-hermes kernel: pci_bus 0000:64: root bus resource [mem 0x388000000000-0x38bfffffffff window]
2026-07-17T12:46:58.869763+00:00 tilloGPT-hermes kernel: pci_bus 0000:64: root bus resource [bus 64-b1]
2026-07-17T12:46:58.869764+00:00 tilloGPT-hermes kernel: pci 0000:64:00.0: [8086:2030] type 01 class 0x060400 PCIe Root Port
2026-07-17T12:46:58.869764+00:00 tilloGPT-hermes kernel: pci 0000:64:00.0: PCI bridge to [bus 65]
2026-07-17T12:46:58.869765+00:00 tilloGPT-hermes kernel: pci 0000:64:00.0:   bridge window [io  0xb000-0xbfff]
2026-07-17T12:46:58.869765+00:00 tilloGPT-hermes kernel: pci 0000:64:00.0:   bridge window [mem 0x92000000-0x930fffff]
2026-07-17T12:46:58.869767+00:00 tilloGPT-hermes kernel: pci 0000:64:00.0:   bridge window [mem 0x38bfe0000000-0x38bff1ffffff 64bit pref]
2026-07-17T12:46:58.869769+00:00 tilloGPT-hermes kernel: pci 0000:64:00.0: enabling Extended Tags
2026-07-17T12:46:58.869770+00:00 tilloGPT-hermes kernel: pci 0000:64:00.0: PME# supported from D0 D3hot D3cold
2026-07-17T12:46:58.869770+00:00 tilloGPT-hermes kernel: pci 0000:64:02.0: [8086:2032] type 01 class 0x060400 PCIe Root Port
2026-07-17T12:46:58.869770+00:00 tilloGPT-hermes kernel: pci 0000:64:02.0: PCI bridge to [bus 66]
2026-07-17T12:46:58.869771+00:00 tilloGPT-hermes kernel: pci 0000:64:02.0:   bridge window [io  0xa000-0xafff]
2026-07-17T12:46:58.869773+00:00 tilloGPT-hermes kernel: pci 0000:64:02.0:   bridge window [mem 0x90000000-0x910fffff]
2026-07-17T12:46:58.869774+00:00 tilloGPT-hermes kernel: pci 0000:64:02.0:   bridge window [mem 0x38bfc0000000-0x38bfd1ffffff 64bit pref]
2026-07-17T12:46:58.869774+00:00 tilloGPT-hermes kernel: pci 0000:64:02.0: enabling Extended Tags
2026-07-17T12:46:58.869775+00:00 tilloGPT-hermes kernel: pci 0000:64:02.0: PME# supported from D0 D3hot D3cold
2026-07-17T12:46:58.869776+00:00 tilloGPT-hermes kernel: pci 0000:64:05.0: [8086:2034] type 00 class 0x088000 PCIe Root Complex Integrated Endpoint
2026-07-17T12:46:58.869777+00:00 tilloGPT-hermes kernel: pci 0000:64:05.2: [8086:2035] type 00 class 0x088000 PCIe Root Complex Integrated Endpoint
2026-07-17T12:46:58.869778+00:00 tilloGPT-hermes kernel: pci 0000:64:05.4: [8086:2036] type 00 class 0x080020 PCIe Root Complex Integrated Endpoint
2026-07-17T12:46:58.869781+00:00 tilloGPT-hermes kernel: pci 0000:64:05.4: BAR 0 [mem 0x93100000-0x93100fff]
2026-07-17T12:46:58.869781+00:00 tilloGPT-hermes kernel: pci 0000:64:08.0: [8086:2066] type 00 class 0x088000 PCIe Root Complex Integrated Endpoint
2026-07-17T12:46:58.869782+00:00 tilloGPT-hermes kernel: pci 0000:64:09.0: [8086:2066] type 00 class 0x088000 PCIe Root Complex Integrated Endpoint
2026-07-17T12:46:58.869782+00:00 tilloGPT-hermes kernel: pci 0000:64:0a.0: [8086:2040] type 00 class 0x088000 PCIe Root Complex Integrated Endpoint
2026-07-17T12:46:58.869782+00:00 tilloGPT-hermes kernel: pci 0000:64:0a.1: [8086:2041] type 00 class 0x088000 PCIe Root Complex Integrated Endpoint
2026-07-17T12:46:58.869783+00:00 tilloGPT-hermes kernel: pci 0000:64:0a.2: [8086:2042] type 00 class 0x088000 PCIe Root Complex Integrated Endpoint
2026-07-17T12:46:58.869785+00:00 tilloGPT-hermes kernel: pci 0000:64:0a.3: [8086:2043] type 00 class 0x088000 PCIe Root Complex Integrated Endpoint
2026-07-17T12:46:58.869786+00:00 tilloGPT-hermes kernel: pci 0000:64:0a.4: [8086:2044] type 00 class 0x088000 PCIe Root Complex Integrated Endpoint
2026-07-17T12:46:58.869787+00:00 tilloGPT-hermes kernel: pci 0000:64:0a.5: [8086:2045] type 00 class 0x088000 PCIe Root Complex Integrated Endpoint
2026-07-17T12:46:58.869787+00:00 tilloGPT-hermes kernel: pci 0000:64:0a.6: [8086:2046] type 00 class 0x088000 PCIe Root Complex Integrated Endpoint
2026-07-17T12:46:58.869788+00:00 tilloGPT-hermes kernel: pci 0000:64:0a.7: [8086:2047] type 00 class 0x088000 PCIe Root Complex Integrated Endpoint
2026-07-17T12:46:58.869788+00:00 tilloGPT-hermes kernel: pci 0000:64:0b.0: [8086:2048] type 00 class 0x088000 PCIe Root Complex Integrated Endpoint
2026-07-17T12:46:58.869788+00:00 tilloGPT-hermes kernel: pci 0000:64:0b.1: [8086:2049] type 00 class 0x088000 PCIe Root Complex Integrated Endpoint
2026-07-17T12:46:58.869791+00:00 tilloGPT-hermes kernel: pci 0000:64:0b.2: [8086:204a] type 00 class 0x088000 PCIe Root Complex Integrated Endpoint
2026-07-17T12:46:58.869792+00:00 tilloGPT-hermes kernel: pci 0000:64:0b.3: [8086:204b] type 00 class 0x088000 PCIe Root Complex Integrated Endpoint
2026-07-17T12:46:58.869792+00:00 tilloGPT-hermes kernel: pci 0000:64:0c.0: [8086:2040] type 00 class 0x088000 PCIe Root Complex Integrated Endpoint
2026-07-17T12:46:58.869793+00:00 tilloGPT-hermes kernel: pci 0000:64:0c.1: [8086:2041] type 00 class 0x088000 PCIe Root Complex Integrated Endpoint
2026-07-17T12:46:58.869793+00:00 tilloGPT-hermes kernel: pci 0000:64:0c.2: [8086:2042] type 00 class 0x088000 PCIe Root Complex Integrated Endpoint
2026-07-17T12:46:58.869794+00:00 tilloGPT-hermes kernel: pci 0000:64:0c.3: [8086:2043] type 00 class 0x088000 PCIe Root Complex Integrated Endpoint
2026-07-17T12:46:58.869796+00:00 tilloGPT-hermes kernel: pci 0000:64:0c.4: [8086:2044] type 00 class 0x088000 PCIe Root Complex Integrated Endpoint
2026-07-17T12:46:58.869797+00:00 tilloGPT-hermes kernel: pci 0000:64:0c.5: [8086:2045] type 00 class 0x088000 PCIe Root Complex Integrated Endpoint
2026-07-17T12:46:58.869805+00:00 tilloGPT-hermes kernel: pci 0000:64:0c.6: [8086:2046] type 00 class 0x088000 PCIe Root Complex Integrated Endpoint
2026-07-17T12:46:58.869805+00:00 tilloGPT-hermes kernel: pci 0000:64:0c.7: [8086:2047] type 00 class 0x088000 PCIe Root Complex Integrated Endpoint
2026-07-17T12:46:58.869806+00:00 tilloGPT-hermes kernel: pci 0000:64:0d.0: [8086:2048] type 00 class 0x088000 PCIe Root Complex Integrated Endpoint
2026-07-17T12:46:58.869806+00:00 tilloGPT-hermes kernel: pci 0000:64:0d.1: [8086:2049] type 00 class 0x088000 PCIe Root Complex Integrated Endpoint
2026-07-17T12:46:58.869810+00:00 tilloGPT-hermes kernel: pci 0000:64:0d.2: [8086:204a] type 00 class 0x088000 PCIe Root Complex Integrated Endpoint
2026-07-17T12:46:58.869811+00:00 tilloGPT-hermes kernel: pci 0000:64:0d.3: [8086:204b] type 00 class 0x088000 PCIe Root Complex Integrated Endpoint
2026-07-17T12:46:58.869812+00:00 tilloGPT-hermes kernel: pci 0000:65:00.0: [10de:1b80] type 00 class 0x030000 PCIe Legacy Endpoint
2026-07-17T12:46:58.869812+00:00 tilloGPT-hermes kernel: pci 0000:65:00.0: BAR 0 [mem 0x92000000-0x92ffffff]
2026-07-17T12:46:58.869812+00:00 tilloGPT-hermes kernel: pci 0000:65:00.0: BAR 1 [mem 0x38bfe0000000-0x38bfefffffff 64bit pref]
2026-07-17T12:46:58.869813+00:00 tilloGPT-hermes kernel: pci 0000:65:00.0: BAR 3 [mem 0x38bff0000000-0x38bff1ffffff 64bit pref]
2026-07-17T12:46:58.869813+00:00 tilloGPT-hermes kernel: pci 0000:65:00.0: BAR 5 [io  0xb000-0xb07f]
2026-07-17T12:46:58.869815+00:00 tilloGPT-hermes kernel: pci 0000:65:00.0: ROM [mem 0x93000000-0x9307ffff pref]
2026-07-17T12:46:58.869816+00:00 tilloGPT-hermes kernel: pci 0000:65:00.0: enabling Extended Tags
2026-07-17T12:46:58.869817+00:00 tilloGPT-hermes kernel: pci 0000:65:00.0: 16.000 Gb/s available PCIe bandwidth, limited by 2.5 GT/s PCIe x8 link at 0000:64:00.0 (capable of 126.016 Gb/s with 8.0 GT/s PCIe x16 link)
2026-07-17T12:46:58.869817+00:00 tilloGPT-hermes kernel: pci 0000:65:00.1: [10de:10f0] type 00 class 0x040300 PCIe Endpoint
2026-07-17T12:46:58.869818+00:00 tilloGPT-hermes kernel: pci 0000:65:00.1: BAR 0 [mem 0x93080000-0x93083fff]
2026-07-17T12:46:58.869818+00:00 tilloGPT-hermes kernel: pci 0000:65:00.1: enabling Extended Tags
2026-07-17T12:46:58.869820+00:00 tilloGPT-hermes kernel: pci 0000:64:00.0: PCI bridge to [bus 65]
2026-07-17T12:46:58.869864+00:00 tilloGPT-hermes kernel: pci 0000:66:00.0: [10de:1b80] type 00 class 0x030000 PCIe Legacy Endpoint
2026-07-17T12:46:58.869865+00:00 tilloGPT-hermes kernel: pci 0000:66:00.0: BAR 0 [mem 0x90000000-0x90ffffff]
2026-07-17T12:46:58.869865+00:00 tilloGPT-hermes kernel: pci 0000:66:00.0: BAR 1 [mem 0x38bfc0000000-0x38bfcfffffff 64bit pref]
2026-07-17T12:46:58.869866+00:00 tilloGPT-hermes kernel: pci 0000:66:00.0: BAR 3 [mem 0x38bfd0000000-0x38bfd1ffffff 64bit pref]
2026-07-17T12:46:58.869866+00:00 tilloGPT-hermes kernel: pci 0000:66:00.0: BAR 5 [io  0xa000-0xa07f]
2026-07-17T12:46:58.869869+00:00 tilloGPT-hermes kernel: pci 0000:66:00.0: ROM [mem 0x91000000-0x9107ffff pref]
2026-07-17T12:46:58.869870+00:00 tilloGPT-hermes kernel: pci 0000:66:00.0: enabling Extended Tags
2026-07-17T12:46:58.869870+00:00 tilloGPT-hermes kernel: pci 0000:66:00.0: 16.000 Gb/s available PCIe bandwidth, limited by 2.5 GT/s PCIe x8 link at 0000:64:02.0 (capable of 126.016 Gb/s with 8.0 GT/s PCIe x16 link)
2026-07-17T12:46:58.869871+00:00 tilloGPT-hermes kernel: pci 0000:66:00.1: [10de:10f0] type 00 class 0x040300 PCIe Endpoint
2026-07-17T12:46:58.869871+00:00 tilloGPT-hermes kernel: pci 0000:66:00.1: BAR 0 [mem 0x91080000-0x91083fff]
2026-07-17T12:46:58.869871+00:00 tilloGPT-hermes kernel: pci 0000:66:00.1: enabling Extended Tags
2026-07-17T12:46:58.869874+00:00 tilloGPT-hermes kernel: pci 0000:64:02.0: PCI bridge to [bus 66]
2026-07-17T12:46:58.869874+00:00 tilloGPT-hermes kernel: pci_bus 0000:64: on NUMA node 0
2026-07-17T12:46:58.869875+00:00 tilloGPT-hermes kernel: ACPI: PCI Root Bridge [PC03] (domain 0000 [bus b2-ff])
2026-07-17T12:46:58.869875+00:00 tilloGPT-hermes kernel: acpi PNP0A08:03: _OSC: OS supports [ExtendedConfig ASPM ClockPM Segments MSI EDR HPX-Type3]
2026-07-17T12:46:58.869876+00:00 tilloGPT-hermes kernel: acpi PNP0A08:03: _OSC: platform does not support [SHPCHotplug AER LTR DPC]
2026-07-17T12:46:58.869876+00:00 tilloGPT-hermes kernel: acpi PNP0A08:03: _OSC: OS now controls [PCIeHotplug PME PCIeCapability]
2026-07-17T12:46:58.869876+00:00 tilloGPT-hermes kernel: PCI host bridge to bus 0000:b2
2026-07-17T12:46:58.869879+00:00 tilloGPT-hermes kernel: pci_bus 0000:b2: root bus resource [io  0xc000-0xffff window]
2026-07-17T12:46:58.869880+00:00 tilloGPT-hermes kernel: pci_bus 0000:b2: root bus resource [mem 0x93800000-0xfbffffff window]
2026-07-17T12:46:58.869880+00:00 tilloGPT-hermes kernel: pci_bus 0000:b2: root bus resource [mem 0x38c000000000-0x38ffffffffff window]
2026-07-17T12:46:58.869881+00:00 tilloGPT-hermes kernel: pci_bus 0000:b2: root bus resource [bus b2-ff]
2026-07-17T12:46:58.869881+00:00 tilloGPT-hermes kernel: pci 0000:b2:00.0: [8086:2030] type 01 class 0x060400 PCIe Root Port
2026-07-17T12:46:58.869881+00:00 tilloGPT-hermes kernel: pci 0000:b2:00.0: PCI bridge to [bus b3]
2026-07-17T12:46:58.869884+00:00 tilloGPT-hermes kernel: pci 0000:b2:00.0:   bridge window [io  0xf000-0xffff]
2026-07-17T12:46:58.869884+00:00 tilloGPT-hermes kernel: pci 0000:b2:00.0:   bridge window [mem 0xfa000000-0xfb0fffff]
2026-07-17T12:46:58.869886+00:00 tilloGPT-hermes kernel: pci 0000:b2:00.0:   bridge window [mem 0x38ffc0000000-0x38ffd20fffff 64bit pref]
2026-07-17T12:46:58.869886+00:00 tilloGPT-hermes kernel: pci 0000:b2:00.0: enabling Extended Tags
2026-07-17T12:46:58.869887+00:00 tilloGPT-hermes kernel: pci 0000:b2:00.0: PME# supported from D0 D3hot D3cold
2026-07-17T12:46:58.869887+00:00 tilloGPT-hermes kernel: pci 0000:b2:02.0: [8086:2032] type 01 class 0x060400 PCIe Root Port
2026-07-17T12:46:58.869888+00:00 tilloGPT-hermes kernel: pci 0000:b2:02.0: PCI bridge to [bus b4]
2026-07-17T12:46:58.869890+00:00 tilloGPT-hermes kernel: pci 0000:b2:02.0:   bridge window [io  0xe000-0xefff]
2026-07-17T12:46:58.869891+00:00 tilloGPT-hermes kernel: pci 0000:b2:02.0:   bridge window [mem 0xf8000000-0xf90fffff]
2026-07-17T12:46:58.869891+00:00 tilloGPT-hermes kernel: pci 0000:b2:02.0:   bridge window [mem 0x38ffe0000000-0x38fff1ffffff 64bit pref]
2026-07-17T12:46:58.869891+00:00 tilloGPT-hermes kernel: pci 0000:b2:02.0: enabling Extended Tags
2026-07-17T12:46:58.869893+00:00 tilloGPT-hermes kernel: pci 0000:b2:02.0: PME# supported from D0 D3hot D3cold
2026-07-17T12:46:58.869894+00:00 tilloGPT-hermes kernel: pci 0000:b2:05.0: [8086:2034] type 00 class 0x088000 PCIe Root Complex Integrated Endpoint
2026-07-17T12:46:58.869896+00:00 tilloGPT-hermes kernel: pci 0000:b2:05.2: [8086:2035] type 00 class 0x088000 PCIe Root Complex Integrated Endpoint
2026-07-17T12:46:58.869896+00:00 tilloGPT-hermes kernel: pci 0000:b2:05.4: [8086:2036] type 00 class 0x080020 PCIe Root Complex Integrated Endpoint
2026-07-17T12:46:58.869897+00:00 tilloGPT-hermes kernel: pci 0000:b2:05.4: BAR 0 [mem 0xfb100000-0xfb100fff]
2026-07-17T12:46:58.869897+00:00 tilloGPT-hermes kernel: pci 0000:b2:12.0: [8086:204c] type 00 class 0x110100 PCIe Root Complex Integrated Endpoint
2026-07-17T12:46:58.869898+00:00 tilloGPT-hermes kernel: pci 0000:b2:12.1: [8086:204d] type 00 class 0x110100 conventional PCI endpoint
2026-07-17T12:46:58.869899+00:00 tilloGPT-hermes kernel: pci 0000:b2:12.2: [8086:204e] type 00 class 0x088000 conventional PCI endpoint
2026-07-17T12:46:58.869901+00:00 tilloGPT-hermes kernel: pci 0000:b2:15.0: [8086:2018] type 00 class 0x088000 conventional PCI endpoint
2026-07-17T12:46:58.869902+00:00 tilloGPT-hermes kernel: pci 0000:b2:15.1: [8086:2088] type 00 class 0x110100 conventional PCI endpoint
2026-07-17T12:46:58.869903+00:00 tilloGPT-hermes kernel: pci 0000:b2:16.0: [8086:2018] type 00 class 0x088000 conventional PCI endpoint
2026-07-17T12:46:58.869903+00:00 tilloGPT-hermes kernel: pci 0000:b2:16.1: [8086:2088] type 00 class 0x110100 conventional PCI endpoint
2026-07-17T12:46:58.869903+00:00 tilloGPT-hermes kernel: pci 0000:b2:16.4: [8086:2018] type 00 class 0x088000 conventional PCI endpoint
2026-07-17T12:46:58.869904+00:00 tilloGPT-hermes kernel: pci 0000:b2:16.5: [8086:2088] type 00 class 0x110100 conventional PCI endpoint
2026-07-17T12:46:58.869904+00:00 tilloGPT-hermes kernel: pci 0000:b2:17.0: [8086:2018] type 00 class 0x088000 conventional PCI endpoint
2026-07-17T12:46:58.869906+00:00 tilloGPT-hermes kernel: pci 0000:b2:17.1: [8086:2088] type 00 class 0x110100 conventional PCI endpoint
2026-07-17T12:46:58.869907+00:00 tilloGPT-hermes kernel: pci 0000:b3:00.0: [10de:2182] type 00 class 0x030000 PCIe Legacy Endpoint
2026-07-17T12:46:58.869908+00:00 tilloGPT-hermes kernel: pci 0000:b3:00.0: BAR 0 [mem 0xfa000000-0xfaffffff]
2026-07-17T12:46:58.869908+00:00 tilloGPT-hermes kernel: pci 0000:b3:00.0: BAR 1 [mem 0x38ffc0000000-0x38ffcfffffff 64bit pref]
2026-07-17T12:46:58.869909+00:00 tilloGPT-hermes kernel: pci 0000:b3:00.0: BAR 3 [mem 0x38ffd0000000-0x38ffd1ffffff 64bit pref]
2026-07-17T12:46:58.869909+00:00 tilloGPT-hermes kernel: pci 0000:b3:00.0: BAR 5 [io  0xf000-0xf07f]
2026-07-17T12:46:58.869911+00:00 tilloGPT-hermes kernel: pci 0000:b3:00.0: ROM [mem 0xfb000000-0xfb07ffff pref]
2026-07-17T12:46:58.869912+00:00 tilloGPT-hermes kernel: pci 0000:b3:00.0: enabling Extended Tags
2026-07-17T12:46:58.869912+00:00 tilloGPT-hermes kernel: pci 0000:b3:00.0: PME# supported from D0 D3hot
2026-07-17T12:46:58.869913+00:00 tilloGPT-hermes kernel: pci 0000:b3:00.0: 16.000 Gb/s available PCIe bandwidth, limited by 2.5 GT/s PCIe x8 link at 0000:b2:00.0 (capable of 126.016 Gb/s with 8.0 GT/s PCIe x16 link)
2026-07-17T12:46:58.869913+00:00 tilloGPT-hermes kernel: pci 0000:b3:00.1: [10de:1aeb] type 00 class 0x040300 PCIe Endpoint
2026-07-17T12:46:58.869914+00:00 tilloGPT-hermes kernel: pci 0000:b3:00.1: BAR 0 [mem 0xfb080000-0xfb083fff]
2026-07-17T12:46:58.869916+00:00 tilloGPT-hermes kernel: pci 0000:b3:00.1: enabling Extended Tags
2026-07-17T12:46:58.869918+00:00 tilloGPT-hermes kernel: pci 0000:b3:00.2: [10de:1aec] type 00 class 0x0c0330 PCIe Endpoint
2026-07-17T12:46:58.869918+00:00 tilloGPT-hermes kernel: pci 0000:b3:00.2: BAR 0 [mem 0x38ffd2000000-0x38ffd203ffff 64bit pref]
2026-07-17T12:46:58.869919+00:00 tilloGPT-hermes kernel: pci 0000:b3:00.2: BAR 3 [mem 0x38ffd2040000-0x38ffd204ffff 64bit pref]
2026-07-17T12:46:58.869919+00:00 tilloGPT-hermes kernel: pci 0000:b3:00.2: enabling Extended Tags
2026-07-17T12:46:58.869920+00:00 tilloGPT-hermes kernel: pci 0000:b3:00.2: PME# supported from D0 D3hot
2026-07-17T12:46:58.869920+00:00 tilloGPT-hermes kernel: pci 0000:b3:00.3: [10de:1aed] type 00 class 0x0c8000 PCIe Endpoint
2026-07-17T12:46:58.869922+00:00 tilloGPT-hermes kernel: pci 0000:b3:00.3: BAR 0 [mem 0xfb084000-0xfb084fff]
2026-07-17T12:46:58.869923+00:00 tilloGPT-hermes kernel: pci 0000:b3:00.3: enabling Extended Tags
2026-07-17T12:46:58.869923+00:00 tilloGPT-hermes kernel: pci 0000:b3:00.3: PME# supported from D0 D3hot
2026-07-17T12:46:58.869925+00:00 tilloGPT-hermes kernel: pci 0000:b2:00.0: PCI bridge to [bus b3]
2026-07-17T12:46:58.869926+00:00 tilloGPT-hermes kernel: pci 0000:b4:00.0: [10de:2531] type 00 class 0x030000 PCIe Legacy Endpoint
2026-07-17T12:46:58.869926+00:00 tilloGPT-hermes kernel: pci 0000:b4:00.0: BAR 0 [mem 0xf8000000-0xf8ffffff]
2026-07-17T12:46:58.869929+00:00 tilloGPT-hermes kernel: pci 0000:b4:00.0: BAR 1 [mem 0x38ffe0000000-0x38ffefffffff 64bit pref]
2026-07-17T12:46:58.869929+00:00 tilloGPT-hermes kernel: pci 0000:b4:00.0: BAR 3 [mem 0x38fff0000000-0x38fff1ffffff 64bit pref]
2026-07-17T12:46:58.869930+00:00 tilloGPT-hermes kernel: pci 0000:b4:00.0: BAR 5 [io  0xe000-0xe07f]
2026-07-17T12:46:58.869931+00:00 tilloGPT-hermes kernel: pci 0000:b4:00.0: ROM [mem 0xf9000000-0xf907ffff pref]
2026-07-17T12:46:58.869932+00:00 tilloGPT-hermes kernel: pci 0000:b4:00.0: enabling Extended Tags
2026-07-17T12:46:58.869937+00:00 tilloGPT-hermes kernel: pci 0000:b4:00.0: PME# supported from D0 D3hot
2026-07-17T12:46:58.869937+00:00 tilloGPT-hermes kernel: pci 0000:b4:00.0: 63.008 Gb/s available PCIe bandwidth, limited by 8.0 GT/s PCIe x8 link at 0000:b2:02.0 (capable of 252.048 Gb/s with 16.0 GT/s PCIe x16 link)
2026-07-17T12:46:58.869942+00:00 tilloGPT-hermes kernel: pci 0000:b4:00.1: [10de:228e] type 00 class 0x040300 PCIe Endpoint
2026-07-17T12:46:58.869942+00:00 tilloGPT-hermes kernel: pci 0000:b4:00.1: BAR 0 [mem 0xf9080000-0xf9083fff]
2026-07-17T12:46:58.869943+00:00 tilloGPT-hermes kernel: pci 0000:b4:00.1: enabling Extended Tags
2026-07-17T12:46:58.869943+00:00 tilloGPT-hermes kernel: pci 0000:b2:02.0: PCI bridge to [bus b4]
2026-07-17T12:46:58.869943+00:00 tilloGPT-hermes kernel: pci_bus 0000:b2: on NUMA node 0
2026-07-17T12:46:58.869944+00:00 tilloGPT-hermes kernel: ACPI: PCI: Interrupt link LNKA configured for IRQ 11
2026-07-17T12:46:58.869946+00:00 tilloGPT-hermes kernel: ACPI: PCI: Interrupt link LNKB configured for IRQ 10
2026-07-17T12:46:58.869948+00:00 tilloGPT-hermes kernel: ACPI: PCI: Interrupt link LNKC configured for IRQ 11
2026-07-17T12:46:58.869949+00:00 tilloGPT-hermes kernel: ACPI: PCI: Interrupt link LNKD configured for IRQ 11
2026-07-17T12:46:58.869949+00:00 tilloGPT-hermes kernel: ACPI: PCI: Interrupt link LNKE configured for IRQ 11
2026-07-17T12:46:58.869949+00:00 tilloGPT-hermes kernel: ACPI: PCI: Interrupt link LNKF configured for IRQ 11
2026-07-17T12:46:58.869950+00:00 tilloGPT-hermes kernel: ACPI: PCI: Interrupt link LNKG configured for IRQ 11
2026-07-17T12:46:58.869952+00:00 tilloGPT-hermes kernel: ACPI: PCI: Interrupt link LNKH configured for IRQ 11
2026-07-17T12:46:58.869953+00:00 tilloGPT-hermes kernel: iommu: Default domain type: Translated
2026-07-17T12:46:58.869953+00:00 tilloGPT-hermes kernel: iommu: DMA domain TLB invalidation policy: lazy mode
2026-07-17T12:46:58.869953+00:00 tilloGPT-hermes kernel: SCSI subsystem initialized
2026-07-17T12:46:58.869954+00:00 tilloGPT-hermes kernel: libata version 3.00 loaded.
2026-07-17T12:46:58.869954+00:00 tilloGPT-hermes kernel: ACPI: bus type USB registered
2026-07-17T12:46:58.869955+00:00 tilloGPT-hermes kernel: usbcore: registered new interface driver usbfs
2026-07-17T12:46:58.869964+00:00 tilloGPT-hermes kernel: usbcore: registered new interface driver hub
2026-07-17T12:46:58.870011+00:00 tilloGPT-hermes kernel: usbcore: registered new device driver usb
2026-07-17T12:46:58.870012+00:00 tilloGPT-hermes kernel: pps_core: LinuxPPS API ver. 1 registered
2026-07-17T12:46:58.870012+00:00 tilloGPT-hermes kernel: pps_core: Software ver. 5.3.6 - Copyright 2005-2007 Rodolfo Giometti <giometti@linux.it>
2026-07-17T12:46:58.870013+00:00 tilloGPT-hermes kernel: PTP clock support registered
2026-07-17T12:46:58.870014+00:00 tilloGPT-hermes kernel: EDAC MC: Ver: 3.0.0
2026-07-17T12:46:58.870017+00:00 tilloGPT-hermes kernel: efivars: Registered efivars operations
2026-07-17T12:46:58.870018+00:00 tilloGPT-hermes kernel: NetLabel: Initializing
2026-07-17T12:46:58.870018+00:00 tilloGPT-hermes kernel: NetLabel:  domain hash size = 128
2026-07-17T12:46:58.870018+00:00 tilloGPT-hermes kernel: NetLabel:  protocols = UNLABELED CIPSOv4 CALIPSO
2026-07-17T12:46:58.870019+00:00 tilloGPT-hermes kernel: NetLabel:  unlabeled traffic allowed by default
2026-07-17T12:46:58.870019+00:00 tilloGPT-hermes kernel: mctp: management component transport protocol core
2026-07-17T12:46:58.870021+00:00 tilloGPT-hermes kernel: NET: Registered PF_MCTP protocol family
2026-07-17T12:46:58.870022+00:00 tilloGPT-hermes kernel: PCI: Using ACPI for IRQ routing
2026-07-17T12:46:58.870023+00:00 tilloGPT-hermes kernel: PCI: pci_cache_line_size set to 64 bytes
2026-07-17T12:46:58.870023+00:00 tilloGPT-hermes kernel: e820: reserve RAM buffer [mem 0x0003f000-0x0003ffff]
2026-07-17T12:46:58.870023+00:00 tilloGPT-hermes kernel: e820: reserve RAM buffer [mem 0x31363018-0x33ffffff]
2026-07-17T12:46:58.870024+00:00 tilloGPT-hermes kernel: e820: reserve RAM buffer [mem 0x31388018-0x33ffffff]
2026-07-17T12:46:58.870024+00:00 tilloGPT-hermes kernel: e820: reserve RAM buffer [mem 0x313a8018-0x33ffffff]
2026-07-17T12:46:58.870029+00:00 tilloGPT-hermes kernel: e820: reserve RAM buffer [mem 0x313c8018-0x33ffffff]
2026-07-17T12:46:58.870030+00:00 tilloGPT-hermes kernel: e820: reserve RAM buffer [mem 0x313e8018-0x33ffffff]
2026-07-17T12:46:58.870030+00:00 tilloGPT-hermes kernel: e820: reserve RAM buffer [mem 0x31408018-0x33ffffff]
2026-07-17T12:46:58.870031+00:00 tilloGPT-hermes kernel: e820: reserve RAM buffer [mem 0x31419018-0x33ffffff]
2026-07-17T12:46:58.870031+00:00 tilloGPT-hermes kernel: e820: reserve RAM buffer [mem 0x3143a018-0x33ffffff]
2026-07-17T12:46:58.870031+00:00 tilloGPT-hermes kernel: e820: reserve RAM buffer [mem 0x4786f000-0x47ffffff]
2026-07-17T12:46:58.870034+00:00 tilloGPT-hermes kernel: e820: reserve RAM buffer [mem 0x48d0c000-0x4bffffff]
2026-07-17T12:46:58.870035+00:00 tilloGPT-hermes kernel: e820: reserve RAM buffer [mem 0x4be56000-0x4bffffff]
2026-07-17T12:46:58.870035+00:00 tilloGPT-hermes kernel: pci 0000:03:00.0: vgaarb: setting as boot VGA device
2026-07-17T12:46:58.870036+00:00 tilloGPT-hermes kernel: pci 0000:03:00.0: vgaarb: bridge control possible
2026-07-17T12:46:58.870036+00:00 tilloGPT-hermes kernel: pci 0000:03:00.0: vgaarb: VGA device added: decodes=io+mem,owns=none,locks=none
2026-07-17T12:46:58.870037+00:00 tilloGPT-hermes kernel: pci 0000:06:00.0: vgaarb: bridge control possible
2026-07-17T12:46:58.870038+00:00 tilloGPT-hermes kernel: pci 0000:06:00.0: vgaarb: VGA device added: decodes=io+mem,owns=none,locks=none
2026-07-17T12:46:58.870039+00:00 tilloGPT-hermes kernel: pci 0000:17:00.0: vgaarb: bridge control possible
2026-07-17T12:46:58.870041+00:00 tilloGPT-hermes kernel: pci 0000:17:00.0: vgaarb: VGA device added: decodes=io+mem,owns=none,locks=none
2026-07-17T12:46:58.870041+00:00 tilloGPT-hermes kernel: pci 0000:65:00.0: vgaarb: bridge control possible
2026-07-17T12:46:58.870043+00:00 tilloGPT-hermes kernel: pci 0000:65:00.0: vgaarb: VGA device added: decodes=io+mem,owns=none,locks=none
2026-07-17T12:46:58.870043+00:00 tilloGPT-hermes kernel: pci 0000:66:00.0: vgaarb: bridge control possible
2026-07-17T12:46:58.870044+00:00 tilloGPT-hermes kernel: pci 0000:66:00.0: vgaarb: VGA device added: decodes=io+mem,owns=none,locks=none
2026-07-17T12:46:58.870046+00:00 tilloGPT-hermes kernel: pci 0000:b3:00.0: vgaarb: bridge control possible
2026-07-17T12:46:58.870046+00:00 tilloGPT-hermes kernel: pci 0000:b3:00.0: vgaarb: VGA device added: decodes=io+mem,owns=none,locks=none
2026-07-17T12:46:58.870047+00:00 tilloGPT-hermes kernel: pci 0000:b4:00.0: vgaarb: bridge control possible
2026-07-17T12:46:58.870056+00:00 tilloGPT-hermes kernel: pci 0000:b4:00.0: vgaarb: VGA device added: decodes=io+mem,owns=none,locks=none
2026-07-17T12:46:58.870056+00:00 tilloGPT-hermes kernel: vgaarb: loaded
2026-07-17T12:46:58.870057+00:00 tilloGPT-hermes kernel: hpet0: at MMIO 0xfed00000, IRQs 2, 8, 0, 0, 0, 0, 0, 0
2026-07-17T12:46:58.870059+00:00 tilloGPT-hermes kernel: hpet0: 8 comparators, 64-bit 24.000000 MHz counter
2026-07-17T12:46:58.870060+00:00 tilloGPT-hermes kernel: clocksource: Switched to clocksource tsc-early
2026-07-17T12:46:58.870061+00:00 tilloGPT-hermes kernel: VFS: Disk quotas dquot_6.6.0
2026-07-17T12:46:58.870061+00:00 tilloGPT-hermes kernel: VFS: Dquot-cache hash table entries: 512 (order 0, 4096 bytes)
2026-07-17T12:46:58.870061+00:00 tilloGPT-hermes kernel: AppArmor: AppArmor Filesystem Enabled
2026-07-17T12:46:58.870062+00:00 tilloGPT-hermes kernel: pnp: PnP ACPI init
2026-07-17T12:46:58.870062+00:00 tilloGPT-hermes kernel: system 00:00: [io  0x0500-0x05fe] has been reserved
2026-07-17T12:46:58.870065+00:00 tilloGPT-hermes kernel: system 00:00: [io  0x0400-0x047f] has been reserved
2026-07-17T12:46:58.870066+00:00 tilloGPT-hermes kernel: system 00:00: [io  0x0600-0x061f] has been reserved
2026-07-17T12:46:58.870066+00:00 tilloGPT-hermes kernel: system 00:00: [io  0x0ca0-0x0ca5] has been reserved
2026-07-17T12:46:58.870066+00:00 tilloGPT-hermes kernel: system 00:00: [io  0x0880-0x0883] has been reserved
2026-07-17T12:46:58.870067+00:00 tilloGPT-hermes kernel: system 00:00: [io  0x0800-0x081f] has been reserved
2026-07-17T12:46:58.870067+00:00 tilloGPT-hermes kernel: system 00:00: [mem 0xfed1c000-0xfed3ffff] has been reserved
2026-07-17T12:46:58.870069+00:00 tilloGPT-hermes kernel: system 00:00: [mem 0xfed45000-0xfed8bfff] has been reserved
2026-07-17T12:46:58.870070+00:00 tilloGPT-hermes kernel: system 00:00: [mem 0xff000000-0xffffffff] has been reserved
2026-07-17T12:46:58.870072+00:00 tilloGPT-hermes kernel: system 00:00: [mem 0xfee00000-0xfeefffff] could not be reserved
2026-07-17T12:46:58.870072+00:00 tilloGPT-hermes kernel: system 00:00: [mem 0xfed12000-0xfed1200f] has been reserved
2026-07-17T12:46:58.870072+00:00 tilloGPT-hermes kernel: system 00:00: [mem 0xfed12010-0xfed1201f] has been reserved
2026-07-17T12:46:58.870073+00:00 tilloGPT-hermes kernel: system 00:00: [mem 0xfed1b000-0xfed1bfff] has been reserved
2026-07-17T12:46:58.870074+00:00 tilloGPT-hermes kernel: system 00:01: [io  0x0a00-0x0a0f] has been reserved
2026-07-17T12:46:58.870076+00:00 tilloGPT-hermes kernel: system 00:01: [io  0x0a10-0x0a1f] has been reserved
2026-07-17T12:46:58.870076+00:00 tilloGPT-hermes kernel: system 00:01: [io  0x0a20-0x0a2f] has been reserved
2026-07-17T12:46:58.870077+00:00 tilloGPT-hermes kernel: system 00:01: [io  0x0280-0x028f] has been reserved
2026-07-17T12:46:58.870078+00:00 tilloGPT-hermes kernel: system 00:02: [mem 0xfd000000-0xfdabffff] has been reserved
2026-07-17T12:46:58.870078+00:00 tilloGPT-hermes kernel: system 00:02: [mem 0xfdad0000-0xfdadffff] has been reserved
2026-07-17T12:46:58.870080+00:00 tilloGPT-hermes kernel: system 00:02: [mem 0xfdb00000-0xfdffffff] has been reserved
2026-07-17T12:46:58.870082+00:00 tilloGPT-hermes kernel: system 00:02: [mem 0xfe000000-0xfe00ffff] has been reserved
2026-07-17T12:46:58.870083+00:00 tilloGPT-hermes kernel: system 00:02: [mem 0xfe011000-0xfe01ffff] has been reserved
2026-07-17T12:46:58.870083+00:00 tilloGPT-hermes kernel: system 00:02: [mem 0xfe036000-0xfe03bfff] has been reserved
2026-07-17T12:46:58.870084+00:00 tilloGPT-hermes kernel: system 00:02: [mem 0xfe03d000-0xfe3fffff] has been reserved
2026-07-17T12:46:58.870084+00:00 tilloGPT-hermes kernel: system 00:02: [mem 0xfe410000-0xfe7fffff] has been reserved
2026-07-17T12:46:58.870084+00:00 tilloGPT-hermes kernel: system 00:03: [io  0x0f00-0x0ffe] has been reserved
2026-07-17T12:46:58.870088+00:00 tilloGPT-hermes kernel: system 00:04: [mem 0xfe031000-0xfe031fff] has been reserved
2026-07-17T12:46:58.870089+00:00 tilloGPT-hermes kernel: system 00:04: [mem 0xfe030008-0xfe030fff] has been reserved
2026-07-17T12:46:58.870089+00:00 tilloGPT-hermes kernel: system 00:04: [mem 0xfdaf0000-0xfdafffff] has been reserved
2026-07-17T12:46:58.870090+00:00 tilloGPT-hermes kernel: system 00:04: [mem 0xfdae0000-0xfdaeffff] has been reserved
2026-07-17T12:46:58.870090+00:00 tilloGPT-hermes kernel: system 00:04: [mem 0xfdac0000-0xfdacffff] has been reserved
2026-07-17T12:46:58.870090+00:00 tilloGPT-hermes kernel: pnp: PnP ACPI: found 5 devices
2026-07-17T12:46:58.870091+00:00 tilloGPT-hermes kernel: clocksource: acpi_pm: mask: 0xffffff max_cycles: 0xffffff, max_idle_ns: 2085701024 ns
2026-07-17T12:46:58.870095+00:00 tilloGPT-hermes kernel: NET: Registered PF_INET protocol family
2026-07-17T12:46:58.870097+00:00 tilloGPT-hermes kernel: IP idents hash table entries: 262144 (order: 9, 2097152 bytes, linear)
2026-07-17T12:46:58.870098+00:00 tilloGPT-hermes kernel: tcp_listen_portaddr_hash hash table entries: 16384 (order: 6, 262144 bytes, linear)
2026-07-17T12:46:58.870099+00:00 tilloGPT-hermes kernel: Table-perturb hash table entries: 65536 (order: 6, 262144 bytes, linear)
2026-07-17T12:46:58.870099+00:00 tilloGPT-hermes kernel: TCP established hash table entries: 262144 (order: 9, 2097152 bytes, linear)
2026-07-17T12:46:58.870100+00:00 tilloGPT-hermes kernel: TCP bind hash table entries: 65536 (order: 9, 2097152 bytes, linear)
2026-07-17T12:46:58.870102+00:00 tilloGPT-hermes kernel: TCP: Hash tables configured (established 262144 bind 65536)
2026-07-17T12:46:58.870103+00:00 tilloGPT-hermes kernel: MPTCP token hash table entries: 32768 (order: 8, 786432 bytes, linear)
2026-07-17T12:46:58.870103+00:00 tilloGPT-hermes kernel: UDP hash table entries: 16384 (order: 7, 524288 bytes, linear)
2026-07-17T12:46:58.870104+00:00 tilloGPT-hermes kernel: UDP-Lite hash table entries: 16384 (order: 7, 524288 bytes, linear)
2026-07-17T12:46:58.870105+00:00 tilloGPT-hermes kernel: NET: Registered PF_UNIX/PF_LOCAL protocol family
2026-07-17T12:46:58.870106+00:00 tilloGPT-hermes kernel: NET: Registered PF_XDP protocol family
2026-07-17T12:46:58.870107+00:00 tilloGPT-hermes kernel: pci 0000:00:1b.0: PCI bridge to [bus 01]
2026-07-17T12:46:58.870109+00:00 tilloGPT-hermes kernel: pci 0000:00:1b.2: PCI bridge to [bus 02]
2026-07-17T12:46:58.870109+00:00 tilloGPT-hermes kernel: pci 0000:00:1b.2:   bridge window [mem 0x73200000-0x732fffff]
2026-07-17T12:46:58.870109+00:00 tilloGPT-hermes kernel: pci 0000:00:1b.4: PCI bridge to [bus 03]
2026-07-17T12:46:58.870110+00:00 tilloGPT-hermes kernel: pci 0000:00:1b.4:   bridge window [io  0x3000-0x3fff]
2026-07-17T12:46:58.870110+00:00 tilloGPT-hermes kernel: pci 0000:00:1b.4:   bridge window [mem 0x72000000-0x730fffff]
2026-07-17T12:46:58.870111+00:00 tilloGPT-hermes kernel: pci 0000:00:1b.4:   bridge window [mem 0x383fe0000000-0x383ff20fffff 64bit pref]
2026-07-17T12:46:58.870113+00:00 tilloGPT-hermes kernel: pci 0000:00:1c.0: PCI bridge to [bus 04]
2026-07-17T12:46:58.870114+00:00 tilloGPT-hermes kernel: pci 0000:00:1c.4: PCI bridge to [bus 05]
2026-07-17T12:46:58.870114+00:00 tilloGPT-hermes kernel: pci 0000:00:1c.4:   bridge window [mem 0x73100000-0x731fffff]
2026-07-17T12:46:58.870115+00:00 tilloGPT-hermes kernel: pci 0000:00:1d.0: PCI bridge to [bus 06]
2026-07-17T12:46:58.870115+00:00 tilloGPT-hermes kernel: pci 0000:00:1d.0:   bridge window [io  0x2000-0x2fff]
2026-07-17T12:46:58.870115+00:00 tilloGPT-hermes kernel: pci 0000:00:1d.0:   bridge window [mem 0x70000000-0x710fffff]
2026-07-17T12:46:58.870118+00:00 tilloGPT-hermes kernel: pci 0000:00:1d.0:   bridge window [mem 0x383fc0000000-0x383fd20fffff 64bit pref]
2026-07-17T12:46:58.870119+00:00 tilloGPT-hermes kernel: pci_bus 0000:00: resource 4 [io  0x0000-0x0cf7 window]
2026-07-17T12:46:58.870119+00:00 tilloGPT-hermes kernel: pci_bus 0000:00: resource 5 [io  0x1000-0x47ff window]
2026-07-17T12:46:58.870120+00:00 tilloGPT-hermes kernel: pci_bus 0000:00: resource 6 [mem 0x000c4000-0x000c7fff window]
2026-07-17T12:46:58.870165+00:00 tilloGPT-hermes kernel: pci_bus 0000:00: resource 7 [mem 0xfd000000-0xfe7fffff window]
2026-07-17T12:46:58.870166+00:00 tilloGPT-hermes kernel: pci_bus 0000:00: resource 8 [mem 0x70000000-0x733fffff window]
2026-07-17T12:46:58.870166+00:00 tilloGPT-hermes kernel: pci_bus 0000:00: resource 9 [mem 0x380000000000-0x383fffffffff window]
2026-07-17T12:46:58.870169+00:00 tilloGPT-hermes kernel: pci_bus 0000:02: resource 1 [mem 0x73200000-0x732fffff]
2026-07-17T12:46:58.870170+00:00 tilloGPT-hermes kernel: pci_bus 0000:03: resource 0 [io  0x3000-0x3fff]
2026-07-17T12:46:58.870171+00:00 tilloGPT-hermes kernel: pci_bus 0000:03: resource 1 [mem 0x72000000-0x730fffff]
2026-07-17T12:46:58.870172+00:00 tilloGPT-hermes kernel: pci_bus 0000:03: resource 2 [mem 0x383fe0000000-0x383ff20fffff 64bit pref]
2026-07-17T12:46:58.870174+00:00 tilloGPT-hermes kernel: pci_bus 0000:05: resource 1 [mem 0x73100000-0x731fffff]
2026-07-17T12:46:58.870174+00:00 tilloGPT-hermes kernel: pci_bus 0000:06: resource 0 [io  0x2000-0x2fff]
2026-07-17T12:46:58.870177+00:00 tilloGPT-hermes kernel: pci_bus 0000:06: resource 1 [mem 0x70000000-0x710fffff]
2026-07-17T12:46:58.870177+00:00 tilloGPT-hermes kernel: pci_bus 0000:06: resource 2 [mem 0x383fc0000000-0x383fd20fffff 64bit pref]
2026-07-17T12:46:58.870177+00:00 tilloGPT-hermes kernel: pci 0000:16:00.0: PCI bridge to [bus 17]
2026-07-17T12:46:58.870178+00:00 tilloGPT-hermes kernel: pci 0000:16:00.0:   bridge window [io  0x7000-0x7fff]
2026-07-17T12:46:58.870178+00:00 tilloGPT-hermes kernel: pci 0000:16:00.0:   bridge window [mem 0x8e000000-0x8f0fffff]
2026-07-17T12:46:58.870179+00:00 tilloGPT-hermes kernel: pci 0000:16:00.0:   bridge window [mem 0x387fe0000000-0x387ff1ffffff 64bit pref]
2026-07-17T12:46:58.870180+00:00 tilloGPT-hermes kernel: pci_bus 0000:16: resource 4 [mem 0x000a0000-0x000bffff window]
2026-07-17T12:46:58.870182+00:00 tilloGPT-hermes kernel: pci_bus 0000:16: resource 5 [io  0x4800-0x7fff window]
2026-07-17T12:46:58.870182+00:00 tilloGPT-hermes kernel: pci_bus 0000:16: resource 6 [io  0x03b0-0x03bb window]
2026-07-17T12:46:58.870183+00:00 tilloGPT-hermes kernel: pci_bus 0000:16: resource 7 [io  0x03c0-0x03df window]
2026-07-17T12:46:58.870184+00:00 tilloGPT-hermes kernel: pci_bus 0000:16: resource 8 [mem 0x73400000-0x8f7fffff window]
2026-07-17T12:46:58.870185+00:00 tilloGPT-hermes kernel: pci_bus 0000:16: resource 9 [mem 0x384000000000-0x387fffffffff window]
2026-07-17T12:46:58.870185+00:00 tilloGPT-hermes kernel: pci_bus 0000:17: resource 0 [io  0x7000-0x7fff]
2026-07-17T12:46:58.870188+00:00 tilloGPT-hermes kernel: pci_bus 0000:17: resource 1 [mem 0x8e000000-0x8f0fffff]
2026-07-17T12:46:58.870188+00:00 tilloGPT-hermes kernel: pci_bus 0000:17: resource 2 [mem 0x387fe0000000-0x387ff1ffffff 64bit pref]
2026-07-17T12:46:58.870189+00:00 tilloGPT-hermes kernel: pci 0000:64:00.0: PCI bridge to [bus 65]
2026-07-17T12:46:58.870189+00:00 tilloGPT-hermes kernel: pci 0000:64:00.0:   bridge window [io  0xb000-0xbfff]
2026-07-17T12:46:58.870189+00:00 tilloGPT-hermes kernel: pci 0000:64:00.0:   bridge window [mem 0x92000000-0x930fffff]
2026-07-17T12:46:58.870190+00:00 tilloGPT-hermes kernel: pci 0000:64:00.0:   bridge window [mem 0x38bfe0000000-0x38bff1ffffff 64bit pref]
2026-07-17T12:46:58.870194+00:00 tilloGPT-hermes kernel: pci 0000:64:02.0: PCI bridge to [bus 66]
2026-07-17T12:46:58.870194+00:00 tilloGPT-hermes kernel: pci 0000:64:02.0:   bridge window [io  0xa000-0xafff]
2026-07-17T12:46:58.870194+00:00 tilloGPT-hermes kernel: pci 0000:64:02.0:   bridge window [mem 0x90000000-0x910fffff]
2026-07-17T12:46:58.870195+00:00 tilloGPT-hermes kernel: pci 0000:64:02.0:   bridge window [mem 0x38bfc0000000-0x38bfd1ffffff 64bit pref]
2026-07-17T12:46:58.870195+00:00 tilloGPT-hermes kernel: pci_bus 0000:64: resource 4 [io  0x8000-0xbfff window]
2026-07-17T12:46:58.870196+00:00 tilloGPT-hermes kernel: pci_bus 0000:64: resource 5 [mem 0x8f800000-0x937fffff window]
2026-07-17T12:46:58.870196+00:00 tilloGPT-hermes kernel: pci_bus 0000:64: resource 6 [mem 0x388000000000-0x38bfffffffff window]
2026-07-17T12:46:58.870199+00:00 tilloGPT-hermes kernel: pci_bus 0000:65: resource 0 [io  0xb000-0xbfff]
2026-07-17T12:46:58.870200+00:00 tilloGPT-hermes kernel: pci_bus 0000:65: resource 1 [mem 0x92000000-0x930fffff]
2026-07-17T12:46:58.870200+00:00 tilloGPT-hermes kernel: pci_bus 0000:65: resource 2 [mem 0x38bfe0000000-0x38bff1ffffff 64bit pref]
2026-07-17T12:46:58.870200+00:00 tilloGPT-hermes kernel: pci_bus 0000:66: resource 0 [io  0xa000-0xafff]
2026-07-17T12:46:58.870201+00:00 tilloGPT-hermes kernel: pci_bus 0000:66: resource 1 [mem 0x90000000-0x910fffff]
2026-07-17T12:46:58.870201+00:00 tilloGPT-hermes kernel: pci_bus 0000:66: resource 2 [mem 0x38bfc0000000-0x38bfd1ffffff 64bit pref]
2026-07-17T12:46:58.870203+00:00 tilloGPT-hermes kernel: pci 0000:b2:00.0: PCI bridge to [bus b3]
2026-07-17T12:46:58.870205+00:00 tilloGPT-hermes kernel: pci 0000:b2:00.0:   bridge window [io  0xf000-0xffff]
2026-07-17T12:46:58.870205+00:00 tilloGPT-hermes kernel: pci 0000:b2:00.0:   bridge window [mem 0xfa000000-0xfb0fffff]
2026-07-17T12:46:58.870205+00:00 tilloGPT-hermes kernel: pci 0000:b2:00.0:   bridge window [mem 0x38ffc0000000-0x38ffd20fffff 64bit pref]
2026-07-17T12:46:58.870206+00:00 tilloGPT-hermes kernel: pci 0000:b2:02.0: PCI bridge to [bus b4]
2026-07-17T12:46:58.870206+00:00 tilloGPT-hermes kernel: pci 0000:b2:02.0:   bridge window [io  0xe000-0xefff]
2026-07-17T12:46:58.870208+00:00 tilloGPT-hermes kernel: pci 0000:b2:02.0:   bridge window [mem 0xf8000000-0xf90fffff]
2026-07-17T12:46:58.870209+00:00 tilloGPT-hermes kernel: pci 0000:b2:02.0:   bridge window [mem 0x38ffe0000000-0x38fff1ffffff 64bit pref]
2026-07-17T12:46:58.870210+00:00 tilloGPT-hermes kernel: pci_bus 0000:b2: resource 4 [io  0xc000-0xffff window]
2026-07-17T12:46:58.870212+00:00 tilloGPT-hermes kernel: pci_bus 0000:b2: resource 5 [mem 0x93800000-0xfbffffff window]
2026-07-17T12:46:58.870212+00:00 tilloGPT-hermes kernel: pci_bus 0000:b2: resource 6 [mem 0x38c000000000-0x38ffffffffff window]
2026-07-17T12:46:58.870213+00:00 tilloGPT-hermes kernel: pci_bus 0000:b3: resource 0 [io  0xf000-0xffff]
2026-07-17T12:46:58.870213+00:00 tilloGPT-hermes kernel: pci_bus 0000:b3: resource 1 [mem 0xfa000000-0xfb0fffff]
2026-07-17T12:46:58.870217+00:00 tilloGPT-hermes kernel: pci_bus 0000:b3: resource 2 [mem 0x38ffc0000000-0x38ffd20fffff 64bit pref]
2026-07-17T12:46:58.870217+00:00 tilloGPT-hermes kernel: pci_bus 0000:b4: resource 0 [io  0xe000-0xefff]
2026-07-17T12:46:58.870217+00:00 tilloGPT-hermes kernel: pci_bus 0000:b4: resource 1 [mem 0xf8000000-0xf90fffff]
2026-07-17T12:46:58.870218+00:00 tilloGPT-hermes kernel: pci_bus 0000:b4: resource 2 [mem 0x38ffe0000000-0x38fff1ffffff 64bit pref]
2026-07-17T12:46:58.870220+00:00 tilloGPT-hermes kernel: pci 0000:02:00.0: PME# does not work under D0, disabling it
2026-07-17T12:46:58.870220+00:00 tilloGPT-hermes kernel: pci 0000:03:00.1: extending delay after power-on from D3hot to 20 msec
2026-07-17T12:46:58.870223+00:00 tilloGPT-hermes kernel: pci 0000:03:00.1: D0 power state depends on 0000:03:00.0
2026-07-17T12:46:58.870223+00:00 tilloGPT-hermes kernel: pci 0000:03:00.2: D0 power state depends on 0000:03:00.0
2026-07-17T12:46:58.870224+00:00 tilloGPT-hermes kernel: pci 0000:03:00.3: D0 power state depends on 0000:03:00.0
2026-07-17T12:46:58.870224+00:00 tilloGPT-hermes kernel: pci 0000:06:00.1: extending delay after power-on from D3hot to 20 msec
2026-07-17T12:46:58.870224+00:00 tilloGPT-hermes kernel: pci 0000:06:00.1: D0 power state depends on 0000:06:00.0
2026-07-17T12:46:58.870225+00:00 tilloGPT-hermes kernel: pci 0000:06:00.2: D0 power state depends on 0000:06:00.0
2026-07-17T12:46:58.870226+00:00 tilloGPT-hermes kernel: pci 0000:06:00.3: D0 power state depends on 0000:06:00.0
2026-07-17T12:46:58.870228+00:00 tilloGPT-hermes kernel: pci 0000:16:05.0: disabled boot interrupts on device [8086:2034]
2026-07-17T12:46:58.870228+00:00 tilloGPT-hermes kernel: pci 0000:17:00.0: CLS mismatch (64 != 32), using 64 bytes
2026-07-17T12:46:58.870229+00:00 tilloGPT-hermes kernel: pci 0000:17:00.1: extending delay after power-on from D3hot to 20 msec
2026-07-17T12:46:58.870230+00:00 tilloGPT-hermes kernel: pci 0000:17:00.1: D0 power state depends on 0000:17:00.0
2026-07-17T12:46:58.870231+00:00 tilloGPT-hermes kernel: pci 0000:64:05.0: disabled boot interrupts on device [8086:2034]
2026-07-17T12:46:58.870231+00:00 tilloGPT-hermes kernel: pci 0000:65:00.1: extending delay after power-on from D3hot to 20 msec
2026-07-17T12:46:58.870234+00:00 tilloGPT-hermes kernel: pci 0000:65:00.1: D0 power state depends on 0000:65:00.0
2026-07-17T12:46:58.870234+00:00 tilloGPT-hermes kernel: pci 0000:66:00.1: extending delay after power-on from D3hot to 20 msec
2026-07-17T12:46:58.870234+00:00 tilloGPT-hermes kernel: pci 0000:66:00.1: D0 power state depends on 0000:66:00.0
2026-07-17T12:46:58.870235+00:00 tilloGPT-hermes kernel: pci 0000:b2:05.0: disabled boot interrupts on device [8086:2034]
2026-07-17T12:46:58.870235+00:00 tilloGPT-hermes kernel: pci 0000:b3:00.1: extending delay after power-on from D3hot to 20 msec
2026-07-17T12:46:58.870236+00:00 tilloGPT-hermes kernel: pci 0000:b3:00.1: D0 power state depends on 0000:b3:00.0
2026-07-17T12:46:58.870237+00:00 tilloGPT-hermes kernel: pci 0000:b3:00.2: D0 power state depends on 0000:b3:00.0
2026-07-17T12:46:58.870239+00:00 tilloGPT-hermes kernel: pci 0000:b3:00.3: D0 power state depends on 0000:b3:00.0
2026-07-17T12:46:58.870239+00:00 tilloGPT-hermes kernel: pci 0000:b4:00.1: extending delay after power-on from D3hot to 20 msec
2026-07-17T12:46:58.870240+00:00 tilloGPT-hermes kernel: pci 0000:b4:00.1: D0 power state depends on 0000:b4:00.0
2026-07-17T12:46:58.870240+00:00 tilloGPT-hermes kernel: pci 0000:00:1f.1: [8086:a2a0] type 00 class 0x058000 conventional PCI endpoint
2026-07-17T12:46:58.870241+00:00 tilloGPT-hermes kernel: pci 0000:00:1f.1: BAR 0 [mem 0xfd000000-0xfdffffff 64bit]
2026-07-17T12:46:58.870241+00:00 tilloGPT-hermes kernel: PCI-DMA: Using software bounce buffering for IO (SWIOTLB)
2026-07-17T12:46:58.870243+00:00 tilloGPT-hermes kernel: software IO TLB: mapped [mem 0x00000000416bc000-0x00000000456bc000] (64MB)
2026-07-17T12:46:58.870244+00:00 tilloGPT-hermes kernel: Trying to unpack rootfs image as initramfs...
2026-07-17T12:46:58.870245+00:00 tilloGPT-hermes kernel: platform rtc_cmos: registered platform RTC device (no PNP device found)
2026-07-17T12:46:58.870245+00:00 tilloGPT-hermes kernel: Initialise system trusted keyrings
2026-07-17T12:46:58.870245+00:00 tilloGPT-hermes kernel: Key type blacklist registered
2026-07-17T12:46:58.870246+00:00 tilloGPT-hermes kernel: workingset: timestamp_bits=36 max_order=23 bucket_order=0
2026-07-17T12:46:58.870248+00:00 tilloGPT-hermes kernel: zbud: loaded
2026-07-17T12:46:58.870250+00:00 tilloGPT-hermes kernel: squashfs: version 4.0 (2009/01/31) Phillip Lougher
2026-07-17T12:46:58.870250+00:00 tilloGPT-hermes kernel: fuse: init (API version 7.39)
2026-07-17T12:46:58.870251+00:00 tilloGPT-hermes kernel: integrity: Platform Keyring initialized
2026-07-17T12:46:58.870251+00:00 tilloGPT-hermes kernel: integrity: Machine keyring initialized
2026-07-17T12:46:58.870252+00:00 tilloGPT-hermes kernel: Key type asymmetric registered
2026-07-17T12:46:58.870252+00:00 tilloGPT-hermes kernel: Asymmetric key parser 'x509' registered
2026-07-17T12:46:58.870254+00:00 tilloGPT-hermes kernel: Block layer SCSI generic (bsg) driver version 0.4 loaded (major 243)
2026-07-17T12:46:58.870255+00:00 tilloGPT-hermes kernel: io scheduler mq-deadline registered
2026-07-17T12:46:58.870255+00:00 tilloGPT-hermes kernel: pcieport 0000:00:1b.0: PME: Signaling with IRQ 25
2026-07-17T12:46:58.870257+00:00 tilloGPT-hermes kernel: pcieport 0000:00:1b.2: PME: Signaling with IRQ 26
2026-07-17T12:46:58.870257+00:00 tilloGPT-hermes kernel: pcieport 0000:00:1b.4: PME: Signaling with IRQ 27
2026-07-17T12:46:58.870258+00:00 tilloGPT-hermes kernel: pcieport 0000:00:1c.0: PME: Signaling with IRQ 28
2026-07-17T12:46:58.870261+00:00 tilloGPT-hermes kernel: pcieport 0000:00:1c.4: PME: Signaling with IRQ 29
2026-07-17T12:46:58.870305+00:00 tilloGPT-hermes kernel: pcieport 0000:00:1d.0: PME: Signaling with IRQ 30
2026-07-17T12:46:58.870306+00:00 tilloGPT-hermes kernel: pcieport 0000:16:00.0: PME: Signaling with IRQ 32
2026-07-17T12:46:58.870306+00:00 tilloGPT-hermes kernel: pcieport 0000:64:00.0: PME: Signaling with IRQ 34
2026-07-17T12:46:58.870307+00:00 tilloGPT-hermes kernel: pcieport 0000:64:02.0: PME: Signaling with IRQ 35
2026-07-17T12:46:58.870307+00:00 tilloGPT-hermes kernel: pcieport 0000:b2:00.0: PME: Signaling with IRQ 36
2026-07-17T12:46:58.870309+00:00 tilloGPT-hermes kernel: pcieport 0000:b2:02.0: PME: Signaling with IRQ 37
2026-07-17T12:46:58.870311+00:00 tilloGPT-hermes kernel: shpchp: Standard Hot Plug PCI Controller Driver version: 0.4
2026-07-17T12:46:58.870311+00:00 tilloGPT-hermes kernel: Monitor-Mwait will be used to enter C-1 state
2026-07-17T12:46:58.870312+00:00 tilloGPT-hermes kernel: Monitor-Mwait will be used to enter C-2 state
2026-07-17T12:46:58.870312+00:00 tilloGPT-hermes kernel: ACPI: \_SB_.SCK0.CP00: Found 2 idle states
2026-07-17T12:46:58.870313+00:00 tilloGPT-hermes kernel: input: Sleep Button as /devices/LNXSYSTM:00/LNXSYBUS:00/PNP0C0E:00/input/input0
2026-07-17T12:46:58.870313+00:00 tilloGPT-hermes kernel: ACPI: button: Sleep Button [SLPB]
2026-07-17T12:46:58.870315+00:00 tilloGPT-hermes kernel: input: Power Button as /devices/LNXSYSTM:00/LNXPWRBN:00/input/input1
2026-07-17T12:46:58.870316+00:00 tilloGPT-hermes kernel: ACPI: button: Power Button [PWRF]
2026-07-17T12:46:58.870317+00:00 tilloGPT-hermes kernel: Serial: 8250/16550 driver, 32 ports, IRQ sharing enabled
2026-07-17T12:46:58.870317+00:00 tilloGPT-hermes kernel: serial8250: ttyS0 at I/O 0x3f8 (irq = 4, base_baud = 115200) is a 16550A
2026-07-17T12:46:58.870317+00:00 tilloGPT-hermes kernel: serial8250: ttyS1 at I/O 0x2f8 (irq = 3, base_baud = 115200) is a 16550A
2026-07-17T12:46:58.870318+00:00 tilloGPT-hermes kernel: Linux agpgart interface v0.103
2026-07-17T12:46:58.870320+00:00 tilloGPT-hermes kernel: loop: module loaded
2026-07-17T12:46:58.870321+00:00 tilloGPT-hermes kernel: ACPI: bus type drm_connector registered
2026-07-17T12:46:58.870321+00:00 tilloGPT-hermes kernel: tun: Universal TUN/TAP device driver, 1.6
2026-07-17T12:46:58.870321+00:00 tilloGPT-hermes kernel: PPP generic driver version 2.4.2
2026-07-17T12:46:58.870322+00:00 tilloGPT-hermes kernel: i8042: PNP: No PS/2 controller found.
2026-07-17T12:46:58.870322+00:00 tilloGPT-hermes kernel: mousedev: PS/2 mouse device common for all mice
2026-07-17T12:46:58.870322+00:00 tilloGPT-hermes kernel: rtc_cmos rtc_cmos: RTC can wake from S4
2026-07-17T12:46:58.870325+00:00 tilloGPT-hermes kernel: rtc_cmos rtc_cmos: registered as rtc0
2026-07-17T12:46:58.870325+00:00 tilloGPT-hermes kernel: rtc_cmos rtc_cmos: setting system clock to 2026-07-17T12:46:34 UTC (1784292394)
2026-07-17T12:46:58.870326+00:00 tilloGPT-hermes kernel: rtc_cmos rtc_cmos: alarms up to one month, y3k, 114 bytes nvram
2026-07-17T12:46:58.870326+00:00 tilloGPT-hermes kernel: i2c_dev: i2c /dev entries driver
2026-07-17T12:46:58.870327+00:00 tilloGPT-hermes kernel: device-mapper: core: CONFIG_IMA_DISABLE_HTABLE is disabled. Duplicate IMA measurements will not be recorded in the IMA log.
2026-07-17T12:46:58.870327+00:00 tilloGPT-hermes kernel: device-mapper: uevent: version 1.0.3
2026-07-17T12:46:58.870331+00:00 tilloGPT-hermes kernel: device-mapper: ioctl: 4.48.0-ioctl (2023-03-01) initialised: dm-devel@redhat.com
2026-07-17T12:46:58.870332+00:00 tilloGPT-hermes kernel: intel_pstate: HWP enabled by BIOS
2026-07-17T12:46:58.870332+00:00 tilloGPT-hermes kernel: intel_pstate: Intel P-state driver initializing
2026-07-17T12:46:58.870332+00:00 tilloGPT-hermes kernel: intel_pstate: HWP enabled
2026-07-17T12:46:58.870333+00:00 tilloGPT-hermes kernel: ledtrig-cpu: registered to indicate activity on CPUs
2026-07-17T12:46:58.870333+00:00 tilloGPT-hermes kernel: [drm] Initialized simpledrm 1.0.0 20200625 for simple-framebuffer.0 on minor 0
2026-07-17T12:46:58.870335+00:00 tilloGPT-hermes kernel: Freeing initrd memory: 74756K
2026-07-17T12:46:58.870336+00:00 tilloGPT-hermes kernel: Console: switching to colour frame buffer device 240x67
2026-07-17T12:46:58.870337+00:00 tilloGPT-hermes kernel: simple-framebuffer simple-framebuffer.0: [drm] fb0: simpledrmdrmfb frame buffer device
2026-07-17T12:46:58.870337+00:00 tilloGPT-hermes kernel: drop_monitor: Initializing network drop monitor service
2026-07-17T12:46:58.870338+00:00 tilloGPT-hermes kernel: NET: Registered PF_INET6 protocol family
2026-07-17T12:46:58.870338+00:00 tilloGPT-hermes kernel: Segment Routing with IPv6
2026-07-17T12:46:58.870338+00:00 tilloGPT-hermes kernel: In-situ OAM (IOAM) with IPv6
2026-07-17T12:46:58.870342+00:00 tilloGPT-hermes kernel: NET: Registered PF_PACKET protocol family
2026-07-17T12:46:58.870343+00:00 tilloGPT-hermes kernel: Key type dns_resolver registered
2026-07-17T12:46:58.870344+00:00 tilloGPT-hermes kernel: microcode: Current revision: 0x05003901
2026-07-17T12:46:58.870344+00:00 tilloGPT-hermes kernel: microcode: Updated early from: 0x05003302
2026-07-17T12:46:58.870344+00:00 tilloGPT-hermes kernel: resctrl: MB allocation detected
2026-07-17T12:46:58.870345+00:00 tilloGPT-hermes kernel: resctrl: L3 monitoring detected
2026-07-17T12:46:58.870347+00:00 tilloGPT-hermes kernel: IPI shorthand broadcast: enabled
2026-07-17T12:46:58.870349+00:00 tilloGPT-hermes kernel: sched_clock: Marking stable (488001403, 1209128)->(504562537, -15352006)
2026-07-17T12:46:58.870350+00:00 tilloGPT-hermes kernel: registered taskstats version 1
2026-07-17T12:46:58.870350+00:00 tilloGPT-hermes kernel: Loading compiled-in X.509 certificates
2026-07-17T12:46:58.870351+00:00 tilloGPT-hermes kernel: Loaded X.509 cert 'Build time autogenerated kernel key: eea4a9707394bf26b4f59ee0ef16383ba94b4361'
2026-07-17T12:46:58.870351+00:00 tilloGPT-hermes kernel: Loaded X.509 cert 'Canonical Ltd. Live Patch Signing 2025 Kmod: d541cef61dc7e793b7eb7e899970a2eef0b5dc8c'
2026-07-17T12:46:58.870353+00:00 tilloGPT-hermes kernel: Loaded X.509 cert 'Canonical Ltd. Live Patch Signing: 14df34d1a87cf37625abec039ef2bf521249b969'
2026-07-17T12:46:58.870354+00:00 tilloGPT-hermes kernel: Loaded X.509 cert 'Canonical Ltd. Kernel Module Signing 2025 Kmod: 4627603d2357a2a3f81006370894c221175893e9'
2026-07-17T12:46:58.870355+00:00 tilloGPT-hermes kernel: Loaded X.509 cert 'Canonical Ltd. Kernel Module Signing: 88f752e560a1e0737e31163a466ad7b70a850c19'
2026-07-17T12:46:58.870356+00:00 tilloGPT-hermes kernel: blacklist: Loading compiled-in revocation X.509 certificates
2026-07-17T12:46:58.870357+00:00 tilloGPT-hermes kernel: Loaded X.509 cert 'Canonical Ltd. Secure Boot Signing: 61482aa2830d0ab2ad5af10b7250da9033ddcef0'
2026-07-17T12:46:58.870357+00:00 tilloGPT-hermes kernel: Loaded X.509 cert 'Canonical Ltd. Secure Boot Signing (2017): 242ade75ac4a15e50d50c84b0d45ff3eae707a03'
2026-07-17T12:46:58.870360+00:00 tilloGPT-hermes kernel: Loaded X.509 cert 'Canonical Ltd. Secure Boot Signing (ESM 2018): 365188c1d374d6b07c3c8f240f8ef722433d6a8b'
2026-07-17T12:46:58.870360+00:00 tilloGPT-hermes kernel: Loaded X.509 cert 'Canonical Ltd. Secure Boot Signing (2019): c0746fd6c5da3ae827864651ad66ae47fe24b3e8'
2026-07-17T12:46:58.870361+00:00 tilloGPT-hermes kernel: Loaded X.509 cert 'Canonical Ltd. Secure Boot Signing (2021 v1): a8d54bbb3825cfb94fa13c9f8a594a195c107b8d'
2026-07-17T12:46:58.870362+00:00 tilloGPT-hermes kernel: Loaded X.509 cert 'Canonical Ltd. Secure Boot Signing (2021 v2): 4cf046892d6fd3c9a5b03f98d845f90851dc6a8c'
2026-07-17T12:46:58.870362+00:00 tilloGPT-hermes kernel: Loaded X.509 cert 'Canonical Ltd. Secure Boot Signing (2021 v3): 100437bb6de6e469b581e61cd66bce3ef4ed53af'
2026-07-17T12:46:58.870364+00:00 tilloGPT-hermes kernel: Loaded X.509 cert 'Canonical Ltd. Secure Boot Signing (Ubuntu Core 2019): c1d57b8f6b743f23ee41f4f7ee292f06eecadfb9'
2026-07-17T12:46:58.870367+00:00 tilloGPT-hermes kernel: Key type .fscrypt registered
2026-07-17T12:46:58.870367+00:00 tilloGPT-hermes kernel: Key type fscrypt-provisioning registered
2026-07-17T12:46:58.870367+00:00 tilloGPT-hermes kernel: Key type trusted registered
2026-07-17T12:46:58.870368+00:00 tilloGPT-hermes kernel: cryptd: max_cpu_qlen set to 1000
2026-07-17T12:46:58.870368+00:00 tilloGPT-hermes kernel: AVX2 version of gcm_enc/dec engaged.
2026-07-17T12:46:58.870369+00:00 tilloGPT-hermes kernel: AES CTR mode by8 optimization enabled
2026-07-17T12:46:58.870371+00:00 tilloGPT-hermes kernel: Key type encrypted registered
2026-07-17T12:46:58.870371+00:00 tilloGPT-hermes kernel: AppArmor: AppArmor sha256 policy hashing enabled
2026-07-17T12:46:58.870372+00:00 tilloGPT-hermes kernel: integrity: Loading X.509 certificate: UEFI:db
2026-07-17T12:46:58.870372+00:00 tilloGPT-hermes kernel: integrity: Loaded X.509 cert 'Microsoft Corporation UEFI CA 2011: 13adbf4309bd82709c8cd54f316ed522988a1bd4'
2026-07-17T12:46:58.870373+00:00 tilloGPT-hermes kernel: integrity: Loading X.509 certificate: UEFI:db
2026-07-17T12:46:58.870373+00:00 tilloGPT-hermes kernel: integrity: Loaded X.509 cert 'Microsoft Windows Production PCA 2011: a92902398e16c49778cd90f99e4f9ae17c55af53'
2026-07-17T12:46:58.870376+00:00 tilloGPT-hermes kernel: integrity: Revoking X.509 certificate: UEFI:dbx
2026-07-17T12:46:58.870376+00:00 tilloGPT-hermes kernel: blacklist: Revoked X.509 cert 'Canonical Ltd. Secure Boot Signing: 61482aa2830d0ab2ad5af10b7250da9033ddcef0'
2026-07-17T12:46:58.870377+00:00 tilloGPT-hermes kernel: integrity: Revoking X.509 certificate: UEFI:dbx
2026-07-17T12:46:58.870378+00:00 tilloGPT-hermes kernel: blacklist: Revoked X.509 cert 'Debian Secure Boot Signer: 00a7468def'
2026-07-17T12:46:58.870379+00:00 tilloGPT-hermes kernel: blacklist: Duplicate blacklisted hash bin:47ff1b63b140b6fc04ed79131331e651da5b2e2f170f5daef4153dc2fbc532b1
2026-07-17T12:46:58.870379+00:00 tilloGPT-hermes kernel: blacklist: Duplicate blacklisted hash bin:5391c3a2fb112102a6aa1edc25ae77e19f5d6f09cd09eeb2509922bfcd5992ea
2026-07-17T12:46:58.870382+00:00 tilloGPT-hermes kernel: blacklist: Duplicate blacklisted hash bin:80b4d96931bf0d02fd91a61e19d14f1da452e66db2408ca8604d411f92659f0a
2026-07-17T12:46:58.870382+00:00 tilloGPT-hermes kernel: blacklist: Duplicate blacklisted hash bin:992d359aa7a5f789d268b94c11b9485a6b1ce64362b0edb4441ccc187c39647b
2026-07-17T12:46:58.870383+00:00 tilloGPT-hermes kernel: blacklist: Duplicate blacklisted hash bin:c452ab846073df5ace25cca64d6b7a09d906308a1a65eb5240e3c4ebcaa9cc0c
2026-07-17T12:46:58.870383+00:00 tilloGPT-hermes kernel: blacklist: Duplicate blacklisted hash bin:e051b788ecbaeda53046c70e6af6058f95222c046157b8c4c1b9c2cfc65f46e5
2026-07-17T12:46:58.870383+00:00 tilloGPT-hermes kernel: Loading compiled-in module X.509 certificates
2026-07-17T12:46:58.870386+00:00 tilloGPT-hermes kernel: Loaded X.509 cert 'Build time autogenerated kernel key: eea4a9707394bf26b4f59ee0ef16383ba94b4361'
2026-07-17T12:46:58.870387+00:00 tilloGPT-hermes kernel: ima: Allocated hash algorithm: sha256
2026-07-17T12:46:58.870387+00:00 tilloGPT-hermes kernel: workqueue: drm_fb_helper_damage_work hogged CPU for >10000us 4 times, consider switching to WQ_UNBOUND
2026-07-17T12:46:58.870388+00:00 tilloGPT-hermes kernel: ima: No architecture policies found
2026-07-17T12:46:58.870388+00:00 tilloGPT-hermes kernel: evm: Initialising EVM extended attributes:
2026-07-17T12:46:58.870389+00:00 tilloGPT-hermes kernel: evm: security.selinux
2026-07-17T12:46:58.870390+00:00 tilloGPT-hermes kernel: evm: security.SMACK64
2026-07-17T12:46:58.870391+00:00 tilloGPT-hermes kernel: evm: security.SMACK64EXEC
2026-07-17T12:46:58.870393+00:00 tilloGPT-hermes kernel: evm: security.SMACK64TRANSMUTE
2026-07-17T12:46:58.870394+00:00 tilloGPT-hermes kernel: evm: security.SMACK64MMAP
2026-07-17T12:46:58.870394+00:00 tilloGPT-hermes kernel: evm: security.apparmor
2026-07-17T12:46:58.870395+00:00 tilloGPT-hermes kernel: evm: security.ima
2026-07-17T12:46:58.870395+00:00 tilloGPT-hermes kernel: evm: security.capability
2026-07-17T12:46:58.870397+00:00 tilloGPT-hermes kernel: evm: HMAC attrs: 0x1
2026-07-17T12:46:58.870398+00:00 tilloGPT-hermes kernel: PM:   Magic number: 2:791:784
2026-07-17T12:46:58.870445+00:00 tilloGPT-hermes kernel: RAS: Correctable Errors collector initialized.
2026-07-17T12:46:58.870446+00:00 tilloGPT-hermes kernel: clk: Disabling unused clocks
2026-07-17T12:46:58.870446+00:00 tilloGPT-hermes kernel: Freeing unused decrypted memory: 2028K
2026-07-17T12:46:58.870446+00:00 tilloGPT-hermes kernel: Freeing unused kernel image (initmem) memory: 4932K
2026-07-17T12:46:58.870450+00:00 tilloGPT-hermes kernel: Write protecting the kernel read-only data: 38912k
2026-07-17T12:46:58.870451+00:00 tilloGPT-hermes kernel: Freeing unused kernel image (rodata/data gap) memory: 1956K
2026-07-17T12:46:58.870451+00:00 tilloGPT-hermes kernel: x86/mm: Checked W+X mappings: passed, no W+X pages found.
2026-07-17T12:46:58.870452+00:00 tilloGPT-hermes kernel: Run /init as init process
2026-07-17T12:46:58.870452+00:00 tilloGPT-hermes kernel:   with arguments:
2026-07-17T12:46:58.870452+00:00 tilloGPT-hermes kernel:     /init
2026-07-17T12:46:58.870453+00:00 tilloGPT-hermes kernel:   with environment:
2026-07-17T12:46:58.870455+00:00 tilloGPT-hermes kernel:     HOME=/
2026-07-17T12:46:58.870456+00:00 tilloGPT-hermes kernel:     TERM=linux
2026-07-17T12:46:58.870456+00:00 tilloGPT-hermes kernel: workqueue: drm_fb_helper_damage_work hogged CPU for >10000us 8 times, consider switching to WQ_UNBOUND
2026-07-17T12:46:58.870456+00:00 tilloGPT-hermes kernel: xhci_hcd 0000:00:14.0: xHCI Host Controller
2026-07-17T12:46:58.870457+00:00 tilloGPT-hermes kernel: xhci_hcd 0000:00:14.0: new USB bus registered, assigned bus number 1
2026-07-17T12:46:58.870457+00:00 tilloGPT-hermes kernel: xhci_hcd 0000:00:14.0: hcc params 0x200077c1 hci version 0x100 quirks 0x0000000000009810
2026-07-17T12:46:58.870460+00:00 tilloGPT-hermes kernel: xhci_hcd 0000:00:14.0: xHCI Host Controller
2026-07-17T12:46:58.870460+00:00 tilloGPT-hermes kernel: xhci_hcd 0000:00:14.0: new USB bus registered, assigned bus number 2
2026-07-17T12:46:58.870461+00:00 tilloGPT-hermes kernel: xhci_hcd 0000:00:14.0: Host supports USB 3.0 SuperSpeed
2026-07-17T12:46:58.870461+00:00 tilloGPT-hermes kernel: e1000e: Intel(R) PRO/1000 Network Driver
2026-07-17T12:46:58.870461+00:00 tilloGPT-hermes kernel: e1000e: Copyright(c) 1999 - 2015 Intel Corporation.
2026-07-17T12:46:58.870463+00:00 tilloGPT-hermes kernel: usb usb1: New USB device found, idVendor=1d6b, idProduct=0002, bcdDevice= 6.08
2026-07-17T12:46:58.870465+00:00 tilloGPT-hermes kernel: usb usb1: New USB device strings: Mfr=3, Product=2, SerialNumber=1
2026-07-17T12:46:58.870466+00:00 tilloGPT-hermes kernel: usb usb1: Product: xHCI Host Controller
2026-07-17T12:46:58.870466+00:00 tilloGPT-hermes kernel: usb usb1: Manufacturer: Linux 6.8.0-136-generic xhci-hcd
2026-07-17T12:46:58.870467+00:00 tilloGPT-hermes kernel: usb usb1: SerialNumber: 0000:00:14.0
2026-07-17T12:46:58.870467+00:00 tilloGPT-hermes kernel: ahci 0000:00:17.0: version 3.0
2026-07-17T12:46:58.870467+00:00 tilloGPT-hermes kernel: hub 1-0:1.0: USB hub found
2026-07-17T12:46:58.870468+00:00 tilloGPT-hermes kernel: hub 1-0:1.0: 16 ports detected
2026-07-17T12:46:58.870471+00:00 tilloGPT-hermes kernel: usb usb2: New USB device found, idVendor=1d6b, idProduct=0003, bcdDevice= 6.08
2026-07-17T12:46:58.870472+00:00 tilloGPT-hermes kernel: usb usb2: New USB device strings: Mfr=3, Product=2, SerialNumber=1
2026-07-17T12:46:58.870473+00:00 tilloGPT-hermes kernel: usb usb2: Product: xHCI Host Controller
2026-07-17T12:46:58.870473+00:00 tilloGPT-hermes kernel: usb usb2: Manufacturer: Linux 6.8.0-136-generic xhci-hcd
2026-07-17T12:46:58.870473+00:00 tilloGPT-hermes kernel: usb usb2: SerialNumber: 0000:00:14.0
2026-07-17T12:46:58.870474+00:00 tilloGPT-hermes kernel: hub 2-0:1.0: USB hub found
2026-07-17T12:46:58.870476+00:00 tilloGPT-hermes kernel: hub 2-0:1.0: 10 ports detected
2026-07-17T12:46:58.870477+00:00 tilloGPT-hermes kernel: ahci 0000:00:17.0: AHCI 0001.0301 32 slots 6 ports 6 Gbps 0x3f impl SATA mode
2026-07-17T12:46:58.870478+00:00 tilloGPT-hermes kernel: ahci 0000:00:17.0: flags: 64bit ncq sntf led clo only pio slum part ems deso sadm sds apst 
2026-07-17T12:46:58.870478+00:00 tilloGPT-hermes kernel: e1000e 0000:00:1f.6: enabling device (0000 -> 0002)
2026-07-17T12:46:58.870479+00:00 tilloGPT-hermes kernel: e1000e 0000:00:1f.6: Interrupt Throttling Rate (ints/sec) set to dynamic conservative mode
2026-07-17T12:46:58.870479+00:00 tilloGPT-hermes kernel: xhci_hcd 0000:02:00.0: xHCI Host Controller
2026-07-17T12:46:58.870479+00:00 tilloGPT-hermes kernel: xhci_hcd 0000:02:00.0: new USB bus registered, assigned bus number 3
2026-07-17T12:46:58.870482+00:00 tilloGPT-hermes kernel: xhci_hcd 0000:02:00.0: hcc params 0x0200ef80 hci version 0x110 quirks 0x0000000000800010
2026-07-17T12:46:58.870484+00:00 tilloGPT-hermes kernel: xhci_hcd 0000:02:00.0: xHCI Host Controller
2026-07-17T12:46:58.870484+00:00 tilloGPT-hermes kernel: xhci_hcd 0000:02:00.0: new USB bus registered, assigned bus number 4
2026-07-17T12:46:58.870485+00:00 tilloGPT-hermes kernel: xhci_hcd 0000:02:00.0: Host supports USB 3.1 Enhanced SuperSpeed
2026-07-17T12:46:58.870485+00:00 tilloGPT-hermes kernel: usb usb3: New USB device found, idVendor=1d6b, idProduct=0002, bcdDevice= 6.08
2026-07-17T12:46:58.870485+00:00 tilloGPT-hermes kernel: usb usb3: New USB device strings: Mfr=3, Product=2, SerialNumber=1
2026-07-17T12:46:58.870488+00:00 tilloGPT-hermes kernel: usb usb3: Product: xHCI Host Controller
2026-07-17T12:46:58.870488+00:00 tilloGPT-hermes kernel: usb usb3: Manufacturer: Linux 6.8.0-136-generic xhci-hcd
2026-07-17T12:46:58.870489+00:00 tilloGPT-hermes kernel: usb usb3: SerialNumber: 0000:02:00.0
2026-07-17T12:46:58.870490+00:00 tilloGPT-hermes kernel: scsi host0: ahci
2026-07-17T12:46:58.870491+00:00 tilloGPT-hermes kernel: hub 3-0:1.0: USB hub found
2026-07-17T12:46:58.870492+00:00 tilloGPT-hermes kernel: hub 3-0:1.0: 2 ports detected
2026-07-17T12:46:58.870494+00:00 tilloGPT-hermes kernel: scsi host1: ahci
2026-07-17T12:46:58.870494+00:00 tilloGPT-hermes kernel: scsi host2: ahci
2026-07-17T12:46:58.870495+00:00 tilloGPT-hermes kernel: usb usb4: We don't know the algorithms for LPM for this host, disabling LPM.
2026-07-17T12:46:58.870495+00:00 tilloGPT-hermes kernel: usb usb4: New USB device found, idVendor=1d6b, idProduct=0003, bcdDevice= 6.08
2026-07-17T12:46:58.870496+00:00 tilloGPT-hermes kernel: usb usb4: New USB device strings: Mfr=3, Product=2, SerialNumber=1
2026-07-17T12:46:58.870496+00:00 tilloGPT-hermes kernel: usb usb4: Product: xHCI Host Controller
2026-07-17T12:46:58.870496+00:00 tilloGPT-hermes kernel: usb usb4: Manufacturer: Linux 6.8.0-136-generic xhci-hcd
2026-07-17T12:46:58.870499+00:00 tilloGPT-hermes kernel: usb usb4: SerialNumber: 0000:02:00.0
2026-07-17T12:46:58.870500+00:00 tilloGPT-hermes kernel: scsi host3: ahci
2026-07-17T12:46:58.870500+00:00 tilloGPT-hermes kernel: hub 4-0:1.0: USB hub found
2026-07-17T12:46:58.870500+00:00 tilloGPT-hermes kernel: hub 4-0:1.0: 2 ports detected
2026-07-17T12:46:58.870501+00:00 tilloGPT-hermes kernel: scsi host4: ahci
2026-07-17T12:46:58.870501+00:00 tilloGPT-hermes kernel: scsi host5: ahci
2026-07-17T12:46:58.870504+00:00 tilloGPT-hermes kernel: ata1: SATA max UDMA/133 abar m2048@0x73326000 port 0x73326100 irq 39 lpm-pol 0
2026-07-17T12:46:58.870504+00:00 tilloGPT-hermes kernel: ata2: SATA max UDMA/133 abar m2048@0x73326000 port 0x73326180 irq 39 lpm-pol 0
2026-07-17T12:46:58.870505+00:00 tilloGPT-hermes kernel: ata3: SATA max UDMA/133 abar m2048@0x73326000 port 0x73326200 irq 39 lpm-pol 0
2026-07-17T12:46:58.870505+00:00 tilloGPT-hermes kernel: ata4: SATA max UDMA/133 abar m2048@0x73326000 port 0x73326280 irq 39 lpm-pol 0
2026-07-17T12:46:58.870505+00:00 tilloGPT-hermes kernel: ata5: SATA max UDMA/133 abar m2048@0x73326000 port 0x73326300 irq 39 lpm-pol 0
2026-07-17T12:46:58.870506+00:00 tilloGPT-hermes kernel: ata6: SATA max UDMA/133 abar m2048@0x73326000 port 0x73326380 irq 39 lpm-pol 0
2026-07-17T12:46:58.870506+00:00 tilloGPT-hermes kernel: usb: port power management may be unreliable
2026-07-17T12:46:58.870509+00:00 tilloGPT-hermes kernel: workqueue: drm_fb_helper_damage_work hogged CPU for >10000us 16 times, consider switching to WQ_UNBOUND
2026-07-17T12:46:58.870509+00:00 tilloGPT-hermes kernel: xhci_hcd 0000:03:00.2: xHCI Host Controller
2026-07-17T12:46:58.870510+00:00 tilloGPT-hermes kernel: xhci_hcd 0000:03:00.2: new USB bus registered, assigned bus number 5
2026-07-17T12:46:58.870511+00:00 tilloGPT-hermes kernel: xhci_hcd 0000:03:00.2: hcc params 0x0180ff05 hci version 0x110 quirks 0x0000000000000010
2026-07-17T12:46:58.870511+00:00 tilloGPT-hermes kernel: xhci_hcd 0000:03:00.2: xHCI Host Controller
2026-07-17T12:46:58.870512+00:00 tilloGPT-hermes kernel: xhci_hcd 0000:03:00.2: new USB bus registered, assigned bus number 6
2026-07-17T12:46:58.870515+00:00 tilloGPT-hermes kernel: xhci_hcd 0000:03:00.2: Host supports USB 3.1 Enhanced SuperSpeed
2026-07-17T12:46:58.870515+00:00 tilloGPT-hermes kernel: usb usb5: New USB device found, idVendor=1d6b, idProduct=0002, bcdDevice= 6.08
2026-07-17T12:46:58.870515+00:00 tilloGPT-hermes kernel: usb usb5: New USB device strings: Mfr=3, Product=2, SerialNumber=1
2026-07-17T12:46:58.870516+00:00 tilloGPT-hermes kernel: usb usb5: Product: xHCI Host Controller
2026-07-17T12:46:58.870516+00:00 tilloGPT-hermes kernel: usb usb5: Manufacturer: Linux 6.8.0-136-generic xhci-hcd
2026-07-17T12:46:58.870516+00:00 tilloGPT-hermes kernel: usb usb5: SerialNumber: 0000:03:00.2
2026-07-17T12:46:58.870519+00:00 tilloGPT-hermes kernel: hub 5-0:1.0: USB hub found
2026-07-17T12:46:58.870520+00:00 tilloGPT-hermes kernel: hub 5-0:1.0: 2 ports detected
2026-07-17T12:46:58.870520+00:00 tilloGPT-hermes kernel: usb usb6: We don't know the algorithms for LPM for this host, disabling LPM.
2026-07-17T12:46:58.870521+00:00 tilloGPT-hermes kernel: usb usb6: New USB device found, idVendor=1d6b, idProduct=0003, bcdDevice= 6.08
2026-07-17T12:46:58.870521+00:00 tilloGPT-hermes kernel: usb usb6: New USB device strings: Mfr=3, Product=2, SerialNumber=1
2026-07-17T12:46:58.870521+00:00 tilloGPT-hermes kernel: usb usb6: Product: xHCI Host Controller
2026-07-17T12:46:58.870522+00:00 tilloGPT-hermes kernel: usb usb6: Manufacturer: Linux 6.8.0-136-generic xhci-hcd
2026-07-17T12:46:58.870524+00:00 tilloGPT-hermes kernel: usb usb6: SerialNumber: 0000:03:00.2
2026-07-17T12:46:58.870525+00:00 tilloGPT-hermes kernel: hub 6-0:1.0: USB hub found
2026-07-17T12:46:58.870526+00:00 tilloGPT-hermes kernel: hub 6-0:1.0: 4 ports detected
2026-07-17T12:46:58.870527+00:00 tilloGPT-hermes kernel: xhci_hcd 0000:05:00.0: xHCI Host Controller
2026-07-17T12:46:58.870527+00:00 tilloGPT-hermes kernel: xhci_hcd 0000:05:00.0: new USB bus registered, assigned bus number 7
2026-07-17T12:46:58.870527+00:00 tilloGPT-hermes kernel: usb 1-4: new high-speed USB device number 2 using xhci_hcd
2026-07-17T12:46:58.870530+00:00 tilloGPT-hermes kernel: xhci_hcd 0000:05:00.0: hcc params 0x0200ef80 hci version 0x110 quirks 0x0000000000800010
2026-07-17T12:46:58.870530+00:00 tilloGPT-hermes kernel: xhci_hcd 0000:05:00.0: xHCI Host Controller
2026-07-17T12:46:58.870531+00:00 tilloGPT-hermes kernel: xhci_hcd 0000:05:00.0: new USB bus registered, assigned bus number 8
2026-07-17T12:46:58.870531+00:00 tilloGPT-hermes kernel: xhci_hcd 0000:05:00.0: Host supports USB 3.2 Enhanced SuperSpeed
2026-07-17T12:46:58.870531+00:00 tilloGPT-hermes kernel: usb usb7: New USB device found, idVendor=1d6b, idProduct=0002, bcdDevice= 6.08
2026-07-17T12:46:58.870532+00:00 tilloGPT-hermes kernel: usb usb7: New USB device strings: Mfr=3, Product=2, SerialNumber=1
2026-07-17T12:46:58.870534+00:00 tilloGPT-hermes kernel: usb usb7: Product: xHCI Host Controller
2026-07-17T12:46:58.870535+00:00 tilloGPT-hermes kernel: usb usb7: Manufacturer: Linux 6.8.0-136-generic xhci-hcd
2026-07-17T12:46:58.870535+00:00 tilloGPT-hermes kernel: usb usb7: SerialNumber: 0000:05:00.0
2026-07-17T12:46:58.870536+00:00 tilloGPT-hermes kernel: hub 7-0:1.0: USB hub found
2026-07-17T12:46:58.870536+00:00 tilloGPT-hermes kernel: hub 7-0:1.0: 1 port detected
2026-07-17T12:46:58.870536+00:00 tilloGPT-hermes kernel: usb usb8: We don't know the algorithms for LPM for this host, disabling LPM.
2026-07-17T12:46:58.870537+00:00 tilloGPT-hermes kernel: usb usb8: New USB device found, idVendor=1d6b, idProduct=0003, bcdDevice= 6.08
2026-07-17T12:46:58.870539+00:00 tilloGPT-hermes kernel: usb usb8: New USB device strings: Mfr=3, Product=2, SerialNumber=1
2026-07-17T12:46:58.870586+00:00 tilloGPT-hermes kernel: usb usb8: Product: xHCI Host Controller
2026-07-17T12:46:58.870587+00:00 tilloGPT-hermes kernel: usb usb8: Manufacturer: Linux 6.8.0-136-generic xhci-hcd
2026-07-17T12:46:58.870588+00:00 tilloGPT-hermes kernel: usb usb8: SerialNumber: 0000:05:00.0
2026-07-17T12:46:58.870588+00:00 tilloGPT-hermes kernel: hub 8-0:1.0: USB hub found
2026-07-17T12:46:58.870588+00:00 tilloGPT-hermes kernel: hub 8-0:1.0: 1 port detected
2026-07-17T12:46:58.870593+00:00 tilloGPT-hermes kernel: xhci_hcd 0000:06:00.2: xHCI Host Controller
2026-07-17T12:46:58.870593+00:00 tilloGPT-hermes kernel: xhci_hcd 0000:06:00.2: new USB bus registered, assigned bus number 9
2026-07-17T12:46:58.870593+00:00 tilloGPT-hermes kernel: xhci_hcd 0000:06:00.2: hcc params 0x0180ff05 hci version 0x110 quirks 0x0000000000000010
2026-07-17T12:46:58.870594+00:00 tilloGPT-hermes kernel: xhci_hcd 0000:06:00.2: xHCI Host Controller
2026-07-17T12:46:58.870594+00:00 tilloGPT-hermes kernel: xhci_hcd 0000:06:00.2: new USB bus registered, assigned bus number 10
2026-07-17T12:46:58.870594+00:00 tilloGPT-hermes kernel: xhci_hcd 0000:06:00.2: Host supports USB 3.1 Enhanced SuperSpeed
2026-07-17T12:46:58.870595+00:00 tilloGPT-hermes kernel: usb usb9: New USB device found, idVendor=1d6b, idProduct=0002, bcdDevice= 6.08
2026-07-17T12:46:58.870605+00:00 tilloGPT-hermes kernel: usb usb9: New USB device strings: Mfr=3, Product=2, SerialNumber=1
2026-07-17T12:46:58.870607+00:00 tilloGPT-hermes kernel: usb usb9: Product: xHCI Host Controller
2026-07-17T12:46:58.870607+00:00 tilloGPT-hermes kernel: usb usb9: Manufacturer: Linux 6.8.0-136-generic xhci-hcd
2026-07-17T12:46:58.870607+00:00 tilloGPT-hermes kernel: usb usb9: SerialNumber: 0000:06:00.2
2026-07-17T12:46:58.870608+00:00 tilloGPT-hermes kernel: hub 9-0:1.0: USB hub found
2026-07-17T12:46:58.870608+00:00 tilloGPT-hermes kernel: hub 9-0:1.0: 2 ports detected
2026-07-17T12:46:58.870610+00:00 tilloGPT-hermes kernel: usb usb10: We don't know the algorithms for LPM for this host, disabling LPM.
2026-07-17T12:46:58.870611+00:00 tilloGPT-hermes kernel: usb usb10: New USB device found, idVendor=1d6b, idProduct=0003, bcdDevice= 6.08
2026-07-17T12:46:58.870612+00:00 tilloGPT-hermes kernel: usb usb10: New USB device strings: Mfr=3, Product=2, SerialNumber=1
2026-07-17T12:46:58.870613+00:00 tilloGPT-hermes kernel: usb usb10: Product: xHCI Host Controller
2026-07-17T12:46:58.870614+00:00 tilloGPT-hermes kernel: usb usb10: Manufacturer: Linux 6.8.0-136-generic xhci-hcd
2026-07-17T12:46:58.870614+00:00 tilloGPT-hermes kernel: usb usb10: SerialNumber: 0000:06:00.2
2026-07-17T12:46:58.870617+00:00 tilloGPT-hermes kernel: hub 10-0:1.0: USB hub found
2026-07-17T12:46:58.870617+00:00 tilloGPT-hermes kernel: hub 10-0:1.0: 4 ports detected
2026-07-17T12:46:58.870618+00:00 tilloGPT-hermes kernel: xhci_hcd 0000:b3:00.2: xHCI Host Controller
2026-07-17T12:46:58.870618+00:00 tilloGPT-hermes kernel: xhci_hcd 0000:b3:00.2: new USB bus registered, assigned bus number 11
2026-07-17T12:46:58.870618+00:00 tilloGPT-hermes kernel: xhci_hcd 0000:b3:00.2: hcc params 0x0180ff05 hci version 0x110 quirks 0x0000000000000010
2026-07-17T12:46:58.870619+00:00 tilloGPT-hermes kernel: xhci_hcd 0000:b3:00.2: xHCI Host Controller
2026-07-17T12:46:58.870619+00:00 tilloGPT-hermes kernel: xhci_hcd 0000:b3:00.2: new USB bus registered, assigned bus number 12
2026-07-17T12:46:58.870622+00:00 tilloGPT-hermes kernel: xhci_hcd 0000:b3:00.2: Host supports USB 3.1 Enhanced SuperSpeed
2026-07-17T12:46:58.870623+00:00 tilloGPT-hermes kernel: usb usb11: New USB device found, idVendor=1d6b, idProduct=0002, bcdDevice= 6.08
2026-07-17T12:46:58.870623+00:00 tilloGPT-hermes kernel: usb usb11: New USB device strings: Mfr=3, Product=2, SerialNumber=1
2026-07-17T12:46:58.870623+00:00 tilloGPT-hermes kernel: usb usb11: Product: xHCI Host Controller
2026-07-17T12:46:58.870624+00:00 tilloGPT-hermes kernel: usb usb11: Manufacturer: Linux 6.8.0-136-generic xhci-hcd
2026-07-17T12:46:58.870624+00:00 tilloGPT-hermes kernel: usb usb11: SerialNumber: 0000:b3:00.2
2026-07-17T12:46:58.870626+00:00 tilloGPT-hermes kernel: hub 11-0:1.0: USB hub found
2026-07-17T12:46:58.870627+00:00 tilloGPT-hermes kernel: hub 11-0:1.0: 2 ports detected
2026-07-17T12:46:58.870628+00:00 tilloGPT-hermes kernel: usb usb12: We don't know the algorithms for LPM for this host, disabling LPM.
2026-07-17T12:46:58.870628+00:00 tilloGPT-hermes kernel: usb usb12: New USB device found, idVendor=1d6b, idProduct=0003, bcdDevice= 6.08
2026-07-17T12:46:58.870629+00:00 tilloGPT-hermes kernel: usb usb12: New USB device strings: Mfr=3, Product=2, SerialNumber=1
2026-07-17T12:46:58.870629+00:00 tilloGPT-hermes kernel: usb usb12: Product: xHCI Host Controller
2026-07-17T12:46:58.870629+00:00 tilloGPT-hermes kernel: usb usb12: Manufacturer: Linux 6.8.0-136-generic xhci-hcd
2026-07-17T12:46:58.870660+00:00 tilloGPT-hermes kernel: usb usb12: SerialNumber: 0000:b3:00.2
2026-07-17T12:46:58.870673+00:00 tilloGPT-hermes kernel: hub 12-0:1.0: USB hub found
2026-07-17T12:46:58.870675+00:00 tilloGPT-hermes kernel: hub 12-0:1.0: 4 ports detected
2026-07-17T12:46:58.870676+00:00 tilloGPT-hermes kernel: e1000e 0000:00:1f.6 0000:00:1f.6 (uninitialized): registered PHC clock
2026-07-17T12:46:58.870678+00:00 tilloGPT-hermes kernel: ata2: SATA link down (SStatus 4 SControl 300)
2026-07-17T12:46:58.870681+00:00 tilloGPT-hermes kernel: ata3: SATA link up 6.0 Gbps (SStatus 133 SControl 300)
2026-07-17T12:46:58.870691+00:00 tilloGPT-hermes kernel: ata1: SATA link down (SStatus 4 SControl 300)
2026-07-17T12:46:58.870693+00:00 tilloGPT-hermes kernel: ata6: SATA link up 6.0 Gbps (SStatus 133 SControl 300)
2026-07-17T12:46:58.870694+00:00 tilloGPT-hermes kernel: ata5: SATA link up 3.0 Gbps (SStatus 123 SControl 300)
2026-07-17T12:46:58.870696+00:00 tilloGPT-hermes kernel: ata4: SATA link down (SStatus 4 SControl 300)
2026-07-17T12:46:58.870698+00:00 tilloGPT-hermes kernel: ata3.00: ATA-11: PNY CS900 120GB SSD, CS900615, max UDMA/133
2026-07-17T12:46:58.870699+00:00 tilloGPT-hermes kernel: ata3.00: 234441648 sectors, multi 16: LBA48 NCQ (depth 32), AA
2026-07-17T12:46:58.870705+00:00 tilloGPT-hermes kernel: ata3.00: configured for UDMA/133
2026-07-17T12:46:58.870707+00:00 tilloGPT-hermes kernel: scsi 2:0:0:0: Direct-Access     ATA      PNY CS900 120GB  0615 PQ: 0 ANSI: 5
2026-07-17T12:46:58.870708+00:00 tilloGPT-hermes kernel: sd 2:0:0:0: Attached scsi generic sg0 type 0
2026-07-17T12:46:58.870710+00:00 tilloGPT-hermes kernel: sd 2:0:0:0: [sda] 234441648 512-byte logical blocks: (120 GB/112 GiB)
2026-07-17T12:46:58.870711+00:00 tilloGPT-hermes kernel: sd 2:0:0:0: [sda] Write Protect is off
2026-07-17T12:46:58.870713+00:00 tilloGPT-hermes kernel: sd 2:0:0:0: [sda] Mode Sense: 00 3a 00 00
2026-07-17T12:46:58.870714+00:00 tilloGPT-hermes kernel: sd 2:0:0:0: [sda] Write cache: enabled, read cache: enabled, doesn't support DPO or FUA
2026-07-17T12:46:58.870720+00:00 tilloGPT-hermes kernel: sd 2:0:0:0: [sda] Preferred minimum I/O size 512 bytes
2026-07-17T12:46:58.870722+00:00 tilloGPT-hermes kernel:  sda: sda1 sda2 sda3 sda4
2026-07-17T12:46:58.870723+00:00 tilloGPT-hermes kernel: sd 2:0:0:0: [sda] Attached SCSI disk
2026-07-17T12:46:58.870724+00:00 tilloGPT-hermes kernel: ata6.00: ATA-8: OCZ-AGILITY3, 2.22, max UDMA/133
2026-07-17T12:46:58.870725+00:00 tilloGPT-hermes kernel: ata6.00: 234441648 sectors, multi 16: LBA48 NCQ (depth 32), AA
2026-07-17T12:46:58.870726+00:00 tilloGPT-hermes kernel: e1000e 0000:00:1f.6 eth0: (PCI Express:2.5GT/s:Width x1) 2c:f0:5d:56:08:bc
2026-07-17T12:46:58.870732+00:00 tilloGPT-hermes kernel: e1000e 0000:00:1f.6 eth0: Intel(R) PRO/1000 Network Connection
2026-07-17T12:46:58.870734+00:00 tilloGPT-hermes kernel: e1000e 0000:00:1f.6 eth0: MAC: 12, PHY: 12, PBA No: FFFFFF-0FF
2026-07-17T12:46:58.870735+00:00 tilloGPT-hermes kernel: ata6.00: configured for UDMA/133
2026-07-17T12:46:58.870736+00:00 tilloGPT-hermes kernel: tsc: Refined TSC clocksource calibration: 3695.998 MHz
2026-07-17T12:46:58.870737+00:00 tilloGPT-hermes kernel: clocksource: tsc: mask: 0xffffffffffffffff max_cycles: 0x6a8d2284b57, max_idle_ns: 881590451434 ns
2026-07-17T12:46:58.870738+00:00 tilloGPT-hermes kernel: clocksource: Switched to clocksource tsc
2026-07-17T12:46:58.870743+00:00 tilloGPT-hermes kernel: usb 8-1: new SuperSpeed USB device number 2 using xhci_hcd
2026-07-17T12:46:58.870749+00:00 tilloGPT-hermes kernel: workqueue: drm_fb_helper_damage_work hogged CPU for >10000us 32 times, consider switching to WQ_UNBOUND
2026-07-17T12:46:58.870752+00:00 tilloGPT-hermes kernel: usb 8-1: New USB device found, idVendor=0bda, idProduct=9220, bcdDevice=21.59
2026-07-17T12:46:58.870753+00:00 tilloGPT-hermes kernel: usb 8-1: New USB device strings: Mfr=1, Product=2, SerialNumber=3
2026-07-17T12:46:58.870754+00:00 tilloGPT-hermes kernel: usb 8-1: Product: Ugreen Storage Device
2026-07-17T12:46:58.870760+00:00 tilloGPT-hermes kernel: usb 8-1: Manufacturer: Ugreen
2026-07-17T12:46:58.870761+00:00 tilloGPT-hermes kernel: usb 8-1: SerialNumber: 133890720300
2026-07-17T12:46:58.870768+00:00 tilloGPT-hermes kernel: ata5.00: ATA-8: WDC WD1600BEVT-22ZCT0, 11.01A11, max UDMA/133
2026-07-17T12:46:58.870769+00:00 tilloGPT-hermes kernel: ata5.00: 312581808 sectors, multi 16: LBA48 NCQ (depth 32), AA
2026-07-17T12:46:58.870770+00:00 tilloGPT-hermes kernel: ata5.00: configured for UDMA/133
2026-07-17T12:46:58.870771+00:00 tilloGPT-hermes kernel: scsi 4:0:0:0: Direct-Access     ATA      WDC WD1600BEVT-2 1A11 PQ: 0 ANSI: 5
2026-07-17T12:46:58.870772+00:00 tilloGPT-hermes kernel: sd 4:0:0:0: Attached scsi generic sg1 type 0
2026-07-17T12:46:58.870775+00:00 tilloGPT-hermes kernel: sd 4:0:0:0: [sdb] 312581808 512-byte logical blocks: (160 GB/149 GiB)
2026-07-17T12:46:58.870781+00:00 tilloGPT-hermes kernel: scsi 5:0:0:0: Direct-Access     ATA      OCZ-AGILITY3     2.22 PQ: 0 ANSI: 5
2026-07-17T12:46:58.870782+00:00 tilloGPT-hermes kernel: sd 4:0:0:0: [sdb] Write Protect is off
2026-07-17T12:46:58.870783+00:00 tilloGPT-hermes kernel: sd 5:0:0:0: Attached scsi generic sg2 type 0
2026-07-17T12:46:58.870784+00:00 tilloGPT-hermes kernel: sd 5:0:0:0: [sdc] 234441648 512-byte logical blocks: (120 GB/112 GiB)
2026-07-17T12:46:58.870785+00:00 tilloGPT-hermes kernel: sd 5:0:0:0: [sdc] Write Protect is off
2026-07-17T12:46:58.870786+00:00 tilloGPT-hermes kernel: sd 5:0:0:0: [sdc] Mode Sense: 00 3a 00 00
2026-07-17T12:46:58.870787+00:00 tilloGPT-hermes kernel: sd 5:0:0:0: [sdc] Write cache: enabled, read cache: enabled, doesn't support DPO or FUA
2026-07-17T12:46:58.870793+00:00 tilloGPT-hermes kernel: sd 5:0:0:0: [sdc] Preferred minimum I/O size 512 bytes
2026-07-17T12:46:58.870795+00:00 tilloGPT-hermes kernel: sd 4:0:0:0: [sdb] Mode Sense: 00 3a 00 00
2026-07-17T12:46:58.870797+00:00 tilloGPT-hermes kernel:  sdc: sdc1 sdc2 sdc3 sdc4
2026-07-17T12:46:58.870799+00:00 tilloGPT-hermes kernel: sd 4:0:0:0: [sdb] Write cache: enabled, read cache: enabled, doesn't support DPO or FUA
2026-07-17T12:46:58.870800+00:00 tilloGPT-hermes kernel: sd 5:0:0:0: [sdc] Attached SCSI disk
2026-07-17T12:46:58.870801+00:00 tilloGPT-hermes kernel: sd 4:0:0:0: [sdb] Preferred minimum I/O size 512 bytes
2026-07-17T12:46:58.870807+00:00 tilloGPT-hermes kernel:  sdb: sdb1
2026-07-17T12:46:58.870808+00:00 tilloGPT-hermes kernel: sd 4:0:0:0: [sdb] Attached SCSI disk
2026-07-17T12:46:58.870809+00:00 tilloGPT-hermes kernel: e1000e 0000:00:1f.6 eno1: renamed from eth0
2026-07-17T12:46:58.870811+00:00 tilloGPT-hermes kernel: usbcore: registered new interface driver usb-storage
2026-07-17T12:46:58.870812+00:00 tilloGPT-hermes kernel: scsi host6: uas
2026-07-17T12:46:58.870813+00:00 tilloGPT-hermes kernel: usbcore: registered new interface driver uas
2026-07-17T12:46:58.870819+00:00 tilloGPT-hermes kernel: scsi 6:0:0:0: Direct-Access     Saichi G 800 NVME 2TB     1.01 PQ: 0 ANSI: 6
2026-07-17T12:46:58.870820+00:00 tilloGPT-hermes kernel: sd 6:0:0:0: Attached scsi generic sg3 type 0
2026-07-17T12:46:58.870821+00:00 tilloGPT-hermes kernel: sd 6:0:0:0: [sdd] 4000797360 512-byte logical blocks: (2.05 TB/1.86 TiB)
2026-07-17T12:46:58.870822+00:00 tilloGPT-hermes kernel: sd 6:0:0:0: [sdd] Write Protect is off
2026-07-17T12:46:58.870824+00:00 tilloGPT-hermes kernel: sd 6:0:0:0: [sdd] Mode Sense: 37 00 00 08
2026-07-17T12:46:58.870956+00:00 tilloGPT-hermes kernel: sd 6:0:0:0: [sdd] Write cache: enabled, read cache: enabled, doesn't support DPO or FUA
2026-07-17T12:46:58.871015+00:00 tilloGPT-hermes kernel: sd 6:0:0:0: [sdd] Preferred minimum I/O size 512 bytes
2026-07-17T12:46:58.871022+00:00 tilloGPT-hermes kernel: sd 6:0:0:0: [sdd] Optimal transfer size 33553920 bytes
2026-07-17T12:46:58.871024+00:00 tilloGPT-hermes kernel:  sdd: sdd1
2026-07-17T12:46:58.871025+00:00 tilloGPT-hermes kernel: sd 6:0:0:0: [sdd] Attached SCSI disk
2026-07-17T12:46:58.871033+00:00 tilloGPT-hermes kernel: usb 1-4: device descriptor read/64, error -110
2026-07-17T12:46:58.871035+00:00 tilloGPT-hermes kernel: usb 1-4: New USB device found, idVendor=048d, idProduct=04d2, bcdDevice= 1.00
2026-07-17T12:46:58.871037+00:00 tilloGPT-hermes kernel: usb 1-4: New USB device strings: Mfr=1, Product=2, SerialNumber=3
2026-07-17T12:46:58.871038+00:00 tilloGPT-hermes kernel: usb 1-4: Product: UDisk           
2026-07-17T12:46:58.871039+00:00 tilloGPT-hermes kernel: usb 1-4: Manufacturer: General 
2026-07-17T12:46:58.871040+00:00 tilloGPT-hermes kernel: usb 1-4: SerialNumber: 2308201826123733718726
2026-07-17T12:46:58.871043+00:00 tilloGPT-hermes kernel: usb-storage 1-4:1.0: USB Mass Storage device detected
2026-07-17T12:46:58.871044+00:00 tilloGPT-hermes kernel: scsi host7: usb-storage 1-4:1.0
2026-07-17T12:46:58.871045+00:00 tilloGPT-hermes kernel: usb 1-9: new high-speed USB device number 3 using xhci_hcd
2026-07-17T12:46:58.871046+00:00 tilloGPT-hermes kernel: usb 1-9: New USB device found, idVendor=152d, idProduct=0578, bcdDevice= 2.15
2026-07-17T12:46:58.871047+00:00 tilloGPT-hermes kernel: usb 1-9: New USB device strings: Mfr=1, Product=2, SerialNumber=3
2026-07-17T12:46:58.871048+00:00 tilloGPT-hermes kernel: usb 1-9: Product: MING
2026-07-17T12:46:58.871049+00:00 tilloGPT-hermes kernel: usb 1-9: Manufacturer: JMicron
2026-07-17T12:46:58.871053+00:00 tilloGPT-hermes kernel: usb 1-9: SerialNumber: 740100010214
2026-07-17T12:46:58.871054+00:00 tilloGPT-hermes kernel: scsi host8: uas
2026-07-17T12:46:58.871069+00:00 tilloGPT-hermes kernel: scsi 8:0:0:0: Direct-Access     WDC WD40 EZRZ-00WN9B0     0215 PQ: 0 ANSI: 6
2026-07-17T12:46:58.871071+00:00 tilloGPT-hermes kernel: sd 8:0:0:0: Attached scsi generic sg4 type 0
2026-07-17T12:46:58.871072+00:00 tilloGPT-hermes kernel: usb 1-12: new low-speed USB device number 4 using xhci_hcd
2026-07-17T12:46:58.871074+00:00 tilloGPT-hermes kernel: usb 1-12: New USB device found, idVendor=c0f4, idProduct=01e0, bcdDevice= 1.10
2026-07-17T12:46:58.871075+00:00 tilloGPT-hermes kernel: usb 1-12: New USB device strings: Mfr=1, Product=2, SerialNumber=0
2026-07-17T12:46:58.871076+00:00 tilloGPT-hermes kernel: usb 1-12: Product: usb keyboard
2026-07-17T12:46:58.871083+00:00 tilloGPT-hermes kernel: usb 1-12: Manufacturer: USB
2026-07-17T12:46:58.871085+00:00 tilloGPT-hermes kernel: usb 1-13: new high-speed USB device number 5 using xhci_hcd
2026-07-17T12:46:58.871088+00:00 tilloGPT-hermes kernel: usb 1-13: New USB device found, idVendor=05e3, idProduct=0608, bcdDevice=88.32
2026-07-17T12:46:58.871089+00:00 tilloGPT-hermes kernel: usb 1-13: New USB device strings: Mfr=0, Product=1, SerialNumber=0
2026-07-17T12:46:58.871090+00:00 tilloGPT-hermes kernel: usb 1-13: Product: USB2.0 Hub
2026-07-17T12:46:58.871092+00:00 tilloGPT-hermes kernel: hub 1-13:1.0: USB hub found
2026-07-17T12:46:58.871093+00:00 tilloGPT-hermes kernel: hub 1-13:1.0: 4 ports detected
2026-07-17T12:46:58.871102+00:00 tilloGPT-hermes kernel: scsi 7:0:0:0: Direct-Access     General  UDisk            5.00 PQ: 0 ANSI: 2
2026-07-17T12:46:58.871103+00:00 tilloGPT-hermes kernel: sd 7:0:0:0: Attached scsi generic sg5 type 0
2026-07-17T12:46:58.871104+00:00 tilloGPT-hermes kernel: workqueue: drm_fb_helper_damage_work hogged CPU for >10000us 64 times, consider switching to WQ_UNBOUND
2026-07-17T12:46:58.871106+00:00 tilloGPT-hermes kernel: usb 1-14: new full-speed USB device number 6 using xhci_hcd
2026-07-17T12:46:58.871108+00:00 tilloGPT-hermes kernel: sd 7:0:0:0: [sdf] 122880000 512-byte logical blocks: (62.9 GB/58.6 GiB)
2026-07-17T12:46:58.871109+00:00 tilloGPT-hermes kernel: sd 7:0:0:0: [sdf] Write Protect is off
2026-07-17T12:46:58.871115+00:00 tilloGPT-hermes kernel: sd 7:0:0:0: [sdf] Mode Sense: 0b 00 00 08
2026-07-17T12:46:58.871117+00:00 tilloGPT-hermes kernel: sd 7:0:0:0: [sdf] No Caching mode page found
2026-07-17T12:46:58.871118+00:00 tilloGPT-hermes kernel: sd 7:0:0:0: [sdf] Assuming drive cache: write through
2026-07-17T12:46:58.871121+00:00 tilloGPT-hermes kernel:  sdf: sdf1 sdf2 sdf3 sdf4
2026-07-17T12:46:58.871122+00:00 tilloGPT-hermes kernel: sd 7:0:0:0: [sdf] Attached SCSI removable disk
2026-07-17T12:46:58.871124+00:00 tilloGPT-hermes kernel: usb 1-14: New USB device found, idVendor=1462, idProduct=7b94, bcdDevice= 0.01
2026-07-17T12:46:58.871130+00:00 tilloGPT-hermes kernel: usb 1-14: New USB device strings: Mfr=1, Product=2, SerialNumber=3
2026-07-17T12:46:58.871132+00:00 tilloGPT-hermes kernel: usb 1-14: Product: MYSTIC LIGHT 
2026-07-17T12:46:58.871133+00:00 tilloGPT-hermes kernel: usb 1-14: Manufacturer: MSI
2026-07-17T12:46:58.871137+00:00 tilloGPT-hermes kernel: usb 1-14: SerialNumber: A02019090302
2026-07-17T12:46:58.871138+00:00 tilloGPT-hermes kernel: hid: raw HID events driver (C) Jiri Kosina
2026-07-17T12:46:58.871139+00:00 tilloGPT-hermes kernel: sd 8:0:0:0: [sde] 7814037168 512-byte logical blocks: (4.00 TB/3.64 TiB)
2026-07-17T12:46:58.871140+00:00 tilloGPT-hermes kernel: sd 8:0:0:0: [sde] 4096-byte physical blocks
2026-07-17T12:46:58.871149+00:00 tilloGPT-hermes kernel: sd 8:0:0:0: [sde] Write Protect is off
2026-07-17T12:46:58.871150+00:00 tilloGPT-hermes kernel: sd 8:0:0:0: [sde] Mode Sense: 5f 00 00 08
2026-07-17T12:46:58.871151+00:00 tilloGPT-hermes kernel: sd 8:0:0:0: [sde] Disabling FUA
2026-07-17T12:46:58.871152+00:00 tilloGPT-hermes kernel: sd 8:0:0:0: [sde] Write cache: enabled, read cache: enabled, doesn't support DPO or FUA
2026-07-17T12:46:58.871153+00:00 tilloGPT-hermes kernel: sd 8:0:0:0: [sde] Preferred minimum I/O size 4096 bytes
2026-07-17T12:46:58.871155+00:00 tilloGPT-hermes kernel: sd 8:0:0:0: [sde] Optimal transfer size 33553920 bytes not a multiple of preferred minimum block size (4096 bytes)
2026-07-17T12:46:58.871161+00:00 tilloGPT-hermes kernel:  sde: sde1
2026-07-17T12:46:58.871163+00:00 tilloGPT-hermes kernel: sd 8:0:0:0: [sde] Attached SCSI disk
2026-07-17T12:46:58.871166+00:00 tilloGPT-hermes kernel: usbcore: registered new interface driver usbhid
2026-07-17T12:46:58.871167+00:00 tilloGPT-hermes kernel: usbhid: USB HID core driver
2026-07-17T12:46:58.871168+00:00 tilloGPT-hermes kernel: input: USB usb keyboard as /devices/pci0000:00/0000:00:14.0/usb1/1-12/1-12:1.0/0003:C0F4:01E0.0001/input/input2
2026-07-17T12:46:58.871169+00:00 tilloGPT-hermes kernel: hid-generic 0003:C0F4:01E0.0001: input,hidraw0: USB HID v1.10 Keyboard [USB usb keyboard] on usb-0000:00:14.0-12/input0
2026-07-17T12:46:58.871178+00:00 tilloGPT-hermes kernel: input: USB usb keyboard Consumer Control as /devices/pci0000:00/0000:00:14.0/usb1/1-12/1-12:1.1/0003:C0F4:01E0.0002/input/input3
2026-07-17T12:46:58.871183+00:00 tilloGPT-hermes kernel: input: USB usb keyboard System Control as /devices/pci0000:00/0000:00:14.0/usb1/1-12/1-12:1.1/0003:C0F4:01E0.0002/input/input4
2026-07-17T12:46:58.871185+00:00 tilloGPT-hermes kernel: hid-generic 0003:C0F4:01E0.0002: input,hidraw1: USB HID v1.10 Device [USB usb keyboard] on usb-0000:00:14.0-12/input1
2026-07-17T12:46:58.871186+00:00 tilloGPT-hermes kernel: input: MSI MYSTIC LIGHT  as /devices/pci0000:00/0000:00:14.0/usb1/1-14/1-14:1.0/0003:1462:7B94.0003/input/input5
2026-07-17T12:46:58.871188+00:00 tilloGPT-hermes kernel: hid-generic 0003:1462:7B94.0003: input,hiddev0,hidraw2: USB HID v1.10 Device [MSI MYSTIC LIGHT ] on usb-0000:00:14.0-14/input0
2026-07-17T12:46:58.871195+00:00 tilloGPT-hermes kernel: raid6: avx512x4 gen() 35980 MB/s
2026-07-17T12:46:58.871197+00:00 tilloGPT-hermes kernel: raid6: avx512x2 gen() 39704 MB/s
2026-07-17T12:46:58.871198+00:00 tilloGPT-hermes kernel: raid6: avx512x1 gen() 43362 MB/s
2026-07-17T12:46:58.871199+00:00 tilloGPT-hermes kernel: raid6: avx2x4   gen() 41566 MB/s
2026-07-17T12:46:58.871201+00:00 tilloGPT-hermes kernel: raid6: avx2x2   gen() 40880 MB/s
2026-07-17T12:46:58.871202+00:00 tilloGPT-hermes kernel: raid6: avx2x1   gen() 34003 MB/s
2026-07-17T12:46:58.871210+00:00 tilloGPT-hermes kernel: raid6: using algorithm avx512x1 gen() 43362 MB/s
2026-07-17T12:46:58.871211+00:00 tilloGPT-hermes kernel: raid6: .... xor() 31990 MB/s, rmw enabled
2026-07-17T12:46:58.871213+00:00 tilloGPT-hermes kernel: raid6: using avx512x2 recovery algorithm
2026-07-17T12:46:58.871214+00:00 tilloGPT-hermes kernel: xor: automatically using best checksumming function   avx       
2026-07-17T12:46:58.871215+00:00 tilloGPT-hermes kernel: async_tx: api initialized (async)
2026-07-17T12:46:58.871216+00:00 tilloGPT-hermes kernel: Btrfs loaded, zoned=yes, fsverity=yes
2026-07-17T12:46:58.871218+00:00 tilloGPT-hermes kernel: EXT4-fs (sdc4): mounted filesystem 5121ab6c-4335-442d-b2d0-7e8ab6140065 ro with ordered data mode. Quota mode: none.
2026-07-17T12:46:58.871442+00:00 tilloGPT-hermes kernel: pstore: Using crash dump compression: deflate
2026-07-17T12:46:58.871469+00:00 tilloGPT-hermes kernel: pstore: Registered efi_pstore as persistent store backend
2026-07-17T12:46:58.871521+00:00 tilloGPT-hermes kernel: EXT4-fs (sdc4): re-mounted 5121ab6c-4335-442d-b2d0-7e8ab6140065 r/w.
2026-07-17T12:46:58.871542+00:00 tilloGPT-hermes kernel: Adding 8388604k swap on /swap.img.  Priority:-2 extents:62 across:68943872k SS
2026-07-17T12:46:58.872036+00:00 tilloGPT-hermes kernel: e1000e 0000:00:1f.6 ai-rig-lan: renamed from eno1
2026-07-17T12:46:58.872037+00:00 tilloGPT-hermes kernel: dca service started, version 1.12.1
2026-07-17T12:46:58.872037+00:00 tilloGPT-hermes kernel: ioatdma: Intel(R) QuickData Technology Driver 5.00
2026-07-17T12:46:58.872047+00:00 tilloGPT-hermes kernel: ioatdma 0000:00:04.0: enabling device (0004 -> 0006)
2026-07-17T12:46:58.872047+00:00 tilloGPT-hermes kernel: nvidia-gpu 0000:03:00.3: enabling device (0000 -> 0002)
2026-07-17T12:46:58.872048+00:00 tilloGPT-hermes kernel: i801_smbus 0000:00:1f.4: SMBus using PCI interrupt
2026-07-17T12:46:58.872048+00:00 tilloGPT-hermes kernel: mei_me 0000:00:16.0: enabling device (0004 -> 0006)
2026-07-17T12:46:58.872049+00:00 tilloGPT-hermes kernel: nvidia-gpu 0000:06:00.3: enabling device (0000 -> 0002)
2026-07-17T12:46:58.872049+00:00 tilloGPT-hermes kernel: ioatdma 0000:00:04.1: enabling device (0004 -> 0006)
2026-07-17T12:46:58.872050+00:00 tilloGPT-hermes kernel: nvidia-gpu 0000:b3:00.3: enabling device (0100 -> 0102)
2026-07-17T12:46:58.872050+00:00 tilloGPT-hermes kernel: i2c i2c-0: 4/8 memory slots populated (from DMI)
2026-07-17T12:46:58.872050+00:00 tilloGPT-hermes kernel: ioatdma 0000:00:04.2: enabling device (0004 -> 0006)
2026-07-17T12:46:58.872051+00:00 tilloGPT-hermes kernel: i2c i2c-0: Successfully instantiated SPD at 0x51
2026-07-17T12:46:58.872051+00:00 tilloGPT-hermes kernel: RAPL PMU: API unit is 2^-32 Joules, 2 fixed counters, 655360 ms ovfl timer
2026-07-17T12:46:58.872052+00:00 tilloGPT-hermes kernel: RAPL PMU: hw unit of domain package 2^-14 Joules
2026-07-17T12:46:58.872052+00:00 tilloGPT-hermes kernel: RAPL PMU: hw unit of domain dram 2^-16 Joules
2026-07-17T12:46:58.872053+00:00 tilloGPT-hermes kernel: ioatdma 0000:00:04.3: enabling device (0004 -> 0006)
2026-07-17T12:46:58.872053+00:00 tilloGPT-hermes kernel: ioatdma 0000:00:04.4: enabling device (0004 -> 0006)
2026-07-17T12:46:58.872053+00:00 tilloGPT-hermes kernel: ioatdma 0000:00:04.5: enabling device (0004 -> 0006)
2026-07-17T12:46:58.872054+00:00 tilloGPT-hermes kernel: ioatdma 0000:00:04.6: enabling device (0004 -> 0006)
2026-07-17T12:46:58.872054+00:00 tilloGPT-hermes kernel: ioatdma 0000:00:04.7: enabling device (0004 -> 0006)
2026-07-17T12:46:58.872055+00:00 tilloGPT-hermes kernel: ee1004 0-0051: Failed to select page 0 (-6)
2026-07-17T12:46:58.872055+00:00 tilloGPT-hermes kernel: ee1004 0-0051: 512 byte EE1004-compliant SPD EEPROM, read-only
2026-07-17T12:46:58.872056+00:00 tilloGPT-hermes kernel: snd_hda_intel 0000:03:00.1: enabling device (0000 -> 0002)
2026-07-17T12:46:58.872056+00:00 tilloGPT-hermes kernel: snd_hda_intel 0000:03:00.1: Disabling MSI
2026-07-17T12:46:58.872056+00:00 tilloGPT-hermes kernel: snd_hda_intel 0000:03:00.1: Handle vga_switcheroo audio client
2026-07-17T12:46:58.872057+00:00 tilloGPT-hermes kernel: snd_hda_intel 0000:06:00.1: enabling device (0000 -> 0002)
2026-07-17T12:46:58.872057+00:00 tilloGPT-hermes kernel: snd_hda_intel 0000:06:00.1: Disabling MSI
2026-07-17T12:46:58.872058+00:00 tilloGPT-hermes kernel: snd_hda_intel 0000:06:00.1: Handle vga_switcheroo audio client
2026-07-17T12:46:58.872058+00:00 tilloGPT-hermes kernel: snd_hda_intel 0000:17:00.1: enabling device (0100 -> 0102)
2026-07-17T12:46:58.872058+00:00 tilloGPT-hermes kernel: snd_hda_intel 0000:17:00.1: Disabling MSI
2026-07-17T12:46:58.872059+00:00 tilloGPT-hermes kernel: snd_hda_intel 0000:17:00.1: Handle vga_switcheroo audio client
2026-07-17T12:46:58.872059+00:00 tilloGPT-hermes kernel: snd_hda_intel 0000:65:00.1: enabling device (0100 -> 0102)
2026-07-17T12:46:58.872060+00:00 tilloGPT-hermes kernel: snd_hda_intel 0000:65:00.1: Disabling MSI
2026-07-17T12:46:58.872060+00:00 tilloGPT-hermes kernel: snd_hda_intel 0000:65:00.1: Handle vga_switcheroo audio client
2026-07-17T12:46:58.872061+00:00 tilloGPT-hermes kernel: snd_hda_intel 0000:66:00.1: enabling device (0100 -> 0102)
2026-07-17T12:46:58.872061+00:00 tilloGPT-hermes kernel: snd_hda_intel 0000:66:00.1: Disabling MSI
2026-07-17T12:46:58.872069+00:00 tilloGPT-hermes kernel: snd_hda_intel 0000:66:00.1: Handle vga_switcheroo audio client
2026-07-17T12:46:58.872070+00:00 tilloGPT-hermes kernel: snd_hda_intel 0000:b3:00.1: enabling device (0100 -> 0102)
2026-07-17T12:46:58.872070+00:00 tilloGPT-hermes kernel: snd_hda_intel 0000:b3:00.1: Disabling MSI
2026-07-17T12:46:58.872072+00:00 tilloGPT-hermes kernel: snd_hda_intel 0000:b3:00.1: Handle vga_switcheroo audio client
2026-07-17T12:46:58.872072+00:00 tilloGPT-hermes kernel: snd_hda_intel 0000:b4:00.1: enabling device (0100 -> 0102)
2026-07-17T12:46:58.872074+00:00 tilloGPT-hermes kernel: snd_hda_intel 0000:b4:00.1: Disabling MSI
2026-07-17T12:46:58.872074+00:00 tilloGPT-hermes kernel: snd_hda_intel 0000:b4:00.1: Handle vga_switcheroo audio client
2026-07-17T12:46:58.872075+00:00 tilloGPT-hermes kernel: EXT4-fs (sdc3): mounted filesystem 8523d3ce-2ffa-461e-aeb6-35bdc750b407 r/w with ordered data mode. Quota mode: none.
2026-07-17T12:46:58.872075+00:00 tilloGPT-hermes kernel: EDAC skx: ECC is disabled on imc 0
2026-07-17T12:46:58.872076+00:00 tilloGPT-hermes kernel: audit: type=1400 audit(1784292409.429:2): apparmor="STATUS" operation="profile_load" profile="unconfined" name="flatpak" pid=1035 comm="apparmor_parser"
2026-07-17T12:46:58.872076+00:00 tilloGPT-hermes kernel: audit: type=1400 audit(1784292409.429:3): apparmor="STATUS" operation="profile_load" profile="unconfined" name="crun" pid=1029 comm="apparmor_parser"
2026-07-17T12:46:58.872077+00:00 tilloGPT-hermes kernel: audit: type=1400 audit(1784292409.429:4): apparmor="STATUS" operation="profile_load" profile="unconfined" name="ch-run" pid=1026 comm="apparmor_parser"
2026-07-17T12:46:58.872077+00:00 tilloGPT-hermes kernel: audit: type=1400 audit(1784292409.429:5): apparmor="STATUS" operation="profile_load" profile="unconfined" name="brave" pid=1021 comm="apparmor_parser"
2026-07-17T12:46:58.872078+00:00 tilloGPT-hermes kernel: audit: type=1400 audit(1784292409.429:6): apparmor="STATUS" operation="profile_load" profile="unconfined" name="cam" pid=1024 comm="apparmor_parser"
2026-07-17T12:46:58.872079+00:00 tilloGPT-hermes kernel: audit: type=1400 audit(1784292409.429:7): apparmor="STATUS" operation="profile_load" profile="unconfined" name="vscode" pid=1028 comm="apparmor_parser"
2026-07-17T12:46:58.872079+00:00 tilloGPT-hermes kernel: audit: type=1400 audit(1784292409.429:8): apparmor="STATUS" operation="profile_load" profile="unconfined" name="element-desktop" pid=1031 comm="apparmor_parser"
2026-07-17T12:46:58.872087+00:00 tilloGPT-hermes kernel: audit: type=1400 audit(1784292409.429:9): apparmor="STATUS" operation="profile_load" profile="unconfined" name=4D6F6E676F444220436F6D70617373 pid=1018 comm="apparmor_parser"
2026-07-17T12:46:58.872087+00:00 tilloGPT-hermes kernel: audit: type=1400 audit(1784292409.429:10): apparmor="STATUS" operation="profile_load" profile="unconfined" name="balena-etcher" pid=1020 comm="apparmor_parser"
2026-07-17T12:46:58.872088+00:00 tilloGPT-hermes kernel: audit: type=1400 audit(1784292409.429:11): apparmor="STATUS" operation="profile_load" profile="unconfined" name="Discord" pid=1017 comm="apparmor_parser"
2026-07-17T12:46:58.872089+00:00 tilloGPT-hermes kernel: input: HDA NVidia HDMI/DP,pcm=3 as /devices/pci0000:b2/0000:b2:02.0/0000:b4:00.1/sound/card6/input10
2026-07-17T12:46:58.872089+00:00 tilloGPT-hermes kernel: input: HDA NVidia HDMI/DP,pcm=7 as /devices/pci0000:b2/0000:b2:02.0/0000:b4:00.1/sound/card6/input11
2026-07-17T12:46:58.872094+00:00 tilloGPT-hermes kernel: input: HDA NVidia HDMI/DP,pcm=8 as /devices/pci0000:b2/0000:b2:02.0/0000:b4:00.1/sound/card6/input12
2026-07-17T12:46:58.872095+00:00 tilloGPT-hermes kernel: input: HDA NVidia HDMI/DP,pcm=9 as /devices/pci0000:b2/0000:b2:02.0/0000:b4:00.1/sound/card6/input13
2026-07-17T12:46:58.872095+00:00 tilloGPT-hermes kernel: input: HDA NVidia HDMI/DP,pcm=3 as /devices/pci0000:00/0000:00:1d.0/0000:06:00.1/sound/card1/input30
2026-07-17T12:46:58.872095+00:00 tilloGPT-hermes kernel: input: HDA NVidia HDMI/DP,pcm=3 as /devices/pci0000:16/0000:16:00.0/0000:17:00.1/sound/card2/input14
2026-07-17T12:46:58.872096+00:00 tilloGPT-hermes kernel: input: HDA NVidia HDMI/DP,pcm=7 as /devices/pci0000:16/0000:16:00.0/0000:17:00.1/sound/card2/input15
2026-07-17T12:46:58.872096+00:00 tilloGPT-hermes kernel: input: HDA NVidia HDMI/DP,pcm=8 as /devices/pci0000:16/0000:16:00.0/0000:17:00.1/sound/card2/input16
2026-07-17T12:46:58.872097+00:00 tilloGPT-hermes kernel: input: HDA NVidia HDMI/DP,pcm=3 as /devices/pci0000:64/0000:64:00.0/0000:65:00.1/sound/card3/input18
2026-07-17T12:46:58.872099+00:00 tilloGPT-hermes kernel: input: HDA NVidia HDMI/DP,pcm=9 as /devices/pci0000:16/0000:16:00.0/0000:17:00.1/sound/card2/input17
2026-07-17T12:46:58.872099+00:00 tilloGPT-hermes kernel: input: HDA NVidia HDMI/DP,pcm=7 as /devices/pci0000:64/0000:64:00.0/0000:65:00.1/sound/card3/input19
2026-07-17T12:46:58.872099+00:00 tilloGPT-hermes kernel: input: HDA NVidia HDMI/DP,pcm=8 as /devices/pci0000:64/0000:64:00.0/0000:65:00.1/sound/card3/input20
2026-07-17T12:46:58.872100+00:00 tilloGPT-hermes kernel: input: HDA NVidia HDMI/DP,pcm=9 as /devices/pci0000:64/0000:64:00.0/0000:65:00.1/sound/card3/input21
2026-07-17T12:46:58.872100+00:00 tilloGPT-hermes kernel: input: HDA NVidia HDMI/DP,pcm=3 as /devices/pci0000:b2/0000:b2:00.0/0000:b3:00.1/sound/card5/input6
2026-07-17T12:46:58.872101+00:00 tilloGPT-hermes kernel: input: HDA NVidia HDMI/DP,pcm=7 as /devices/pci0000:b2/0000:b2:00.0/0000:b3:00.1/sound/card5/input7
2026-07-17T12:46:58.872101+00:00 tilloGPT-hermes kernel: input: HDA NVidia HDMI/DP,pcm=8 as /devices/pci0000:b2/0000:b2:00.0/0000:b3:00.1/sound/card5/input8
2026-07-17T12:46:58.872102+00:00 tilloGPT-hermes kernel: input: HDA NVidia HDMI/DP,pcm=7 as /devices/pci0000:00/0000:00:1d.0/0000:06:00.1/sound/card1/input31
2026-07-17T12:46:58.872102+00:00 tilloGPT-hermes kernel: input: HDA NVidia HDMI/DP,pcm=9 as /devices/pci0000:b2/0000:b2:00.0/0000:b3:00.1/sound/card5/input9
2026-07-17T12:46:58.872102+00:00 tilloGPT-hermes kernel: input: HDA NVidia HDMI/DP,pcm=3 as /devices/pci0000:64/0000:64:02.0/0000:66:00.1/sound/card4/input22
2026-07-17T12:46:58.872103+00:00 tilloGPT-hermes kernel: input: HDA NVidia HDMI/DP,pcm=8 as /devices/pci0000:00/0000:00:1d.0/0000:06:00.1/sound/card1/input32
2026-07-17T12:46:58.872103+00:00 tilloGPT-hermes kernel: input: HDA NVidia HDMI/DP,pcm=3 as /devices/pci0000:00/0000:00:1b.4/0000:03:00.1/sound/card0/input26
2026-07-17T12:46:58.872122+00:00 tilloGPT-hermes kernel: input: HDA NVidia HDMI/DP,pcm=7 as /devices/pci0000:64/0000:64:02.0/0000:66:00.1/sound/card4/input23
2026-07-17T12:46:58.872123+00:00 tilloGPT-hermes kernel: input: HDA NVidia HDMI/DP,pcm=9 as /devices/pci0000:00/0000:00:1d.0/0000:06:00.1/sound/card1/input33
2026-07-17T12:46:58.872124+00:00 tilloGPT-hermes kernel: input: HDA NVidia HDMI/DP,pcm=7 as /devices/pci0000:00/0000:00:1b.4/0000:03:00.1/sound/card0/input27
2026-07-17T12:46:58.872125+00:00 tilloGPT-hermes kernel: input: HDA NVidia HDMI/DP,pcm=8 as /devices/pci0000:00/0000:00:1b.4/0000:03:00.1/sound/card0/input28
2026-07-17T12:46:58.872126+00:00 tilloGPT-hermes kernel: input: HDA NVidia HDMI/DP,pcm=8 as /devices/pci0000:64/0000:64:02.0/0000:66:00.1/sound/card4/input24
2026-07-17T12:46:58.872126+00:00 tilloGPT-hermes kernel: input: HDA NVidia HDMI/DP,pcm=9 as /devices/pci0000:00/0000:00:1b.4/0000:03:00.1/sound/card0/input29
2026-07-17T12:46:58.872127+00:00 tilloGPT-hermes kernel: input: HDA NVidia HDMI/DP,pcm=9 as /devices/pci0000:64/0000:64:02.0/0000:66:00.1/sound/card4/input25
2026-07-17T12:46:58.872127+00:00 tilloGPT-hermes kernel: intel_rapl_common: Found RAPL domain package
2026-07-17T12:46:58.872127+00:00 tilloGPT-hermes kernel: intel_rapl_common: Found RAPL domain dram
2026-07-17T12:46:58.872128+00:00 tilloGPT-hermes kernel: intel_rapl_common: package-0:dram:long_term locked by BIOS
2026-07-17T12:46:58.872129+00:00 tilloGPT-hermes kernel: workqueue: drm_fb_helper_damage_work hogged CPU for >10000us 128 times, consider switching to WQ_UNBOUND
2026-07-17T12:46:58.872129+00:00 tilloGPT-hermes kernel: nvidia-gpu 0000:03:00.3: i2c timeout error e0000000
2026-07-17T12:46:58.872129+00:00 tilloGPT-hermes kernel: ucsi_ccg 1-0008: i2c_transfer failed -110
2026-07-17T12:46:58.872130+00:00 tilloGPT-hermes kernel: ucsi_ccg 1-0008: ucsi_ccg_init failed - -110
2026-07-17T12:46:58.872130+00:00 tilloGPT-hermes kernel: ucsi_ccg: probe of 1-0008 failed with error -110
2026-07-17T12:46:58.872131+00:00 tilloGPT-hermes kernel: cfg80211: Loading compiled-in X.509 certificates for regulatory database
2026-07-17T12:46:58.872131+00:00 tilloGPT-hermes kernel: Loaded X.509 cert 'sforshee: 00b28ddf47aef9cea7'
2026-07-17T12:46:58.872132+00:00 tilloGPT-hermes kernel: Loaded X.509 cert 'wens: 61c038651aabdcf94bd0ac7ff06c7248db18c600'
2026-07-17T12:46:58.872133+00:00 tilloGPT-hermes kernel: nvidia-gpu 0000:06:00.3: i2c timeout error e0000000
2026-07-17T12:46:58.872134+00:00 tilloGPT-hermes kernel: ucsi_ccg 2-0008: i2c_transfer failed -110
2026-07-17T12:46:58.872134+00:00 tilloGPT-hermes kernel: ucsi_ccg 2-0008: ucsi_ccg_init failed - -110
2026-07-17T12:46:58.872139+00:00 tilloGPT-hermes kernel: ucsi_ccg: probe of 2-0008 failed with error -110
2026-07-17T12:46:58.872140+00:00 tilloGPT-hermes kernel: nvidia-gpu 0000:b3:00.3: i2c timeout error e0000000
2026-07-17T12:46:58.872140+00:00 tilloGPT-hermes kernel: ucsi_ccg 3-0008: i2c_transfer failed -110
2026-07-17T12:46:58.872140+00:00 tilloGPT-hermes kernel: ucsi_ccg 3-0008: ucsi_ccg_init failed - -110
2026-07-17T12:46:58.872141+00:00 tilloGPT-hermes kernel: ucsi_ccg: probe of 3-0008 failed with error -110
2026-07-17T12:46:58.872141+00:00 tilloGPT-hermes kernel: e1000e 0000:00:1f.6 ai-rig-lan: NIC Link is Up 1000 Mbps Full Duplex, Flow Control: None
2026-07-17T12:46:58.872142+00:00 tilloGPT-hermes kernel: kauditd_printk_skb: 109 callbacks suppressed
2026-07-17T12:46:58.872142+00:00 tilloGPT-hermes kernel: audit: type=1400 audit(1784292417.494:121): apparmor="STATUS" operation="profile_replace" info="same as current profile, skipping" profile="unconfined" name="rsyslogd" pid=1315 comm="apparmor_parser"
2026-07-17T12:46:58.872144+00:00 tilloGPT-hermes kernel: loop0: detected capacity change from 0 to 8
2026-07-17T12:46:58.872145+00:00 tilloGPT-hermes kernel: audit: type=1400 audit(1784292417.855:122): apparmor="STATUS" operation="profile_replace" profile="unconfined" name="/usr/lib/snapd/snap-confine" pid=1620 comm="apparmor_parser"
2026-07-17T12:46:58.872145+00:00 tilloGPT-hermes kernel: audit: type=1400 audit(1784292417.861:123): apparmor="STATUS" operation="profile_replace" profile="unconfined" name="/usr/lib/snapd/snap-confine//mount-namespace-capture-helper" pid=1620 comm="apparmor_parser"
2026-07-17T12:46:59.002050+00:00 tilloGPT-hermes kernel: NET: Registered PF_QIPCRTR protocol family
2026-07-17T12:46:59.610092+00:00 tilloGPT-hermes kernel: audit: type=1400 audit(1784292419.608:124): apparmor="STATUS" operation="profile_load" profile="unconfined" name="docker-default" pid=1875 comm="apparmor_parser"
2026-07-17T12:46:59.807041+00:00 tilloGPT-hermes kernel: Initializing XFRM netlink socket
2026-07-17T12:46:59.823040+00:00 tilloGPT-hermes kernel: bridge: filtering via arp/ip/ip6tables is no longer available by default. Update your scripts to load br_netfilter if you need this.
2026-07-17T12:54:22.181121+00:00 tilloGPT-hermes kernel: EXT4-fs (sde1): orphan cleanup on readonly fs
2026-07-17T12:54:22.182064+00:00 tilloGPT-hermes kernel: EXT4-fs (sde1): mounted filesystem e7031587-f6dd-41db-918a-0527f1414e82 ro with ordered data mode. Quota mode: none.
2026-07-17T13:25:47.491131+00:00 tilloGPT-hermes kernel: usb 1-12: USB disconnect, device number 4
2026-07-17T13:25:48.155126+00:00 tilloGPT-hermes kernel: usb 1-12: new full-speed USB device number 7 using xhci_hcd
2026-07-17T13:25:48.478122+00:00 tilloGPT-hermes kernel: usb 1-12: device descriptor read/64, error -71
2026-07-17T13:25:48.902080+00:00 tilloGPT-hermes kernel: usb 1-12: device descriptor read/64, error -71
2026-07-17T13:25:49.124072+00:00 tilloGPT-hermes kernel: usb 1-12: new full-speed USB device number 8 using xhci_hcd
2026-07-17T13:25:49.446123+00:00 tilloGPT-hermes kernel: usb 1-12: device descriptor read/64, error -71
2026-07-17T13:25:49.870200+00:00 tilloGPT-hermes kernel: usb 1-12: device descriptor read/64, error -71
2026-07-17T13:25:49.978200+00:00 tilloGPT-hermes kernel: usb usb1-port12: attempt power cycle
2026-07-17T13:25:50.358127+00:00 tilloGPT-hermes kernel: usb 1-12: new full-speed USB device number 9 using xhci_hcd
2026-07-17T13:25:50.358151+00:00 tilloGPT-hermes kernel: usb 1-12: Device not responding to setup address.
2026-07-17T13:25:50.562199+00:00 tilloGPT-hermes kernel: usb 1-12: Device not responding to setup address.
2026-07-17T13:25:50.770203+00:00 tilloGPT-hermes kernel: usb 1-12: device not accepting address 9, error -71
2026-07-17T13:25:50.770226+00:00 tilloGPT-hermes kernel: usb 1-12: WARN: invalid context state for evaluate context command.
2026-07-17T13:25:50.884201+00:00 tilloGPT-hermes kernel: usb 1-12: new full-speed USB device number 10 using xhci_hcd
2026-07-17T13:25:50.884223+00:00 tilloGPT-hermes kernel: usb 1-12: Device not responding to setup address.
2026-07-17T13:25:51.090123+00:00 tilloGPT-hermes kernel: usb 1-12: Device not responding to setup address.
2026-07-17T13:25:51.298130+00:00 tilloGPT-hermes kernel: usb 1-12: device not accepting address 10, error -71
2026-07-17T13:25:51.298156+00:00 tilloGPT-hermes kernel: usb 1-12: WARN: invalid context state for evaluate context command.
2026-07-17T13:25:51.298158+00:00 tilloGPT-hermes kernel: usb usb1-port12: unable to enumerate USB device
2026-07-17T13:31:15.203126+00:00 tilloGPT-hermes kernel: usb 1-12: new low-speed USB device number 11 using xhci_hcd
2026-07-17T13:31:15.334131+00:00 tilloGPT-hermes kernel: usb 1-12: New USB device found, idVendor=c0f4, idProduct=01e0, bcdDevice= 1.10
2026-07-17T13:31:15.334155+00:00 tilloGPT-hermes kernel: usb 1-12: New USB device strings: Mfr=1, Product=2, SerialNumber=0
2026-07-17T13:31:15.334157+00:00 tilloGPT-hermes kernel: usb 1-12: Product: usb keyboard
2026-07-17T13:31:15.334158+00:00 tilloGPT-hermes kernel: usb 1-12: Manufacturer: USB
2026-07-17T13:31:15.339053+00:00 tilloGPT-hermes kernel: input: USB usb keyboard as /devices/pci0000:00/0000:00:14.0/usb1/1-12/1-12:1.0/0003:C0F4:01E0.0004/input/input34
2026-07-17T13:31:15.409115+00:00 tilloGPT-hermes kernel: hid-generic 0003:C0F4:01E0.0004: input,hidraw0: USB HID v1.10 Keyboard [USB usb keyboard] on usb-0000:00:14.0-12/input0
2026-07-17T13:31:15.411126+00:00 tilloGPT-hermes kernel: input: USB usb keyboard Consumer Control as /devices/pci0000:00/0000:00:14.0/usb1/1-12/1-12:1.1/0003:C0F4:01E0.0005/input/input35
2026-07-17T13:31:15.463118+00:00 tilloGPT-hermes kernel: input: USB usb keyboard System Control as /devices/pci0000:00/0000:00:14.0/usb1/1-12/1-12:1.1/0003:C0F4:01E0.0005/input/input36
2026-07-17T13:31:15.463138+00:00 tilloGPT-hermes kernel: hid-generic 0003:C0F4:01E0.0005: input,hidraw1: USB HID v1.10 Device [USB usb keyboard] on usb-0000:00:14.0-12/input1
2026-07-17T13:33:39.402053+00:00 tilloGPT-hermes kernel: FAT-fs (sd